sale_id,date,store_id,product_id,quantity_sold,unit_price,revenue
1,2024-05-01,1,102,1,4.0,4.0
2,2024-05-01,1,101,1,3.8,3.8
3,2024-05-01,1,106,1,3.2,3.2
4,2024-05-01,1,101,1,3.8,3.8
5,2024-05-01,1,104,1,4.2,4.2
6,2024-05-01,1,108,1,4.5,4.5
7,2024-05-01,1,103,1,3.9,3.9
8,2024-05-01,2,106,1,3.2,3.2
9,2024-05-01,2,101,1,3.8,3.8
10,2024-05-01,2,106,1,3.2,3.2
11,2024-05-01,2,102,1,4.0,4.0
12,2024-05-01,2,108,1,4.5,4.5
13,2024-05-01,2,102,1,4.0,4.0
14,2024-05-01,2,103,1,3.9,3.9
15,2024-05-01,3,108,1,4.5,4.5
16,2024-05-01,3,107,3,3.5,10.5
17,2024-05-01,3,106,1,3.2,3.2
18,2024-05-01,3,105,1,4.1,4.1
19,2024-05-01,3,105,1,4.1,4.1
20,2024-05-01,3,106,1,3.2,3.2
21,2024-05-01,3,103,1,3.9,3.9
22,2024-05-01,3,105,3,4.1,12.3
23,2024-05-01,3,108,1,4.5,4.5
24,2024-05-01,4,106,1,3.2,3.2
25,2024-05-01,4,102,1,4.0,4.0
26,2024-05-01,4,103,2,3.9,7.8
27,2024-05-01,4,103,1,3.9,3.9
28,2024-05-01,4,108,1,4.5,4.5
29,2024-05-01,4,101,1,3.8,3.8
30,2024-05-01,4,105,2,4.1,8.2
31,2024-05-01,4,104,3,4.2,12.6
32,2024-05-01,4,102,1,4.0,4.0
33,2024-05-01,5,106,1,3.2,3.2
34,2024-05-01,5,107,1,3.5,3.5
35,2024-05-01,5,105,1,4.1,4.1
36,2024-05-01,5,109,1,2.2,2.2
37,2024-05-01,5,103,2,3.9,7.8
38,2024-05-01,5,107,1,3.5,3.5
39,2024-05-01,5,105,1,4.1,4.1
40,2024-05-01,6,109,1,2.2,2.2
41,2024-05-01,6,103,1,3.9,3.9
42,2024-05-01,6,108,1,4.5,4.5
43,2024-05-01,6,104,1,4.2,4.2
44,2024-05-01,6,108,2,4.5,9.0
45,2024-05-01,6,107,1,3.5,3.5
46,2024-05-01,6,110,1,3.4,3.4
47,2024-05-01,6,103,2,3.9,7.8
48,2024-05-01,6,102,2,4.0,8.0
49,2024-05-01,7,102,2,4.0,8.0
50,2024-05-01,7,103,2,3.9,7.8
51,2024-05-01,7,104,2,4.2,8.4
52,2024-05-01,7,108,1,4.5,4.5
53,2024-05-01,7,103,1,3.9,3.9
54,2024-05-01,7,105,1,4.1,4.1
55,2024-05-01,7,102,1,4.0,4.0
56,2024-05-01,7,108,1,4.5,4.5
57,2024-05-01,8,106,1,3.2,3.2
58,2024-05-01,8,110,1,3.4,3.4
59,2024-05-01,8,103,1,3.9,3.9
60,2024-05-01,8,105,1,4.1,4.1
61,2024-05-01,8,105,1,4.1,4.1
62,2024-05-01,8,102,1,4.0,4.0
63,2024-05-01,8,104,1,4.2,4.2
64,2024-05-01,9,103,1,3.9,3.9
65,2024-05-01,9,106,1,3.2,3.2
66,2024-05-01,9,104,1,4.2,4.2
67,2024-05-01,9,101,2,3.8,7.6
68,2024-05-01,9,103,1,3.9,3.9
69,2024-05-01,9,108,2,4.5,9.0
70,2024-05-01,9,109,1,2.2,2.2
71,2024-05-01,10,105,2,4.1,8.2
72,2024-05-01,10,101,3,3.8,11.4
73,2024-05-01,10,102,1,4.0,4.0
74,2024-05-01,10,108,3,4.5,13.5
75,2024-05-01,10,108,1,4.5,4.5
76,2024-05-01,10,101,3,3.8,11.4
77,2024-05-01,10,108,1,4.5,4.5
78,2024-05-01,10,101,1,3.8,3.8
79,2024-05-01,10,104,1,4.2,4.2
80,2024-05-01,10,104,1,4.2,4.2
81,2024-05-01,11,106,1,3.2,3.2
82,2024-05-01,11,109,1,2.2,2.2
83,2024-05-01,11,101,1,3.8,3.8
84,2024-05-01,11,108,1,4.5,4.5
85,2024-05-01,11,103,1,3.9,3.9
86,2024-05-01,11,102,1,4.0,4.0
87,2024-05-01,11,107,1,3.5,3.5
88,2024-05-01,12,103,3,3.9,11.7
89,2024-05-01,12,109,1,2.2,2.2
90,2024-05-01,12,104,2,4.2,8.4
91,2024-05-01,12,106,1,3.2,3.2
92,2024-05-01,12,103,1,3.9,3.9
93,2024-05-01,12,108,1,4.5,4.5
94,2024-05-01,12,108,1,4.5,4.5
95,2024-05-02,1,109,1,2.2,2.2
96,2024-05-02,1,108,1,4.5,4.5
97,2024-05-02,1,103,1,3.9,3.9
98,2024-05-02,1,103,1,3.9,3.9
99,2024-05-02,1,102,1,4.0,4.0
100,2024-05-02,1,109,1,2.2,2.2
101,2024-05-02,1,105,1,4.1,4.1
102,2024-05-02,2,108,3,4.5,13.5
103,2024-05-02,2,102,1,4.0,4.0
104,2024-05-02,2,104,1,4.2,4.2
105,2024-05-02,2,109,1,2.2,2.2
106,2024-05-02,2,108,1,4.5,4.5
107,2024-05-02,2,104,1,4.2,4.2
108,2024-05-02,2,106,2,3.2,6.4
109,2024-05-02,2,101,1,3.8,3.8
110,2024-05-02,2,105,3,4.1,12.3
111,2024-05-02,3,109,2,2.2,4.4
112,2024-05-02,3,109,2,2.2,4.4
113,2024-05-02,3,103,2,3.9,7.8
114,2024-05-02,3,107,2,3.5,7.0
115,2024-05-02,3,106,1,3.2,3.2
116,2024-05-02,3,106,1,3.2,3.2
117,2024-05-02,3,102,1,4.0,4.0
118,2024-05-02,3,107,1,3.5,3.5
119,2024-05-02,4,103,1,3.9,3.9
120,2024-05-02,4,101,3,3.8,11.4
121,2024-05-02,4,103,1,3.9,3.9
122,2024-05-02,4,108,1,4.5,4.5
123,2024-05-02,4,102,1,4.0,4.0
124,2024-05-02,4,110,1,3.4,3.4
125,2024-05-02,4,107,1,3.5,3.5
126,2024-05-02,4,103,3,3.9,11.7
127,2024-05-02,5,104,1,4.2,4.2
128,2024-05-02,5,106,1,3.2,3.2
129,2024-05-02,5,108,1,4.5,4.5
130,2024-05-02,5,108,1,4.5,4.5
131,2024-05-02,5,105,1,4.1,4.1
132,2024-05-02,5,106,1,3.2,3.2
133,2024-05-02,5,102,1,4.0,4.0
134,2024-05-02,6,105,1,4.1,4.1
135,2024-05-02,6,103,2,3.9,7.8
136,2024-05-02,6,106,1,3.2,3.2
137,2024-05-02,6,103,2,3.9,7.8
138,2024-05-02,6,101,1,3.8,3.8
139,2024-05-02,6,108,1,4.5,4.5
140,2024-05-02,6,104,1,4.2,4.2
141,2024-05-02,6,108,1,4.5,4.5
142,2024-05-02,6,103,1,3.9,3.9
143,2024-05-02,7,101,1,3.8,3.8
144,2024-05-02,7,101,1,3.8,3.8
145,2024-05-02,7,102,1,4.0,4.0
146,2024-05-02,7,107,1,3.5,3.5
147,2024-05-02,7,106,1,3.2,3.2
148,2024-05-02,7,105,1,4.1,4.1
149,2024-05-02,7,106,2,3.2,6.4
150,2024-05-02,7,106,2,3.2,6.4
151,2024-05-02,7,103,1,3.9,3.9
152,2024-05-02,8,106,1,3.2,3.2
153,2024-05-02,8,108,1,4.5,4.5
154,2024-05-02,8,107,3,3.5,10.5
155,2024-05-02,8,108,2,4.5,9.0
156,2024-05-02,8,107,2,3.5,7.0
157,2024-05-02,8,104,1,4.2,4.2
158,2024-05-02,8,105,2,4.1,8.2
159,2024-05-02,9,108,1,4.5,4.5
160,2024-05-02,9,102,1,4.0,4.0
161,2024-05-02,9,102,1,4.0,4.0
162,2024-05-02,9,106,1,3.2,3.2
163,2024-05-02,9,103,1,3.9,3.9
164,2024-05-02,9,102,1,4.0,4.0
165,2024-05-02,9,105,1,4.1,4.1
166,2024-05-02,9,107,2,3.5,7.0
167,2024-05-02,9,108,1,4.5,4.5
168,2024-05-02,10,105,1,4.1,4.1
169,2024-05-02,10,105,1,4.1,4.1
170,2024-05-02,10,108,2,4.5,9.0
171,2024-05-02,10,105,1,4.1,4.1
172,2024-05-02,10,102,1,4.0,4.0
173,2024-05-02,10,108,1,4.5,4.5
174,2024-05-02,10,104,3,4.2,12.6
175,2024-05-02,10,105,1,4.1,4.1
176,2024-05-02,10,106,1,3.2,3.2
177,2024-05-02,10,102,1,4.0,4.0
178,2024-05-02,11,104,1,4.2,4.2
179,2024-05-02,11,102,1,4.0,4.0
180,2024-05-02,11,110,1,3.4,3.4
181,2024-05-02,11,101,1,3.8,3.8
182,2024-05-02,11,102,1,4.0,4.0
183,2024-05-02,11,103,1,3.9,3.9
184,2024-05-02,11,101,1,3.8,3.8
185,2024-05-02,11,101,1,3.8,3.8
186,2024-05-02,11,104,1,4.2,4.2
187,2024-05-02,12,105,2,4.1,8.2
188,2024-05-02,12,103,3,3.9,11.7
189,2024-05-02,12,106,3,3.2,9.6
190,2024-05-02,12,101,2,3.8,7.6
191,2024-05-02,12,107,1,3.5,3.5
192,2024-05-02,12,106,1,3.2,3.2
193,2024-05-02,12,106,1,3.2,3.2
194,2024-05-02,12,108,1,4.5,4.5
195,2024-05-03,1,108,2,4.5,9.0
196,2024-05-03,1,102,1,4.0,4.0
197,2024-05-03,1,103,1,3.9,3.9
198,2024-05-03,1,107,1,3.5,3.5
199,2024-05-03,1,110,1,3.4,3.4
200,2024-05-03,1,105,1,4.1,4.1
201,2024-05-03,1,110,1,3.4,3.4
202,2024-05-03,2,101,2,3.8,7.6
203,2024-05-03,2,102,1,4.0,4.0
204,2024-05-03,2,105,1,4.1,4.1
205,2024-05-03,2,105,1,4.1,4.1
206,2024-05-03,2,102,1,4.0,4.0
207,2024-05-03,2,108,2,4.5,9.0
208,2024-05-03,2,108,2,4.5,9.0
209,2024-05-03,2,103,1,3.9,3.9
210,2024-05-03,2,106,1,3.2,3.2
211,2024-05-03,3,104,1,4.2,4.2
212,2024-05-03,3,103,1,3.9,3.9
213,2024-05-03,3,107,1,3.5,3.5
214,2024-05-03,3,105,3,4.1,12.3
215,2024-05-03,3,107,1,3.5,3.5
216,2024-05-03,3,102,1,4.0,4.0
217,2024-05-03,3,107,1,3.5,3.5
218,2024-05-03,3,104,1,4.2,4.2
219,2024-05-03,3,107,1,3.5,3.5
220,2024-05-03,3,110,3,3.4,10.2
221,2024-05-03,4,102,1,4.0,4.0
222,2024-05-03,4,103,1,3.9,3.9
223,2024-05-03,4,101,1,3.8,3.8
224,2024-05-03,4,106,1,3.2,3.2
225,2024-05-03,4,106,2,3.2,6.4
226,2024-05-03,4,107,1,3.5,3.5
227,2024-05-03,4,101,1,3.8,3.8
228,2024-05-03,4,106,2,3.2,6.4
229,2024-05-03,5,104,1,4.2,4.2
230,2024-05-03,5,107,1,3.5,3.5
231,2024-05-03,5,103,2,3.9,7.8
232,2024-05-03,5,108,1,4.5,4.5
233,2024-05-03,5,105,2,4.1,8.2
234,2024-05-03,5,103,3,3.9,11.7
235,2024-05-03,5,103,1,3.9,3.9
236,2024-05-03,5,109,2,2.2,4.4
237,2024-05-03,5,101,1,3.8,3.8
238,2024-05-03,5,101,1,3.8,3.8
239,2024-05-03,6,102,1,4.0,4.0
240,2024-05-03,6,107,1,3.5,3.5
241,2024-05-03,6,102,1,4.0,4.0
242,2024-05-03,6,104,2,4.2,8.4
243,2024-05-03,6,108,1,4.5,4.5
244,2024-05-03,6,106,1,3.2,3.2
245,2024-05-03,6,104,2,4.2,8.4
246,2024-05-03,7,101,2,3.8,7.6
247,2024-05-03,7,108,2,4.5,9.0
248,2024-05-03,7,105,1,4.1,4.1
249,2024-05-03,7,107,1,3.5,3.5
250,2024-05-03,7,104,1,4.2,4.2
251,2024-05-03,7,108,1,4.5,4.5
252,2024-05-03,7,101,1,3.8,3.8
253,2024-05-03,7,108,1,4.5,4.5
254,2024-05-03,8,110,1,3.4,3.4
255,2024-05-03,8,106,1,3.2,3.2
256,2024-05-03,8,107,1,3.5,3.5
257,2024-05-03,8,108,2,4.5,9.0
258,2024-05-03,8,110,1,3.4,3.4
259,2024-05-03,8,103,1,3.9,3.9
260,2024-05-03,8,102,1,4.0,4.0
261,2024-05-03,9,107,2,3.5,7.0
262,2024-05-03,9,107,1,3.5,3.5
263,2024-05-03,9,101,3,3.8,11.4
264,2024-05-03,9,104,1,4.2,4.2
265,2024-05-03,9,105,1,4.1,4.1
266,2024-05-03,9,105,1,4.1,4.1
267,2024-05-03,9,106,1,3.2,3.2
268,2024-05-03,9,102,1,4.0,4.0
269,2024-05-03,9,106,1,3.2,3.2
270,2024-05-03,10,107,1,3.5,3.5
271,2024-05-03,10,106,1,3.2,3.2
272,2024-05-03,10,106,1,3.2,3.2
273,2024-05-03,10,101,1,3.8,3.8
274,2024-05-03,10,108,1,4.5,4.5
275,2024-05-03,10,105,3,4.1,12.3
276,2024-05-03,10,103,1,3.9,3.9
277,2024-05-03,10,103,1,3.9,3.9
278,2024-05-03,11,107,2,3.5,7.0
279,2024-05-03,11,107,2,3.5,7.0
280,2024-05-03,11,104,1,4.2,4.2
281,2024-05-03,11,103,1,3.9,3.9
282,2024-05-03,11,106,1,3.2,3.2
283,2024-05-03,11,105,1,4.1,4.1
284,2024-05-03,11,105,2,4.1,8.2
285,2024-05-03,11,108,1,4.5,4.5
286,2024-05-03,12,102,1,4.0,4.0
287,2024-05-03,12,108,2,4.5,9.0
288,2024-05-03,12,104,1,4.2,4.2
289,2024-05-03,12,103,3,3.9,11.7
290,2024-05-03,12,101,2,3.8,7.6
291,2024-05-03,12,105,1,4.1,4.1
292,2024-05-03,12,103,3,3.9,11.7
293,2024-05-03,12,102,1,4.0,4.0
294,2024-05-03,12,108,1,4.5,4.5
295,2024-05-03,12,103,2,3.9,7.8
296,2024-05-04,1,110,2,3.4,6.8
297,2024-05-04,1,101,1,3.8,3.8
298,2024-05-04,1,107,3,3.5,10.5
299,2024-05-04,1,107,3,3.5,10.5
300,2024-05-04,1,108,2,4.5,9.0
301,2024-05-04,1,105,2,4.1,8.2
302,2024-05-04,1,101,1,3.8,3.8
303,2024-05-04,1,104,1,4.2,4.2
304,2024-05-04,1,104,1,4.2,4.2
305,2024-05-04,1,102,1,4.0,4.0
306,2024-05-04,2,104,1,4.2,4.2
307,2024-05-04,2,107,1,3.5,3.5
308,2024-05-04,2,102,2,4.0,8.0
309,2024-05-04,2,106,1,3.2,3.2
310,2024-05-04,2,110,1,3.4,3.4
311,2024-05-04,2,105,1,4.1,4.1
312,2024-05-04,2,102,2,4.0,8.0
313,2024-05-04,2,102,1,4.0,4.0
314,2024-05-04,3,110,1,3.4,3.4
315,2024-05-04,3,107,1,3.5,3.5
316,2024-05-04,3,108,2,4.5,9.0
317,2024-05-04,3,110,2,3.4,6.8
318,2024-05-04,3,109,1,2.2,2.2
319,2024-05-04,3,104,1,4.2,4.2
320,2024-05-04,3,108,2,4.5,9.0
321,2024-05-04,3,106,1,3.2,3.2
322,2024-05-04,3,109,1,2.2,2.2
323,2024-05-04,4,102,1,4.0,4.0
324,2024-05-04,4,102,1,4.0,4.0
325,2024-05-04,4,104,1,4.2,4.2
326,2024-05-04,4,105,1,4.1,4.1
327,2024-05-04,4,109,1,2.2,2.2
328,2024-05-04,4,107,3,3.5,10.5
329,2024-05-04,4,102,2,4.0,8.0
330,2024-05-04,4,104,1,4.2,4.2
331,2024-05-04,4,110,3,3.4,10.2
332,2024-05-04,4,107,1,3.5,3.5
333,2024-05-04,5,103,1,3.9,3.9
334,2024-05-04,5,105,1,4.1,4.1
335,2024-05-04,5,107,1,3.5,3.5
336,2024-05-04,5,101,1,3.8,3.8
337,2024-05-04,5,110,2,3.4,6.8
338,2024-05-04,5,101,1,3.8,3.8
339,2024-05-04,5,105,1,4.1,4.1
340,2024-05-04,5,101,2,3.8,7.6
341,2024-05-04,5,102,1,4.0,4.0
342,2024-05-04,5,103,1,3.9,3.9
343,2024-05-04,6,105,1,4.1,4.1
344,2024-05-04,6,107,1,3.5,3.5
345,2024-05-04,6,108,1,4.5,4.5
346,2024-05-04,6,109,1,2.2,2.2
347,2024-05-04,6,102,3,4.0,12.0
348,2024-05-04,6,106,3,3.2,9.6
349,2024-05-04,6,105,1,4.1,4.1
350,2024-05-04,6,101,2,3.8,7.6
351,2024-05-04,6,106,1,3.2,3.2
352,2024-05-04,6,108,3,4.5,13.5
353,2024-05-04,7,106,3,3.2,9.6
354,2024-05-04,7,106,1,3.2,3.2
355,2024-05-04,7,106,1,3.2,3.2
356,2024-05-04,7,106,1,3.2,3.2
357,2024-05-04,7,103,1,3.9,3.9
358,2024-05-04,7,106,3,3.2,9.6
359,2024-05-04,7,104,1,4.2,4.2
360,2024-05-04,8,102,2,4.0,8.0
361,2024-05-04,8,102,1,4.0,4.0
362,2024-05-04,8,101,1,3.8,3.8
363,2024-05-04,8,104,1,4.2,4.2
364,2024-05-04,8,108,1,4.5,4.5
365,2024-05-04,8,104,2,4.2,8.4
366,2024-05-04,8,103,1,3.9,3.9
367,2024-05-04,9,106,1,3.2,3.2
368,2024-05-04,9,105,1,4.1,4.1
369,2024-05-04,9,103,2,3.9,7.8
370,2024-05-04,9,101,1,3.8,3.8
371,2024-05-04,9,101,1,3.8,3.8
372,2024-05-04,9,108,1,4.5,4.5
373,2024-05-04,9,105,1,4.1,4.1
374,2024-05-04,9,106,2,3.2,6.4
375,2024-05-04,9,103,1,3.9,3.9
376,2024-05-04,9,108,2,4.5,9.0
377,2024-05-04,10,104,1,4.2,4.2
378,2024-05-04,10,107,1,3.5,3.5
379,2024-05-04,10,102,1,4.0,4.0
380,2024-05-04,10,101,1,3.8,3.8
381,2024-05-04,10,104,2,4.2,8.4
382,2024-05-04,10,101,1,3.8,3.8
383,2024-05-04,10,104,1,4.2,4.2
384,2024-05-04,10,108,1,4.5,4.5
385,2024-05-04,10,107,1,3.5,3.5
386,2024-05-04,10,107,2,3.5,7.0
387,2024-05-04,11,110,1,3.4,3.4
388,2024-05-04,11,106,1,3.2,3.2
389,2024-05-04,11,104,1,4.2,4.2
390,2024-05-04,11,106,2,3.2,6.4
391,2024-05-04,11,107,2,3.5,7.0
392,2024-05-04,11,109,1,2.2,2.2
393,2024-05-04,11,108,1,4.5,4.5
394,2024-05-04,12,102,2,4.0,8.0
395,2024-05-04,12,104,2,4.2,8.4
396,2024-05-04,12,107,1,3.5,3.5
397,2024-05-04,12,106,1,3.2,3.2
398,2024-05-04,12,105,1,4.1,4.1
399,2024-05-04,12,102,1,4.0,4.0
400,2024-05-04,12,103,1,3.9,3.9
401,2024-05-04,12,106,1,3.2,3.2
402,2024-05-05,1,107,1,3.5,3.5
403,2024-05-05,1,105,1,4.1,4.1
404,2024-05-05,1,103,1,3.9,3.9
405,2024-05-05,1,105,1,4.1,4.1
406,2024-05-05,1,108,1,4.5,4.5
407,2024-05-05,1,102,3,4.0,12.0
408,2024-05-05,1,101,1,3.8,3.8
409,2024-05-05,2,107,1,3.5,3.5
410,2024-05-05,2,102,1,4.0,4.0
411,2024-05-05,2,102,1,4.0,4.0
412,2024-05-05,2,103,2,3.9,7.8
413,2024-05-05,2,106,1,3.2,3.2
414,2024-05-05,2,107,1,3.5,3.5
415,2024-05-05,2,110,1,3.4,3.4
416,2024-05-05,2,108,1,4.5,4.5
417,2024-05-05,3,101,3,3.8,11.4
418,2024-05-05,3,103,1,3.9,3.9
419,2024-05-05,3,107,1,3.5,3.5
420,2024-05-05,3,106,1,3.2,3.2
421,2024-05-05,3,104,1,4.2,4.2
422,2024-05-05,3,102,1,4.0,4.0
423,2024-05-05,3,106,1,3.2,3.2
424,2024-05-05,3,103,1,3.9,3.9
425,2024-05-05,3,107,1,3.5,3.5
426,2024-05-05,4,101,1,3.8,3.8
427,2024-05-05,4,101,2,3.8,7.6
428,2024-05-05,4,106,3,3.2,9.6
429,2024-05-05,4,107,2,3.5,7.0
430,2024-05-05,4,107,1,3.5,3.5
431,2024-05-05,4,108,1,4.5,4.5
432,2024-05-05,4,108,1,4.5,4.5
433,2024-05-05,4,105,1,4.1,4.1
434,2024-05-05,5,108,1,4.5,4.5
435,2024-05-05,5,105,1,4.1,4.1
436,2024-05-05,5,102,2,4.0,8.0
437,2024-05-05,5,101,1,3.8,3.8
438,2024-05-05,5,105,1,4.1,4.1
439,2024-05-05,5,109,1,2.2,2.2
440,2024-05-05,5,108,1,4.5,4.5
441,2024-05-05,5,108,1,4.5,4.5
442,2024-05-05,5,101,2,3.8,7.6
443,2024-05-05,6,109,1,2.2,2.2
444,2024-05-05,6,101,1,3.8,3.8
445,2024-05-05,6,109,1,2.2,2.2
446,2024-05-05,6,110,1,3.4,3.4
447,2024-05-05,6,103,1,3.9,3.9
448,2024-05-05,6,107,1,3.5,3.5
449,2024-05-05,6,103,1,3.9,3.9
450,2024-05-05,6,103,3,3.9,11.7
451,2024-05-05,6,106,1,3.2,3.2
452,2024-05-05,7,110,3,3.4,10.2
453,2024-05-05,7,107,1,3.5,3.5
454,2024-05-05,7,106,1,3.2,3.2
455,2024-05-05,7,105,2,4.1,8.2
456,2024-05-05,7,108,3,4.5,13.5
457,2024-05-05,7,109,1,2.2,2.2
458,2024-05-05,7,105,1,4.1,4.1
459,2024-05-05,7,101,1,3.8,3.8
460,2024-05-05,8,101,1,3.8,3.8
461,2024-05-05,8,101,1,3.8,3.8
462,2024-05-05,8,104,1,4.2,4.2
463,2024-05-05,8,108,1,4.5,4.5
464,2024-05-05,8,104,1,4.2,4.2
465,2024-05-05,8,108,2,4.5,9.0
466,2024-05-05,8,102,1,4.0,4.0
467,2024-05-05,8,104,3,4.2,12.6
468,2024-05-05,8,108,2,4.5,9.0
469,2024-05-05,8,101,1,3.8,3.8
470,2024-05-05,9,109,1,2.2,2.2
471,2024-05-05,9,110,1,3.4,3.4
472,2024-05-05,9,102,1,4.0,4.0
473,2024-05-05,9,104,2,4.2,8.4
474,2024-05-05,9,106,2,3.2,6.4
475,2024-05-05,9,102,2,4.0,8.0
476,2024-05-05,9,106,1,3.2,3.2
477,2024-05-05,9,104,1,4.2,4.2
478,2024-05-05,9,107,1,3.5,3.5
479,2024-05-05,9,105,1,4.1,4.1
480,2024-05-05,10,107,2,3.5,7.0
481,2024-05-05,10,105,1,4.1,4.1
482,2024-05-05,10,101,1,3.8,3.8
483,2024-05-05,10,101,2,3.8,7.6
484,2024-05-05,10,106,1,3.2,3.2
485,2024-05-05,10,102,1,4.0,4.0
486,2024-05-05,10,103,1,3.9,3.9
487,2024-05-05,10,106,1,3.2,3.2
488,2024-05-05,11,108,2,4.5,9.0
489,2024-05-05,11,107,1,3.5,3.5
490,2024-05-05,11,102,1,4.0,4.0
491,2024-05-05,11,103,2,3.9,7.8
492,2024-05-05,11,104,2,4.2,8.4
493,2024-05-05,11,104,1,4.2,4.2
494,2024-05-05,11,108,1,4.5,4.5
495,2024-05-05,11,105,1,4.1,4.1
496,2024-05-05,12,103,1,3.9,3.9
497,2024-05-05,12,109,3,2.2,6.6
498,2024-05-05,12,104,1,4.2,4.2
499,2024-05-05,12,105,3,4.1,12.3
500,2024-05-05,12,101,1,3.8,3.8
501,2024-05-05,12,101,1,3.8,3.8
502,2024-05-05,12,108,1,4.5,4.5
503,2024-05-05,12,101,1,3.8,3.8
504,2024-05-05,12,103,1,3.9,3.9
505,2024-05-05,12,107,3,3.5,10.5
506,2024-05-06,1,106,1,3.2,3.2
507,2024-05-06,1,107,1,3.5,3.5
508,2024-05-06,1,101,2,3.8,7.6
509,2024-05-06,1,102,1,4.0,4.0
510,2024-05-06,1,110,1,3.4,3.4
511,2024-05-06,1,106,1,3.2,3.2
512,2024-05-06,1,106,2,3.2,6.4
513,2024-05-06,1,101,2,3.8,7.6
514,2024-05-06,1,105,1,4.1,4.1
515,2024-05-06,1,107,1,3.5,3.5
516,2024-05-06,2,105,1,4.1,4.1
517,2024-05-06,2,107,2,3.5,7.0
518,2024-05-06,2,106,1,3.2,3.2
519,2024-05-06,2,109,1,2.2,2.2
520,2024-05-06,2,101,1,3.8,3.8
521,2024-05-06,2,102,1,4.0,4.0
522,2024-05-06,2,105,1,4.1,4.1
523,2024-05-06,2,102,1,4.0,4.0
524,2024-05-06,3,101,1,3.8,3.8
525,2024-05-06,3,107,1,3.5,3.5
526,2024-05-06,3,106,3,3.2,9.6
527,2024-05-06,3,103,1,3.9,3.9
528,2024-05-06,3,104,1,4.2,4.2
529,2024-05-06,3,107,1,3.5,3.5
530,2024-05-06,3,109,1,2.2,2.2
531,2024-05-06,3,107,1,3.5,3.5
532,2024-05-06,3,108,1,4.5,4.5
533,2024-05-06,3,105,1,4.1,4.1
534,2024-05-06,4,109,1,2.2,2.2
535,2024-05-06,4,105,2,4.1,8.2
536,2024-05-06,4,102,1,4.0,4.0
537,2024-05-06,4,103,1,3.9,3.9
538,2024-05-06,4,110,1,3.4,3.4
539,2024-05-06,4,101,1,3.8,3.8
540,2024-05-06,4,107,3,3.5,10.5
541,2024-05-06,4,107,1,3.5,3.5
542,2024-05-06,5,105,2,4.1,8.2
543,2024-05-06,5,108,1,4.5,4.5
544,2024-05-06,5,106,2,3.2,6.4
545,2024-05-06,5,104,3,4.2,12.6
546,2024-05-06,5,106,2,3.2,6.4
547,2024-05-06,5,103,1,3.9,3.9
548,2024-05-06,5,104,1,4.2,4.2
549,2024-05-06,6,102,3,4.0,12.0
550,2024-05-06,6,108,1,4.5,4.5
551,2024-05-06,6,104,1,4.2,4.2
552,2024-05-06,6,101,1,3.8,3.8
553,2024-05-06,6,107,1,3.5,3.5
554,2024-05-06,6,108,1,4.5,4.5
555,2024-05-06,6,101,1,3.8,3.8
556,2024-05-06,7,108,1,4.5,4.5
557,2024-05-06,7,102,2,4.0,8.0
558,2024-05-06,7,103,2,3.9,7.8
559,2024-05-06,7,107,1,3.5,3.5
560,2024-05-06,7,110,1,3.4,3.4
561,2024-05-06,7,103,1,3.9,3.9
562,2024-05-06,7,108,2,4.5,9.0
563,2024-05-06,8,103,1,3.9,3.9
564,2024-05-06,8,108,1,4.5,4.5
565,2024-05-06,8,106,1,3.2,3.2
566,2024-05-06,8,108,1,4.5,4.5
567,2024-05-06,8,103,1,3.9,3.9
568,2024-05-06,8,107,2,3.5,7.0
569,2024-05-06,8,105,1,4.1,4.1
570,2024-05-06,8,108,1,4.5,4.5
571,2024-05-06,9,101,1,3.8,3.8
572,2024-05-06,9,105,1,4.1,4.1
573,2024-05-06,9,107,2,3.5,7.0
574,2024-05-06,9,102,3,4.0,12.0
575,2024-05-06,9,102,1,4.0,4.0
576,2024-05-06,9,101,1,3.8,3.8
577,2024-05-06,9,101,1,3.8,3.8
578,2024-05-06,9,102,2,4.0,8.0
579,2024-05-06,9,104,2,4.2,8.4
580,2024-05-06,9,110,1,3.4,3.4
581,2024-05-06,10,105,1,4.1,4.1
582,2024-05-06,10,101,1,3.8,3.8
583,2024-05-06,10,105,3,4.1,12.3
584,2024-05-06,10,102,1,4.0,4.0
585,2024-05-06,10,103,2,3.9,7.8
586,2024-05-06,10,107,1,3.5,3.5
587,2024-05-06,10,101,1,3.8,3.8
588,2024-05-06,10,108,1,4.5,4.5
589,2024-05-06,11,105,1,4.1,4.1
590,2024-05-06,11,107,1,3.5,3.5
591,2024-05-06,11,103,1,3.9,3.9
592,2024-05-06,11,104,1,4.2,4.2
593,2024-05-06,11,102,2,4.0,8.0
594,2024-05-06,11,102,2,4.0,8.0
595,2024-05-06,11,103,1,3.9,3.9
596,2024-05-06,11,101,1,3.8,3.8
597,2024-05-06,11,102,1,4.0,4.0
598,2024-05-06,11,103,1,3.9,3.9
599,2024-05-06,12,103,1,3.9,3.9
600,2024-05-06,12,102,1,4.0,4.0
601,2024-05-06,12,105,1,4.1,4.1
602,2024-05-06,12,101,1,3.8,3.8
603,2024-05-06,12,107,1,3.5,3.5
604,2024-05-06,12,108,2,4.5,9.0
605,2024-05-06,12,108,1,4.5,4.5
606,2024-05-06,12,109,1,2.2,2.2
607,2024-05-06,12,106,1,3.2,3.2
608,2024-05-07,1,103,1,3.9,3.9
609,2024-05-07,1,108,1,4.5,4.5
610,2024-05-07,1,102,1,4.0,4.0
611,2024-05-07,1,104,1,4.2,4.2
612,2024-05-07,1,107,2,3.5,7.0
613,2024-05-07,1,106,1,3.2,3.2
614,2024-05-07,1,105,3,4.1,12.3
615,2024-05-07,1,105,1,4.1,4.1
616,2024-05-07,1,103,1,3.9,3.9
617,2024-05-07,1,105,1,4.1,4.1
618,2024-05-07,2,110,1,3.4,3.4
619,2024-05-07,2,102,2,4.0,8.0
620,2024-05-07,2,108,1,4.5,4.5
621,2024-05-07,2,102,1,4.0,4.0
622,2024-05-07,2,110,1,3.4,3.4
623,2024-05-07,2,108,1,4.5,4.5
624,2024-05-07,2,110,3,3.4,10.2
625,2024-05-07,2,107,1,3.5,3.5
626,2024-05-07,3,102,1,4.0,4.0
627,2024-05-07,3,106,1,3.2,3.2
628,2024-05-07,3,105,1,4.1,4.1
629,2024-05-07,3,108,1,4.5,4.5
630,2024-05-07,3,103,1,3.9,3.9
631,2024-05-07,3,101,1,3.8,3.8
632,2024-05-07,3,106,1,3.2,3.2
633,2024-05-07,4,103,3,3.9,11.7
634,2024-05-07,4,103,2,3.9,7.8
635,2024-05-07,4,107,1,3.5,3.5
636,2024-05-07,4,107,1,3.5,3.5
637,2024-05-07,4,106,1,3.2,3.2
638,2024-05-07,4,103,1,3.9,3.9
639,2024-05-07,4,109,1,2.2,2.2
640,2024-05-07,4,106,3,3.2,9.6
641,2024-05-07,5,106,2,3.2,6.4
642,2024-05-07,5,110,2,3.4,6.8
643,2024-05-07,5,103,1,3.9,3.9
644,2024-05-07,5,110,1,3.4,3.4
645,2024-05-07,5,110,2,3.4,6.8
646,2024-05-07,5,103,1,3.9,3.9
647,2024-05-07,5,101,1,3.8,3.8
648,2024-05-07,5,108,1,4.5,4.5
649,2024-05-07,5,103,1,3.9,3.9
650,2024-05-07,5,103,2,3.9,7.8
651,2024-05-07,6,108,2,4.5,9.0
652,2024-05-07,6,108,1,4.5,4.5
653,2024-05-07,6,104,1,4.2,4.2
654,2024-05-07,6,102,2,4.0,8.0
655,2024-05-07,6,102,1,4.0,4.0
656,2024-05-07,6,107,1,3.5,3.5
657,2024-05-07,6,106,1,3.2,3.2
658,2024-05-07,6,104,1,4.2,4.2
659,2024-05-07,7,104,1,4.2,4.2
660,2024-05-07,7,105,1,4.1,4.1
661,2024-05-07,7,107,1,3.5,3.5
662,2024-05-07,7,101,1,3.8,3.8
663,2024-05-07,7,105,1,4.1,4.1
664,2024-05-07,7,105,2,4.1,8.2
665,2024-05-07,7,106,2,3.2,6.4
666,2024-05-07,8,105,1,4.1,4.1
667,2024-05-07,8,106,2,3.2,6.4
668,2024-05-07,8,109,1,2.2,2.2
669,2024-05-07,8,102,2,4.0,8.0
670,2024-05-07,8,104,1,4.2,4.2
671,2024-05-07,8,105,2,4.1,8.2
672,2024-05-07,8,105,1,4.1,4.1
673,2024-05-07,9,108,2,4.5,9.0
674,2024-05-07,9,107,1,3.5,3.5
675,2024-05-07,9,101,1,3.8,3.8
676,2024-05-07,9,102,1,4.0,4.0
677,2024-05-07,9,104,2,4.2,8.4
678,2024-05-07,9,102,1,4.0,4.0
679,2024-05-07,9,104,2,4.2,8.4
680,2024-05-07,10,105,1,4.1,4.1
681,2024-05-07,10,110,1,3.4,3.4
682,2024-05-07,10,108,2,4.5,9.0
683,2024-05-07,10,102,1,4.0,4.0
684,2024-05-07,10,110,1,3.4,3.4
685,2024-05-07,10,106,2,3.2,6.4
686,2024-05-07,10,107,1,3.5,3.5
687,2024-05-07,10,107,1,3.5,3.5
688,2024-05-07,10,106,1,3.2,3.2
689,2024-05-07,10,101,2,3.8,7.6
690,2024-05-07,11,103,1,3.9,3.9
691,2024-05-07,11,106,1,3.2,3.2
692,2024-05-07,11,103,1,3.9,3.9
693,2024-05-07,11,108,2,4.5,9.0
694,2024-05-07,11,101,1,3.8,3.8
695,2024-05-07,11,101,2,3.8,7.6
696,2024-05-07,11,106,1,3.2,3.2
697,2024-05-07,12,103,1,3.9,3.9
698,2024-05-07,12,108,2,4.5,9.0
699,2024-05-07,12,101,3,3.8,11.4
700,2024-05-07,12,105,1,4.1,4.1
701,2024-05-07,12,103,2,3.9,7.8
702,2024-05-07,12,110,1,3.4,3.4
703,2024-05-07,12,102,2,4.0,8.0
704,2024-05-07,12,108,1,4.5,4.5
705,2024-05-07,12,104,1,4.2,4.2
706,2024-05-08,1,107,1,3.5,3.5
707,2024-05-08,1,103,1,3.9,3.9
708,2024-05-08,1,104,1,4.2,4.2
709,2024-05-08,1,109,1,2.2,2.2
710,2024-05-08,1,102,1,4.0,4.0
711,2024-05-08,1,110,1,3.4,3.4
712,2024-05-08,1,106,1,3.2,3.2
713,2024-05-08,1,104,2,4.2,8.4
714,2024-05-08,2,108,1,4.5,4.5
715,2024-05-08,2,107,1,3.5,3.5
716,2024-05-08,2,110,3,3.4,10.2
717,2024-05-08,2,101,3,3.8,11.4
718,2024-05-08,2,102,2,4.0,8.0
719,2024-05-08,2,108,1,4.5,4.5
720,2024-05-08,2,110,2,3.4,6.8
721,2024-05-08,2,105,1,4.1,4.1
722,2024-05-08,3,105,1,4.1,4.1
723,2024-05-08,3,108,1,4.5,4.5
724,2024-05-08,3,106,1,3.2,3.2
725,2024-05-08,3,104,1,4.2,4.2
726,2024-05-08,3,103,2,3.9,7.8
727,2024-05-08,3,107,1,3.5,3.5
728,2024-05-08,3,101,1,3.8,3.8
729,2024-05-08,3,107,1,3.5,3.5
730,2024-05-08,3,110,1,3.4,3.4
731,2024-05-08,4,110,1,3.4,3.4
732,2024-05-08,4,107,1,3.5,3.5
733,2024-05-08,4,107,1,3.5,3.5
734,2024-05-08,4,108,3,4.5,13.5
735,2024-05-08,4,104,2,4.2,8.4
736,2024-05-08,4,106,1,3.2,3.2
737,2024-05-08,4,106,1,3.2,3.2
738,2024-05-08,4,101,1,3.8,3.8
739,2024-05-08,4,105,1,4.1,4.1
740,2024-05-08,4,103,1,3.9,3.9
741,2024-05-08,5,103,1,3.9,3.9
742,2024-05-08,5,109,1,2.2,2.2
743,2024-05-08,5,107,2,3.5,7.0
744,2024-05-08,5,109,2,2.2,4.4
745,2024-05-08,5,104,1,4.2,4.2
746,2024-05-08,5,105,1,4.1,4.1
747,2024-05-08,5,105,3,4.1,12.3
748,2024-05-08,6,108,1,4.5,4.5
749,2024-05-08,6,106,1,3.2,3.2
750,2024-05-08,6,106,1,3.2,3.2
751,2024-05-08,6,105,1,4.1,4.1
752,2024-05-08,6,101,1,3.8,3.8
753,2024-05-08,6,108,2,4.5,9.0
754,2024-05-08,6,106,2,3.2,6.4
755,2024-05-08,6,109,1,2.2,2.2
756,2024-05-08,6,108,1,4.5,4.5
757,2024-05-08,6,101,1,3.8,3.8
758,2024-05-08,7,108,1,4.5,4.5
759,2024-05-08,7,102,1,4.0,4.0
760,2024-05-08,7,101,2,3.8,7.6
761,2024-05-08,7,107,2,3.5,7.0
762,2024-05-08,7,103,1,3.9,3.9
763,2024-05-08,7,107,1,3.5,3.5
764,2024-05-08,7,105,2,4.1,8.2
765,2024-05-08,7,103,1,3.9,3.9
766,2024-05-08,7,105,1,4.1,4.1
767,2024-05-08,8,101,1,3.8,3.8
768,2024-05-08,8,108,1,4.5,4.5
769,2024-05-08,8,106,1,3.2,3.2
770,2024-05-08,8,107,1,3.5,3.5
771,2024-05-08,8,105,1,4.1,4.1
772,2024-05-08,8,108,1,4.5,4.5
773,2024-05-08,8,107,2,3.5,7.0
774,2024-05-08,8,106,1,3.2,3.2
775,2024-05-08,8,104,1,4.2,4.2
776,2024-05-08,8,101,1,3.8,3.8
777,2024-05-08,9,105,1,4.1,4.1
778,2024-05-08,9,102,1,4.0,4.0
779,2024-05-08,9,107,1,3.5,3.5
780,2024-05-08,9,103,1,3.9,3.9
781,2024-05-08,9,107,2,3.5,7.0
782,2024-05-08,9,102,1,4.0,4.0
783,2024-05-08,9,103,2,3.9,7.8
784,2024-05-08,9,109,1,2.2,2.2
785,2024-05-08,9,102,1,4.0,4.0
786,2024-05-08,10,101,1,3.8,3.8
787,2024-05-08,10,105,2,4.1,8.2
788,2024-05-08,10,104,1,4.2,4.2
789,2024-05-08,10,104,1,4.2,4.2
790,2024-05-08,10,101,2,3.8,7.6
791,2024-05-08,10,103,1,3.9,3.9
792,2024-05-08,10,107,1,3.5,3.5
793,2024-05-08,10,108,3,4.5,13.5
794,2024-05-08,10,102,1,4.0,4.0
795,2024-05-08,10,107,1,3.5,3.5
796,2024-05-08,11,110,1,3.4,3.4
797,2024-05-08,11,108,2,4.5,9.0
798,2024-05-08,11,102,2,4.0,8.0
799,2024-05-08,11,104,2,4.2,8.4
800,2024-05-08,11,103,1,3.9,3.9
801,2024-05-08,11,106,3,3.2,9.6
802,2024-05-08,11,104,1,4.2,4.2
803,2024-05-08,11,103,1,3.9,3.9
804,2024-05-08,11,107,1,3.5,3.5
805,2024-05-08,11,102,1,4.0,4.0
806,2024-05-08,12,107,1,3.5,3.5
807,2024-05-08,12,110,1,3.4,3.4
808,2024-05-08,12,105,1,4.1,4.1
809,2024-05-08,12,107,1,3.5,3.5
810,2024-05-08,12,108,1,4.5,4.5
811,2024-05-08,12,101,1,3.8,3.8
812,2024-05-08,12,104,1,4.2,4.2
813,2024-05-08,12,108,1,4.5,4.5
814,2024-05-09,1,110,1,3.4,3.4
815,2024-05-09,1,101,1,3.8,3.8
816,2024-05-09,1,104,1,4.2,4.2
817,2024-05-09,1,104,1,4.2,4.2
818,2024-05-09,1,101,1,3.8,3.8
819,2024-05-09,1,109,1,2.2,2.2
820,2024-05-09,1,109,1,2.2,2.2
821,2024-05-09,1,101,1,3.8,3.8
822,2024-05-09,1,101,1,3.8,3.8
823,2024-05-09,2,102,1,4.0,4.0
824,2024-05-09,2,106,2,3.2,6.4
825,2024-05-09,2,108,2,4.5,9.0
826,2024-05-09,2,109,1,2.2,2.2
827,2024-05-09,2,107,1,3.5,3.5
828,2024-05-09,2,109,2,2.2,4.4
829,2024-05-09,2,106,1,3.2,3.2
830,2024-05-09,2,104,1,4.2,4.2
831,2024-05-09,2,107,1,3.5,3.5
832,2024-05-09,2,104,1,4.2,4.2
833,2024-05-09,3,108,1,4.5,4.5
834,2024-05-09,3,102,1,4.0,4.0
835,2024-05-09,3,107,1,3.5,3.5
836,2024-05-09,3,108,1,4.5,4.5
837,2024-05-09,3,104,1,4.2,4.2
838,2024-05-09,3,108,1,4.5,4.5
839,2024-05-09,3,107,2,3.5,7.0
840,2024-05-09,4,107,1,3.5,3.5
841,2024-05-09,4,101,1,3.8,3.8
842,2024-05-09,4,102,1,4.0,4.0
843,2024-05-09,4,102,1,4.0,4.0
844,2024-05-09,4,104,1,4.2,4.2
845,2024-05-09,4,104,1,4.2,4.2
846,2024-05-09,4,108,1,4.5,4.5
847,2024-05-09,5,110,1,3.4,3.4
848,2024-05-09,5,108,1,4.5,4.5
849,2024-05-09,5,105,1,4.1,4.1
850,2024-05-09,5,107,1,3.5,3.5
851,2024-05-09,5,106,1,3.2,3.2
852,2024-05-09,5,103,1,3.9,3.9
853,2024-05-09,5,108,1,4.5,4.5
854,2024-05-09,5,108,1,4.5,4.5
855,2024-05-09,5,107,2,3.5,7.0
856,2024-05-09,6,104,2,4.2,8.4
857,2024-05-09,6,104,3,4.2,12.6
858,2024-05-09,6,103,2,3.9,7.8
859,2024-05-09,6,101,1,3.8,3.8
860,2024-05-09,6,101,1,3.8,3.8
861,2024-05-09,6,109,1,2.2,2.2
862,2024-05-09,6,108,1,4.5,4.5
863,2024-05-09,6,108,1,4.5,4.5
864,2024-05-09,6,106,2,3.2,6.4
865,2024-05-09,7,108,1,4.5,4.5
866,2024-05-09,7,105,3,4.1,12.3
867,2024-05-09,7,103,1,3.9,3.9
868,2024-05-09,7,108,2,4.5,9.0
869,2024-05-09,7,102,2,4.0,8.0
870,2024-05-09,7,109,1,2.2,2.2
871,2024-05-09,7,101,1,3.8,3.8
872,2024-05-09,8,108,1,4.5,4.5
873,2024-05-09,8,103,1,3.9,3.9
874,2024-05-09,8,105,1,4.1,4.1
875,2024-05-09,8,106,1,3.2,3.2
876,2024-05-09,8,108,2,4.5,9.0
877,2024-05-09,8,105,1,4.1,4.1
878,2024-05-09,8,103,1,3.9,3.9
879,2024-05-09,8,110,2,3.4,6.8
880,2024-05-09,9,102,2,4.0,8.0
881,2024-05-09,9,105,2,4.1,8.2
882,2024-05-09,9,103,1,3.9,3.9
883,2024-05-09,9,107,2,3.5,7.0
884,2024-05-09,9,106,1,3.2,3.2
885,2024-05-09,9,107,1,3.5,3.5
886,2024-05-09,9,109,1,2.2,2.2
887,2024-05-09,9,102,1,4.0,4.0
888,2024-05-09,9,106,2,3.2,6.4
889,2024-05-09,9,102,1,4.0,4.0
890,2024-05-09,10,102,1,4.0,4.0
891,2024-05-09,10,106,1,3.2,3.2
892,2024-05-09,10,103,2,3.9,7.8
893,2024-05-09,10,104,1,4.2,4.2
894,2024-05-09,10,102,1,4.0,4.0
895,2024-05-09,10,108,1,4.5,4.5
896,2024-05-09,10,103,1,3.9,3.9
897,2024-05-09,10,102,1,4.0,4.0
898,2024-05-09,10,104,1,4.2,4.2
899,2024-05-09,11,102,2,4.0,8.0
900,2024-05-09,11,101,1,3.8,3.8
901,2024-05-09,11,106,1,3.2,3.2
902,2024-05-09,11,103,1,3.9,3.9
903,2024-05-09,11,104,1,4.2,4.2
904,2024-05-09,11,102,1,4.0,4.0
905,2024-05-09,11,104,1,4.2,4.2
906,2024-05-09,12,101,1,3.8,3.8
907,2024-05-09,12,105,1,4.1,4.1
908,2024-05-09,12,102,1,4.0,4.0
909,2024-05-09,12,103,1,3.9,3.9
910,2024-05-09,12,108,1,4.5,4.5
911,2024-05-09,12,107,1,3.5,3.5
912,2024-05-09,12,106,1,3.2,3.2
913,2024-05-10,1,106,1,3.2,3.2
914,2024-05-10,1,102,1,4.0,4.0
915,2024-05-10,1,101,3,3.8,11.4
916,2024-05-10,1,109,1,2.2,2.2
917,2024-05-10,1,107,1,3.5,3.5
918,2024-05-10,1,107,3,3.5,10.5
919,2024-05-10,1,106,1,3.2,3.2
920,2024-05-10,1,101,1,3.8,3.8
921,2024-05-10,1,102,1,4.0,4.0
922,2024-05-10,2,105,1,4.1,4.1
923,2024-05-10,2,104,1,4.2,4.2
924,2024-05-10,2,103,2,3.9,7.8
925,2024-05-10,2,109,1,2.2,2.2
926,2024-05-10,2,104,1,4.2,4.2
927,2024-05-10,2,104,1,4.2,4.2
928,2024-05-10,2,102,1,4.0,4.0
929,2024-05-10,2,106,1,3.2,3.2
930,2024-05-10,2,108,1,4.5,4.5
931,2024-05-10,2,101,1,3.8,3.8
932,2024-05-10,3,105,1,4.1,4.1
933,2024-05-10,3,108,1,4.5,4.5
934,2024-05-10,3,105,1,4.1,4.1
935,2024-05-10,3,101,1,3.8,3.8
936,2024-05-10,3,104,1,4.2,4.2
937,2024-05-10,3,109,1,2.2,2.2
938,2024-05-10,3,104,1,4.2,4.2
939,2024-05-10,3,107,1,3.5,3.5
940,2024-05-10,4,108,1,4.5,4.5
941,2024-05-10,4,103,1,3.9,3.9
942,2024-05-10,4,106,1,3.2,3.2
943,2024-05-10,4,105,2,4.1,8.2
944,2024-05-10,4,101,1,3.8,3.8
945,2024-05-10,4,110,1,3.4,3.4
946,2024-05-10,4,103,1,3.9,3.9
947,2024-05-10,5,106,1,3.2,3.2
948,2024-05-10,5,109,1,2.2,2.2
949,2024-05-10,5,104,3,4.2,12.6
950,2024-05-10,5,102,2,4.0,8.0
951,2024-05-10,5,107,1,3.5,3.5
952,2024-05-10,5,106,1,3.2,3.2
953,2024-05-10,5,102,1,4.0,4.0
954,2024-05-10,6,105,3,4.1,12.3
955,2024-05-10,6,108,2,4.5,9.0
956,2024-05-10,6,106,1,3.2,3.2
957,2024-05-10,6,109,1,2.2,2.2
958,2024-05-10,6,103,2,3.9,7.8
959,2024-05-10,6,109,2,2.2,4.4
960,2024-05-10,6,105,1,4.1,4.1
961,2024-05-10,6,104,1,4.2,4.2
962,2024-05-10,7,109,1,2.2,2.2
963,2024-05-10,7,101,2,3.8,7.6
964,2024-05-10,7,105,1,4.1,4.1
965,2024-05-10,7,108,1,4.5,4.5
966,2024-05-10,7,102,1,4.0,4.0
967,2024-05-10,7,107,1,3.5,3.5
968,2024-05-10,7,102,1,4.0,4.0
969,2024-05-10,8,110,1,3.4,3.4
970,2024-05-10,8,107,1,3.5,3.5
971,2024-05-10,8,101,1,3.8,3.8
972,2024-05-10,8,106,1,3.2,3.2
973,2024-05-10,8,102,1,4.0,4.0
974,2024-05-10,8,102,3,4.0,12.0
975,2024-05-10,8,102,1,4.0,4.0
976,2024-05-10,8,106,1,3.2,3.2
977,2024-05-10,8,108,1,4.5,4.5
978,2024-05-10,9,102,1,4.0,4.0
979,2024-05-10,9,107,1,3.5,3.5
980,2024-05-10,9,102,1,4.0,4.0
981,2024-05-10,9,109,3,2.2,6.6
982,2024-05-10,9,108,1,4.5,4.5
983,2024-05-10,9,102,1,4.0,4.0
984,2024-05-10,9,106,1,3.2,3.2
985,2024-05-10,10,102,1,4.0,4.0
986,2024-05-10,10,108,1,4.5,4.5
987,2024-05-10,10,106,1,3.2,3.2
988,2024-05-10,10,103,1,3.9,3.9
989,2024-05-10,10,102,1,4.0,4.0
990,2024-05-10,10,109,1,2.2,2.2
991,2024-05-10,10,108,1,4.5,4.5
992,2024-05-10,10,103,1,3.9,3.9
993,2024-05-10,11,101,1,3.8,3.8
994,2024-05-10,11,104,1,4.2,4.2
995,2024-05-10,11,106,1,3.2,3.2
996,2024-05-10,11,105,1,4.1,4.1
997,2024-05-10,11,101,1,3.8,3.8
998,2024-05-10,11,108,1,4.5,4.5
999,2024-05-10,11,109,3,2.2,6.6
1000,2024-05-10,11,107,1,3.5,3.5
1001,2024-05-10,11,107,2,3.5,7.0
1002,2024-05-10,12,104,1,4.2,4.2
1003,2024-05-10,12,106,2,3.2,6.4
1004,2024-05-10,12,106,2,3.2,6.4
1005,2024-05-10,12,105,2,4.1,8.2
1006,2024-05-10,12,109,1,2.2,2.2
1007,2024-05-10,12,107,1,3.5,3.5
1008,2024-05-10,12,108,1,4.5,4.5
1009,2024-05-10,12,109,1,2.2,2.2
1010,2024-05-10,12,110,1,3.4,3.4
1011,2024-05-11,1,103,1,3.9,3.9
1012,2024-05-11,1,107,2,3.5,7.0
1013,2024-05-11,1,103,1,3.9,3.9
1014,2024-05-11,1,106,1,3.2,3.2
1015,2024-05-11,1,102,1,4.0,4.0
1016,2024-05-11,1,101,1,3.8,3.8
1017,2024-05-11,1,101,1,3.8,3.8
1018,2024-05-11,1,105,2,4.1,8.2
1019,2024-05-11,2,107,1,3.5,3.5
1020,2024-05-11,2,110,1,3.4,3.4
1021,2024-05-11,2,103,2,3.9,7.8
1022,2024-05-11,2,108,2,4.5,9.0
1023,2024-05-11,2,110,1,3.4,3.4
1024,2024-05-11,2,108,1,4.5,4.5
1025,2024-05-11,2,101,3,3.8,11.4
1026,2024-05-11,2,107,2,3.5,7.0
1027,2024-05-11,3,106,1,3.2,3.2
1028,2024-05-11,3,108,2,4.5,9.0
1029,2024-05-11,3,103,2,3.9,7.8
1030,2024-05-11,3,105,1,4.1,4.1
1031,2024-05-11,3,108,2,4.5,9.0
1032,2024-05-11,3,104,1,4.2,4.2
1033,2024-05-11,3,103,1,3.9,3.9
1034,2024-05-11,3,107,1,3.5,3.5
1035,2024-05-11,3,106,1,3.2,3.2
1036,2024-05-11,3,103,2,3.9,7.8
1037,2024-05-11,4,108,1,4.5,4.5
1038,2024-05-11,4,107,1,3.5,3.5
1039,2024-05-11,4,103,1,3.9,3.9
1040,2024-05-11,4,101,1,3.8,3.8
1041,2024-05-11,4,102,1,4.0,4.0
1042,2024-05-11,4,110,1,3.4,3.4
1043,2024-05-11,4,105,1,4.1,4.1
1044,2024-05-11,5,108,1,4.5,4.5
1045,2024-05-11,5,106,1,3.2,3.2
1046,2024-05-11,5,106,1,3.2,3.2
1047,2024-05-11,5,101,1,3.8,3.8
1048,2024-05-11,5,102,1,4.0,4.0
1049,2024-05-11,5,101,1,3.8,3.8
1050,2024-05-11,5,110,1,3.4,3.4
1051,2024-05-11,5,104,1,4.2,4.2
1052,2024-05-11,5,104,1,4.2,4.2
1053,2024-05-11,5,101,1,3.8,3.8
1054,2024-05-11,6,107,1,3.5,3.5
1055,2024-05-11,6,103,1,3.9,3.9
1056,2024-05-11,6,104,1,4.2,4.2
1057,2024-05-11,6,105,2,4.1,8.2
1058,2024-05-11,6,107,1,3.5,3.5
1059,2024-05-11,6,101,1,3.8,3.8
1060,2024-05-11,6,110,2,3.4,6.8
1061,2024-05-11,6,102,1,4.0,4.0
1062,2024-05-11,6,107,1,3.5,3.5
1063,2024-05-11,7,102,1,4.0,4.0
1064,2024-05-11,7,105,1,4.1,4.1
1065,2024-05-11,7,102,1,4.0,4.0
1066,2024-05-11,7,103,1,3.9,3.9
1067,2024-05-11,7,102,2,4.0,8.0
1068,2024-05-11,7,104,1,4.2,4.2
1069,2024-05-11,7,108,1,4.5,4.5
1070,2024-05-11,7,105,1,4.1,4.1
1071,2024-05-11,7,102,1,4.0,4.0
1072,2024-05-11,7,109,1,2.2,2.2
1073,2024-05-11,8,102,1,4.0,4.0
1074,2024-05-11,8,109,2,2.2,4.4
1075,2024-05-11,8,102,1,4.0,4.0
1076,2024-05-11,8,106,3,3.2,9.6
1077,2024-05-11,8,108,1,4.5,4.5
1078,2024-05-11,8,109,1,2.2,2.2
1079,2024-05-11,8,108,1,4.5,4.5
1080,2024-05-11,8,102,2,4.0,8.0
1081,2024-05-11,9,108,1,4.5,4.5
1082,2024-05-11,9,106,1,3.2,3.2
1083,2024-05-11,9,103,1,3.9,3.9
1084,2024-05-11,9,109,2,2.2,4.4
1085,2024-05-11,9,106,2,3.2,6.4
1086,2024-05-11,9,107,2,3.5,7.0
1087,2024-05-11,9,103,1,3.9,3.9
1088,2024-05-11,10,102,1,4.0,4.0
1089,2024-05-11,10,108,1,4.5,4.5
1090,2024-05-11,10,102,1,4.0,4.0
1091,2024-05-11,10,102,2,4.0,8.0
1092,2024-05-11,10,106,1,3.2,3.2
1093,2024-05-11,10,107,1,3.5,3.5
1094,2024-05-11,10,104,3,4.2,12.6
1095,2024-05-11,10,102,3,4.0,12.0
1096,2024-05-11,10,105,1,4.1,4.1
1097,2024-05-11,10,104,1,4.2,4.2
1098,2024-05-11,11,110,1,3.4,3.4
1099,2024-05-11,11,107,2,3.5,7.0
1100,2024-05-11,11,104,1,4.2,4.2
1101,2024-05-11,11,107,1,3.5,3.5
1102,2024-05-11,11,108,1,4.5,4.5
1103,2024-05-11,11,101,2,3.8,7.6
1104,2024-05-11,11,102,1,4.0,4.0
1105,2024-05-11,11,104,1,4.2,4.2
1106,2024-05-11,12,104,1,4.2,4.2
1107,2024-05-11,12,102,1,4.0,4.0
1108,2024-05-11,12,102,1,4.0,4.0
1109,2024-05-11,12,101,2,3.8,7.6
1110,2024-05-11,12,103,1,3.9,3.9
1111,2024-05-11,12,101,1,3.8,3.8
1112,2024-05-11,12,106,2,3.2,6.4
1113,2024-05-11,12,108,1,4.5,4.5
1114,2024-05-11,12,108,1,4.5,4.5
1115,2024-05-11,12,108,1,4.5,4.5
1116,2024-05-12,1,108,2,4.5,9.0
1117,2024-05-12,1,103,2,3.9,7.8
1118,2024-05-12,1,103,1,3.9,3.9
1119,2024-05-12,1,105,2,4.1,8.2
1120,2024-05-12,1,104,1,4.2,4.2
1121,2024-05-12,1,108,1,4.5,4.5
1122,2024-05-12,1,103,3,3.9,11.7
1123,2024-05-12,1,110,1,3.4,3.4
1124,2024-05-12,2,101,1,3.8,3.8
1125,2024-05-12,2,102,1,4.0,4.0
1126,2024-05-12,2,107,1,3.5,3.5
1127,2024-05-12,2,110,1,3.4,3.4
1128,2024-05-12,2,104,2,4.2,8.4
1129,2024-05-12,2,108,1,4.5,4.5
1130,2024-05-12,2,101,1,3.8,3.8
1131,2024-05-12,2,107,1,3.5,3.5
1132,2024-05-12,2,105,1,4.1,4.1
1133,2024-05-12,3,103,1,3.9,3.9
1134,2024-05-12,3,105,2,4.1,8.2
1135,2024-05-12,3,108,1,4.5,4.5
1136,2024-05-12,3,103,2,3.9,7.8
1137,2024-05-12,3,101,1,3.8,3.8
1138,2024-05-12,3,108,2,4.5,9.0
1139,2024-05-12,3,106,2,3.2,6.4
1140,2024-05-12,3,108,1,4.5,4.5
1141,2024-05-12,4,102,1,4.0,4.0
1142,2024-05-12,4,107,1,3.5,3.5
1143,2024-05-12,4,101,1,3.8,3.8
1144,2024-05-12,4,108,1,4.5,4.5
1145,2024-05-12,4,107,2,3.5,7.0
1146,2024-05-12,4,105,1,4.1,4.1
1147,2024-05-12,4,104,1,4.2,4.2
1148,2024-05-12,4,102,3,4.0,12.0
1149,2024-05-12,4,107,1,3.5,3.5
1150,2024-05-12,5,107,1,3.5,3.5
1151,2024-05-12,5,110,1,3.4,3.4
1152,2024-05-12,5,102,1,4.0,4.0
1153,2024-05-12,5,108,2,4.5,9.0
1154,2024-05-12,5,104,1,4.2,4.2
1155,2024-05-12,5,105,1,4.1,4.1
1156,2024-05-12,5,110,1,3.4,3.4
1157,2024-05-12,5,105,3,4.1,12.3
1158,2024-05-12,6,108,1,4.5,4.5
1159,2024-05-12,6,108,1,4.5,4.5
1160,2024-05-12,6,102,1,4.0,4.0
1161,2024-05-12,6,103,1,3.9,3.9
1162,2024-05-12,6,101,1,3.8,3.8
1163,2024-05-12,6,103,1,3.9,3.9
1164,2024-05-12,6,105,2,4.1,8.2
1165,2024-05-12,6,110,3,3.4,10.2
1166,2024-05-12,6,104,1,4.2,4.2
1167,2024-05-12,7,101,1,3.8,3.8
1168,2024-05-12,7,103,1,3.9,3.9
1169,2024-05-12,7,104,1,4.2,4.2
1170,2024-05-12,7,106,1,3.2,3.2
1171,2024-05-12,7,108,1,4.5,4.5
1172,2024-05-12,7,106,1,3.2,3.2
1173,2024-05-12,7,106,1,3.2,3.2
1174,2024-05-12,7,102,1,4.0,4.0
1175,2024-05-12,7,105,1,4.1,4.1
1176,2024-05-12,7,103,1,3.9,3.9
1177,2024-05-12,8,104,1,4.2,4.2
1178,2024-05-12,8,103,1,3.9,3.9
1179,2024-05-12,8,104,1,4.2,4.2
1180,2024-05-12,8,107,1,3.5,3.5
1181,2024-05-12,8,101,1,3.8,3.8
1182,2024-05-12,8,108,3,4.5,13.5
1183,2024-05-12,8,105,1,4.1,4.1
1184,2024-05-12,8,102,2,4.0,8.0
1185,2024-05-12,8,107,1,3.5,3.5
1186,2024-05-12,9,101,2,3.8,7.6
1187,2024-05-12,9,108,1,4.5,4.5
1188,2024-05-12,9,109,1,2.2,2.2
1189,2024-05-12,9,102,1,4.0,4.0
1190,2024-05-12,9,105,1,4.1,4.1
1191,2024-05-12,9,101,2,3.8,7.6
1192,2024-05-12,9,107,2,3.5,7.0
1193,2024-05-12,10,104,1,4.2,4.2
1194,2024-05-12,10,106,1,3.2,3.2
1195,2024-05-12,10,103,1,3.9,3.9
1196,2024-05-12,10,105,3,4.1,12.3
1197,2024-05-12,10,103,1,3.9,3.9
1198,2024-05-12,10,106,1,3.2,3.2
1199,2024-05-12,10,105,1,4.1,4.1
1200,2024-05-12,10,105,2,4.1,8.2
1201,2024-05-12,10,106,1,3.2,3.2
1202,2024-05-12,11,109,1,2.2,2.2
1203,2024-05-12,11,110,2,3.4,6.8
1204,2024-05-12,11,106,1,3.2,3.2
1205,2024-05-12,11,108,1,4.5,4.5
1206,2024-05-12,11,108,3,4.5,13.5
1207,2024-05-12,11,102,1,4.0,4.0
1208,2024-05-12,11,104,1,4.2,4.2
1209,2024-05-12,12,103,1,3.9,3.9
1210,2024-05-12,12,108,1,4.5,4.5
1211,2024-05-12,12,110,1,3.4,3.4
1212,2024-05-12,12,108,1,4.5,4.5
1213,2024-05-12,12,106,1,3.2,3.2
1214,2024-05-12,12,108,1,4.5,4.5
1215,2024-05-12,12,108,2,4.5,9.0
1216,2024-05-12,12,106,1,3.2,3.2
1217,2024-05-12,12,102,2,4.0,8.0
1218,2024-05-13,1,102,1,4.0,4.0
1219,2024-05-13,1,102,1,4.0,4.0
1220,2024-05-13,1,103,1,3.9,3.9
1221,2024-05-13,1,106,1,3.2,3.2
1222,2024-05-13,1,107,1,3.5,3.5
1223,2024-05-13,1,105,1,4.1,4.1
1224,2024-05-13,1,104,1,4.2,4.2
1225,2024-05-13,1,104,2,4.2,8.4
1226,2024-05-13,2,108,1,4.5,4.5
1227,2024-05-13,2,107,1,3.5,3.5
1228,2024-05-13,2,101,2,3.8,7.6
1229,2024-05-13,2,103,1,3.9,3.9
1230,2024-05-13,2,107,1,3.5,3.5
1231,2024-05-13,2,103,1,3.9,3.9
1232,2024-05-13,2,103,3,3.9,11.7
1233,2024-05-13,2,103,1,3.9,3.9
1234,2024-05-13,2,101,1,3.8,3.8
1235,2024-05-13,3,103,1,3.9,3.9
1236,2024-05-13,3,102,1,4.0,4.0
1237,2024-05-13,3,106,1,3.2,3.2
1238,2024-05-13,3,102,1,4.0,4.0
1239,2024-05-13,3,108,1,4.5,4.5
1240,2024-05-13,3,107,1,3.5,3.5
1241,2024-05-13,3,108,1,4.5,4.5
1242,2024-05-13,3,104,1,4.2,4.2
1243,2024-05-13,3,105,2,4.1,8.2
1244,2024-05-13,3,106,1,3.2,3.2
1245,2024-05-13,4,106,1,3.2,3.2
1246,2024-05-13,4,108,2,4.5,9.0
1247,2024-05-13,4,105,1,4.1,4.1
1248,2024-05-13,4,108,2,4.5,9.0
1249,2024-05-13,4,102,3,4.0,12.0
1250,2024-05-13,4,104,1,4.2,4.2
1251,2024-05-13,4,108,1,4.5,4.5
1252,2024-05-13,4,108,2,4.5,9.0
1253,2024-05-13,5,103,1,3.9,3.9
1254,2024-05-13,5,108,1,4.5,4.5
1255,2024-05-13,5,106,1,3.2,3.2
1256,2024-05-13,5,107,1,3.5,3.5
1257,2024-05-13,5,108,1,4.5,4.5
1258,2024-05-13,5,108,1,4.5,4.5
1259,2024-05-13,5,108,1,4.5,4.5
1260,2024-05-13,5,106,1,3.2,3.2
1261,2024-05-13,6,104,1,4.2,4.2
1262,2024-05-13,6,101,3,3.8,11.4
1263,2024-05-13,6,106,2,3.2,6.4
1264,2024-05-13,6,107,1,3.5,3.5
1265,2024-05-13,6,105,2,4.1,8.2
1266,2024-05-13,6,103,1,3.9,3.9
1267,2024-05-13,6,108,1,4.5,4.5
1268,2024-05-13,7,103,1,3.9,3.9
1269,2024-05-13,7,107,1,3.5,3.5
1270,2024-05-13,7,110,3,3.4,10.2
1271,2024-05-13,7,103,1,3.9,3.9
1272,2024-05-13,7,107,2,3.5,7.0
1273,2024-05-13,7,110,2,3.4,6.8
1274,2024-05-13,7,104,2,4.2,8.4
1275,2024-05-13,7,110,1,3.4,3.4
1276,2024-05-13,7,109,1,2.2,2.2
1277,2024-05-13,7,103,1,3.9,3.9
1278,2024-05-13,8,105,1,4.1,4.1
1279,2024-05-13,8,107,1,3.5,3.5
1280,2024-05-13,8,104,1,4.2,4.2
1281,2024-05-13,8,109,2,2.2,4.4
1282,2024-05-13,8,108,1,4.5,4.5
1283,2024-05-13,8,108,1,4.5,4.5
1284,2024-05-13,8,107,1,3.5,3.5
1285,2024-05-13,9,104,1,4.2,4.2
1286,2024-05-13,9,104,1,4.2,4.2
1287,2024-05-13,9,108,1,4.5,4.5
1288,2024-05-13,9,104,3,4.2,12.6
1289,2024-05-13,9,107,3,3.5,10.5
1290,2024-05-13,9,108,1,4.5,4.5
1291,2024-05-13,9,107,1,3.5,3.5
1292,2024-05-13,9,108,1,4.5,4.5
1293,2024-05-13,10,107,1,3.5,3.5
1294,2024-05-13,10,106,1,3.2,3.2
1295,2024-05-13,10,105,1,4.1,4.1
1296,2024-05-13,10,105,1,4.1,4.1
1297,2024-05-13,10,105,1,4.1,4.1
1298,2024-05-13,10,106,1,3.2,3.2
1299,2024-05-13,10,101,1,3.8,3.8
1300,2024-05-13,11,106,1,3.2,3.2
1301,2024-05-13,11,108,1,4.5,4.5
1302,2024-05-13,11,103,2,3.9,7.8
1303,2024-05-13,11,108,2,4.5,9.0
1304,2024-05-13,11,106,1,3.2,3.2
1305,2024-05-13,11,102,1,4.0,4.0
1306,2024-05-13,11,101,1,3.8,3.8
1307,2024-05-13,12,108,2,4.5,9.0
1308,2024-05-13,12,110,1,3.4,3.4
1309,2024-05-13,12,107,1,3.5,3.5
1310,2024-05-13,12,104,1,4.2,4.2
1311,2024-05-13,12,108,1,4.5,4.5
1312,2024-05-13,12,106,1,3.2,3.2
1313,2024-05-13,12,103,1,3.9,3.9
1314,2024-05-13,12,107,1,3.5,3.5
1315,2024-05-13,12,102,1,4.0,4.0
1316,2024-05-14,1,104,1,4.2,4.2
1317,2024-05-14,1,105,3,4.1,12.3
1318,2024-05-14,1,103,2,3.9,7.8
1319,2024-05-14,1,110,3,3.4,10.2
1320,2024-05-14,1,103,1,3.9,3.9
1321,2024-05-14,1,103,1,3.9,3.9
1322,2024-05-14,1,104,1,4.2,4.2
1323,2024-05-14,2,103,2,3.9,7.8
1324,2024-05-14,2,101,1,3.8,3.8
1325,2024-05-14,2,106,1,3.2,3.2
1326,2024-05-14,2,108,2,4.5,9.0
1327,2024-05-14,2,108,1,4.5,4.5
1328,2024-05-14,2,105,1,4.1,4.1
1329,2024-05-14,2,101,1,3.8,3.8
1330,2024-05-14,2,105,1,4.1,4.1
1331,2024-05-14,2,106,1,3.2,3.2
1332,2024-05-14,3,110,1,3.4,3.4
1333,2024-05-14,3,103,1,3.9,3.9
1334,2024-05-14,3,108,1,4.5,4.5
1335,2024-05-14,3,107,1,3.5,3.5
1336,2024-05-14,3,101,1,3.8,3.8
1337,2024-05-14,3,107,2,3.5,7.0
1338,2024-05-14,3,103,1,3.9,3.9
1339,2024-05-14,4,105,2,4.1,8.2
1340,2024-05-14,4,104,1,4.2,4.2
1341,2024-05-14,4,107,2,3.5,7.0
1342,2024-05-14,4,103,1,3.9,3.9
1343,2024-05-14,4,108,1,4.5,4.5
1344,2024-05-14,4,101,2,3.8,7.6
1345,2024-05-14,4,108,1,4.5,4.5
1346,2024-05-14,4,106,2,3.2,6.4
1347,2024-05-14,4,108,2,4.5,9.0
1348,2024-05-14,4,104,1,4.2,4.2
1349,2024-05-14,5,108,1,4.5,4.5
1350,2024-05-14,5,102,1,4.0,4.0
1351,2024-05-14,5,102,1,4.0,4.0
1352,2024-05-14,5,108,1,4.5,4.5
1353,2024-05-14,5,106,1,3.2,3.2
1354,2024-05-14,5,103,1,3.9,3.9
1355,2024-05-14,5,110,2,3.4,6.8
1356,2024-05-14,5,102,1,4.0,4.0
1357,2024-05-14,6,104,1,4.2,4.2
1358,2024-05-14,6,105,1,4.1,4.1
1359,2024-05-14,6,109,1,2.2,2.2
1360,2024-05-14,6,106,1,3.2,3.2
1361,2024-05-14,6,105,2,4.1,8.2
1362,2024-05-14,6,103,1,3.9,3.9
1363,2024-05-14,6,105,1,4.1,4.1
1364,2024-05-14,6,106,1,3.2,3.2
1365,2024-05-14,6,104,1,4.2,4.2
1366,2024-05-14,7,107,1,3.5,3.5
1367,2024-05-14,7,104,1,4.2,4.2
1368,2024-05-14,7,101,1,3.8,3.8
1369,2024-05-14,7,105,1,4.1,4.1
1370,2024-05-14,7,102,1,4.0,4.0
1371,2024-05-14,7,108,1,4.5,4.5
1372,2024-05-14,7,108,1,4.5,4.5
1373,2024-05-14,7,107,1,3.5,3.5
1374,2024-05-14,7,102,1,4.0,4.0
1375,2024-05-14,8,103,1,3.9,3.9
1376,2024-05-14,8,106,2,3.2,6.4
1377,2024-05-14,8,101,1,3.8,3.8
1378,2024-05-14,8,102,1,4.0,4.0
1379,2024-05-14,8,106,2,3.2,6.4
1380,2024-05-14,8,107,2,3.5,7.0
1381,2024-05-14,8,103,3,3.9,11.7
1382,2024-05-14,9,102,1,4.0,4.0
1383,2024-05-14,9,106,1,3.2,3.2
1384,2024-05-14,9,104,1,4.2,4.2
1385,2024-05-14,9,102,1,4.0,4.0
1386,2024-05-14,9,102,1,4.0,4.0
1387,2024-05-14,9,101,1,3.8,3.8
1388,2024-05-14,9,110,2,3.4,6.8
1389,2024-05-14,9,106,1,3.2,3.2
1390,2024-05-14,9,106,2,3.2,6.4
1391,2024-05-14,9,104,1,4.2,4.2
1392,2024-05-14,10,109,2,2.2,4.4
1393,2024-05-14,10,108,1,4.5,4.5
1394,2024-05-14,10,104,1,4.2,4.2
1395,2024-05-14,10,105,2,4.1,8.2
1396,2024-05-14,10,104,1,4.2,4.2
1397,2024-05-14,10,101,2,3.8,7.6
1398,2024-05-14,10,103,2,3.9,7.8
1399,2024-05-14,10,104,1,4.2,4.2
1400,2024-05-14,11,106,1,3.2,3.2
1401,2024-05-14,11,104,1,4.2,4.2
1402,2024-05-14,11,102,1,4.0,4.0
1403,2024-05-14,11,105,1,4.1,4.1
1404,2024-05-14,11,105,1,4.1,4.1
1405,2024-05-14,11,110,2,3.4,6.8
1406,2024-05-14,11,105,1,4.1,4.1
1407,2024-05-14,12,102,1,4.0,4.0
1408,2024-05-14,12,107,1,3.5,3.5
1409,2024-05-14,12,108,1,4.5,4.5
1410,2024-05-14,12,103,2,3.9,7.8
1411,2024-05-14,12,103,1,3.9,3.9
1412,2024-05-14,12,103,1,3.9,3.9
1413,2024-05-14,12,106,1,3.2,3.2
1414,2024-05-14,12,109,2,2.2,4.4
1415,2024-05-14,12,107,2,3.5,7.0
1416,2024-05-14,12,104,1,4.2,4.2
1417,2024-05-15,1,101,1,3.8,3.8
1418,2024-05-15,1,110,1,3.4,3.4
1419,2024-05-15,1,104,2,4.2,8.4
1420,2024-05-15,1,108,1,4.5,4.5
1421,2024-05-15,1,103,2,3.9,7.8
1422,2024-05-15,1,104,1,4.2,4.2
1423,2024-05-15,1,108,1,4.5,4.5
1424,2024-05-15,1,108,1,4.5,4.5
1425,2024-05-15,1,101,3,3.8,11.4
1426,2024-05-15,2,110,1,3.4,3.4
1427,2024-05-15,2,104,1,4.2,4.2
1428,2024-05-15,2,106,2,3.2,6.4
1429,2024-05-15,2,105,1,4.1,4.1
1430,2024-05-15,2,106,1,3.2,3.2
1431,2024-05-15,2,102,1,4.0,4.0
1432,2024-05-15,2,102,1,4.0,4.0
1433,2024-05-15,3,105,2,4.1,8.2
1434,2024-05-15,3,107,2,3.5,7.0
1435,2024-05-15,3,108,1,4.5,4.5
1436,2024-05-15,3,105,1,4.1,4.1
1437,2024-05-15,3,107,3,3.5,10.5
1438,2024-05-15,3,105,2,4.1,8.2
1439,2024-05-15,3,107,1,3.5,3.5
1440,2024-05-15,4,104,1,4.2,4.2
1441,2024-05-15,4,102,1,4.0,4.0
1442,2024-05-15,4,104,1,4.2,4.2
1443,2024-05-15,4,102,1,4.0,4.0
1444,2024-05-15,4,107,1,3.5,3.5
1445,2024-05-15,4,110,1,3.4,3.4
1446,2024-05-15,4,103,1,3.9,3.9
1447,2024-05-15,5,104,1,4.2,4.2
1448,2024-05-15,5,102,1,4.0,4.0
1449,2024-05-15,5,101,2,3.8,7.6
1450,2024-05-15,5,104,1,4.2,4.2
1451,2024-05-15,5,103,1,3.9,3.9
1452,2024-05-15,5,103,3,3.9,11.7
1453,2024-05-15,5,107,1,3.5,3.5
1454,2024-05-15,5,105,1,4.1,4.1
1455,2024-05-15,6,104,1,4.2,4.2
1456,2024-05-15,6,107,2,3.5,7.0
1457,2024-05-15,6,102,1,4.0,4.0
1458,2024-05-15,6,106,1,3.2,3.2
1459,2024-05-15,6,103,1,3.9,3.9
1460,2024-05-15,6,106,1,3.2,3.2
1461,2024-05-15,6,104,1,4.2,4.2
1462,2024-05-15,6,107,1,3.5,3.5
1463,2024-05-15,6,102,1,4.0,4.0
1464,2024-05-15,7,105,1,4.1,4.1
1465,2024-05-15,7,105,1,4.1,4.1
1466,2024-05-15,7,105,1,4.1,4.1
1467,2024-05-15,7,103,1,3.9,3.9
1468,2024-05-15,7,108,1,4.5,4.5
1469,2024-05-15,7,102,2,4.0,8.0
1470,2024-05-15,7,103,1,3.9,3.9
1471,2024-05-15,7,106,1,3.2,3.2
1472,2024-05-15,7,103,1,3.9,3.9
1473,2024-05-15,8,107,1,3.5,3.5
1474,2024-05-15,8,106,1,3.2,3.2
1475,2024-05-15,8,106,1,3.2,3.2
1476,2024-05-15,8,103,1,3.9,3.9
1477,2024-05-15,8,107,1,3.5,3.5
1478,2024-05-15,8,107,1,3.5,3.5
1479,2024-05-15,8,105,2,4.1,8.2
1480,2024-05-15,8,109,1,2.2,2.2
1481,2024-05-15,8,108,1,4.5,4.5
1482,2024-05-15,9,105,2,4.1,8.2
1483,2024-05-15,9,104,1,4.2,4.2
1484,2024-05-15,9,103,3,3.9,11.7
1485,2024-05-15,9,108,2,4.5,9.0
1486,2024-05-15,9,103,1,3.9,3.9
1487,2024-05-15,9,104,1,4.2,4.2
1488,2024-05-15,9,102,1,4.0,4.0
1489,2024-05-15,9,102,1,4.0,4.0
1490,2024-05-15,9,105,2,4.1,8.2
1491,2024-05-15,10,108,3,4.5,13.5
1492,2024-05-15,10,104,2,4.2,8.4
1493,2024-05-15,10,101,1,3.8,3.8
1494,2024-05-15,10,109,1,2.2,2.2
1495,2024-05-15,10,104,1,4.2,4.2
1496,2024-05-15,10,108,1,4.5,4.5
1497,2024-05-15,10,108,2,4.5,9.0
1498,2024-05-15,10,102,1,4.0,4.0
1499,2024-05-15,10,102,1,4.0,4.0
1500,2024-05-15,11,107,1,3.5,3.5
1501,2024-05-15,11,101,1,3.8,3.8
1502,2024-05-15,11,107,2,3.5,7.0
1503,2024-05-15,11,105,1,4.1,4.1
1504,2024-05-15,11,103,1,3.9,3.9
1505,2024-05-15,11,107,1,3.5,3.5
1506,2024-05-15,11,108,1,4.5,4.5
1507,2024-05-15,11,108,1,4.5,4.5
1508,2024-05-15,12,104,2,4.2,8.4
1509,2024-05-15,12,105,1,4.1,4.1
1510,2024-05-15,12,101,1,3.8,3.8
1511,2024-05-15,12,106,1,3.2,3.2
1512,2024-05-15,12,104,1,4.2,4.2
1513,2024-05-15,12,105,1,4.1,4.1
1514,2024-05-15,12,107,1,3.5,3.5
1515,2024-05-15,12,108,1,4.5,4.5
1516,2024-05-15,12,105,1,4.1,4.1
1517,2024-05-16,1,108,1,4.5,4.5
1518,2024-05-16,1,105,1,4.1,4.1
1519,2024-05-16,1,108,2,4.5,9.0
1520,2024-05-16,1,110,1,3.4,3.4
1521,2024-05-16,1,107,1,3.5,3.5
1522,2024-05-16,1,106,1,3.2,3.2
1523,2024-05-16,1,102,1,4.0,4.0
1524,2024-05-16,1,103,1,3.9,3.9
1525,2024-05-16,2,101,3,3.8,11.4
1526,2024-05-16,2,101,1,3.8,3.8
1527,2024-05-16,2,102,1,4.0,4.0
1528,2024-05-16,2,101,1,3.8,3.8
1529,2024-05-16,2,102,1,4.0,4.0
1530,2024-05-16,2,107,1,3.5,3.5
1531,2024-05-16,2,107,1,3.5,3.5
1532,2024-05-16,2,106,1,3.2,3.2
1533,2024-05-16,2,106,1,3.2,3.2
1534,2024-05-16,3,102,2,4.0,8.0
1535,2024-05-16,3,106,3,3.2,9.6
1536,2024-05-16,3,107,2,3.5,7.0
1537,2024-05-16,3,104,1,4.2,4.2
1538,2024-05-16,3,106,1,3.2,3.2
1539,2024-05-16,3,110,1,3.4,3.4
1540,2024-05-16,3,110,1,3.4,3.4
1541,2024-05-16,3,108,2,4.5,9.0
1542,2024-05-16,4,103,1,3.9,3.9
1543,2024-05-16,4,104,2,4.2,8.4
1544,2024-05-16,4,101,1,3.8,3.8
1545,2024-05-16,4,104,1,4.2,4.2
1546,2024-05-16,4,101,1,3.8,3.8
1547,2024-05-16,4,101,1,3.8,3.8
1548,2024-05-16,4,108,1,4.5,4.5
1549,2024-05-16,5,106,1,3.2,3.2
1550,2024-05-16,5,103,1,3.9,3.9
1551,2024-05-16,5,109,1,2.2,2.2
1552,2024-05-16,5,108,1,4.5,4.5
1553,2024-05-16,5,102,1,4.0,4.0
1554,2024-05-16,5,110,2,3.4,6.8
1555,2024-05-16,5,104,1,4.2,4.2
1556,2024-05-16,5,104,1,4.2,4.2
1557,2024-05-16,5,103,1,3.9,3.9
1558,2024-05-16,6,105,1,4.1,4.1
1559,2024-05-16,6,102,1,4.0,4.0
1560,2024-05-16,6,104,1,4.2,4.2
1561,2024-05-16,6,102,2,4.0,8.0
1562,2024-05-16,6,105,1,4.1,4.1
1563,2024-05-16,6,107,1,3.5,3.5
1564,2024-05-16,6,108,2,4.5,9.0
1565,2024-05-16,6,106,1,3.2,3.2
1566,2024-05-16,6,103,2,3.9,7.8
1567,2024-05-16,7,105,2,4.1,8.2
1568,2024-05-16,7,102,1,4.0,4.0
1569,2024-05-16,7,106,1,3.2,3.2
1570,2024-05-16,7,106,2,3.2,6.4
1571,2024-05-16,7,101,1,3.8,3.8
1572,2024-05-16,7,104,1,4.2,4.2
1573,2024-05-16,7,107,1,3.5,3.5
1574,2024-05-16,7,105,1,4.1,4.1
1575,2024-05-16,8,106,1,3.2,3.2
1576,2024-05-16,8,110,2,3.4,6.8
1577,2024-05-16,8,107,2,3.5,7.0
1578,2024-05-16,8,103,1,3.9,3.9
1579,2024-05-16,8,107,2,3.5,7.0
1580,2024-05-16,8,103,1,3.9,3.9
1581,2024-05-16,8,101,2,3.8,7.6
1582,2024-05-16,8,101,3,3.8,11.4
1583,2024-05-16,9,101,1,3.8,3.8
1584,2024-05-16,9,103,1,3.9,3.9
1585,2024-05-16,9,106,1,3.2,3.2
1586,2024-05-16,9,108,1,4.5,4.5
1587,2024-05-16,9,107,1,3.5,3.5
1588,2024-05-16,9,107,2,3.5,7.0
1589,2024-05-16,9,101,1,3.8,3.8
1590,2024-05-16,10,108,3,4.5,13.5
1591,2024-05-16,10,105,2,4.1,8.2
1592,2024-05-16,10,107,2,3.5,7.0
1593,2024-05-16,10,105,2,4.1,8.2
1594,2024-05-16,10,101,1,3.8,3.8
1595,2024-05-16,10,103,2,3.9,7.8
1596,2024-05-16,10,102,1,4.0,4.0
1597,2024-05-16,10,104,3,4.2,12.6
1598,2024-05-16,10,108,1,4.5,4.5
1599,2024-05-16,11,101,1,3.8,3.8
1600,2024-05-16,11,103,2,3.9,7.8
1601,2024-05-16,11,109,1,2.2,2.2
1602,2024-05-16,11,104,1,4.2,4.2
1603,2024-05-16,11,104,1,4.2,4.2
1604,2024-05-16,11,106,1,3.2,3.2
1605,2024-05-16,11,106,1,3.2,3.2
1606,2024-05-16,11,107,1,3.5,3.5
1607,2024-05-16,11,108,1,4.5,4.5
1608,2024-05-16,12,107,1,3.5,3.5
1609,2024-05-16,12,107,1,3.5,3.5
1610,2024-05-16,12,102,1,4.0,4.0
1611,2024-05-16,12,107,2,3.5,7.0
1612,2024-05-16,12,101,1,3.8,3.8
1613,2024-05-16,12,106,1,3.2,3.2
1614,2024-05-16,12,106,1,3.2,3.2
1615,2024-05-17,1,103,1,3.9,3.9
1616,2024-05-17,1,104,1,4.2,4.2
1617,2024-05-17,1,107,3,3.5,10.5
1618,2024-05-17,1,108,1,4.5,4.5
1619,2024-05-17,1,102,2,4.0,8.0
1620,2024-05-17,1,102,1,4.0,4.0
1621,2024-05-17,1,106,1,3.2,3.2
1622,2024-05-17,2,103,1,3.9,3.9
1623,2024-05-17,2,106,1,3.2,3.2
1624,2024-05-17,2,102,1,4.0,4.0
1625,2024-05-17,2,103,3,3.9,11.7
1626,2024-05-17,2,104,1,4.2,4.2
1627,2024-05-17,2,107,1,3.5,3.5
1628,2024-05-17,2,106,1,3.2,3.2
1629,2024-05-17,2,105,1,4.1,4.1
1630,2024-05-17,2,103,1,3.9,3.9
1631,2024-05-17,3,102,1,4.0,4.0
1632,2024-05-17,3,110,1,3.4,3.4
1633,2024-05-17,3,104,1,4.2,4.2
1634,2024-05-17,3,104,1,4.2,4.2
1635,2024-05-17,3,103,2,3.9,7.8
1636,2024-05-17,3,107,1,3.5,3.5
1637,2024-05-17,3,106,1,3.2,3.2
1638,2024-05-17,3,105,1,4.1,4.1
1639,2024-05-17,3,104,1,4.2,4.2
1640,2024-05-17,4,104,1,4.2,4.2
1641,2024-05-17,4,107,1,3.5,3.5
1642,2024-05-17,4,106,1,3.2,3.2
1643,2024-05-17,4,101,2,3.8,7.6
1644,2024-05-17,4,106,1,3.2,3.2
1645,2024-05-17,4,109,1,2.2,2.2
1646,2024-05-17,4,103,1,3.9,3.9
1647,2024-05-17,4,102,2,4.0,8.0
1648,2024-05-17,4,106,3,3.2,9.6
1649,2024-05-17,5,110,2,3.4,6.8
1650,2024-05-17,5,104,1,4.2,4.2
1651,2024-05-17,5,109,1,2.2,2.2
1652,2024-05-17,5,110,1,3.4,3.4
1653,2024-05-17,5,104,1,4.2,4.2
1654,2024-05-17,5,107,1,3.5,3.5
1655,2024-05-17,5,103,1,3.9,3.9
1656,2024-05-17,6,107,2,3.5,7.0
1657,2024-05-17,6,106,2,3.2,6.4
1658,2024-05-17,6,109,1,2.2,2.2
1659,2024-05-17,6,108,1,4.5,4.5
1660,2024-05-17,6,108,3,4.5,13.5
1661,2024-05-17,6,108,1,4.5,4.5
1662,2024-05-17,6,104,1,4.2,4.2
1663,2024-05-17,7,110,1,3.4,3.4
1664,2024-05-17,7,103,1,3.9,3.9
1665,2024-05-17,7,104,2,4.2,8.4
1666,2024-05-17,7,103,2,3.9,7.8
1667,2024-05-17,7,110,3,3.4,10.2
1668,2024-05-17,7,109,1,2.2,2.2
1669,2024-05-17,7,106,1,3.2,3.2
1670,2024-05-17,7,108,1,4.5,4.5
1671,2024-05-17,7,101,1,3.8,3.8
1672,2024-05-17,8,107,3,3.5,10.5
1673,2024-05-17,8,103,2,3.9,7.8
1674,2024-05-17,8,108,1,4.5,4.5
1675,2024-05-17,8,106,1,3.2,3.2
1676,2024-05-17,8,103,1,3.9,3.9
1677,2024-05-17,8,108,1,4.5,4.5
1678,2024-05-17,8,103,1,3.9,3.9
1679,2024-05-17,8,102,1,4.0,4.0
1680,2024-05-17,8,107,1,3.5,3.5
1681,2024-05-17,9,102,1,4.0,4.0
1682,2024-05-17,9,101,1,3.8,3.8
1683,2024-05-17,9,104,2,4.2,8.4
1684,2024-05-17,9,109,1,2.2,2.2
1685,2024-05-17,9,109,1,2.2,2.2
1686,2024-05-17,9,110,2,3.4,6.8
1687,2024-05-17,9,105,2,4.1,8.2
1688,2024-05-17,9,107,1,3.5,3.5
1689,2024-05-17,9,103,2,3.9,7.8
1690,2024-05-17,10,104,1,4.2,4.2
1691,2024-05-17,10,104,2,4.2,8.4
1692,2024-05-17,10,103,1,3.9,3.9
1693,2024-05-17,10,108,1,4.5,4.5
1694,2024-05-17,10,106,1,3.2,3.2
1695,2024-05-17,10,105,2,4.1,8.2
1696,2024-05-17,10,101,1,3.8,3.8
1697,2024-05-17,10,106,1,3.2,3.2
1698,2024-05-17,10,110,2,3.4,6.8
1699,2024-05-17,11,103,1,3.9,3.9
1700,2024-05-17,11,108,1,4.5,4.5
1701,2024-05-17,11,105,1,4.1,4.1
1702,2024-05-17,11,103,2,3.9,7.8
1703,2024-05-17,11,107,1,3.5,3.5
1704,2024-05-17,11,103,2,3.9,7.8
1705,2024-05-17,11,108,1,4.5,4.5
1706,2024-05-17,11,103,1,3.9,3.9
1707,2024-05-17,11,105,1,4.1,4.1
1708,2024-05-17,11,109,1,2.2,2.2
1709,2024-05-17,12,101,2,3.8,7.6
1710,2024-05-17,12,108,2,4.5,9.0
1711,2024-05-17,12,101,1,3.8,3.8
1712,2024-05-17,12,107,1,3.5,3.5
1713,2024-05-17,12,107,1,3.5,3.5
1714,2024-05-17,12,101,3,3.8,11.4
1715,2024-05-17,12,102,1,4.0,4.0
1716,2024-05-17,12,105,1,4.1,4.1
1717,2024-05-17,12,102,1,4.0,4.0
1718,2024-05-17,12,107,1,3.5,3.5
1719,2024-05-18,1,103,1,3.9,3.9
1720,2024-05-18,1,107,1,3.5,3.5
1721,2024-05-18,1,106,1,3.2,3.2
1722,2024-05-18,1,103,1,3.9,3.9
1723,2024-05-18,1,101,1,3.8,3.8
1724,2024-05-18,1,107,1,3.5,3.5
1725,2024-05-18,1,101,1,3.8,3.8
1726,2024-05-18,1,103,1,3.9,3.9
1727,2024-05-18,1,108,1,4.5,4.5
1728,2024-05-18,1,106,3,3.2,9.6
1729,2024-05-18,2,109,2,2.2,4.4
1730,2024-05-18,2,102,2,4.0,8.0
1731,2024-05-18,2,108,1,4.5,4.5
1732,2024-05-18,2,104,1,4.2,4.2
1733,2024-05-18,2,103,1,3.9,3.9
1734,2024-05-18,2,101,1,3.8,3.8
1735,2024-05-18,2,103,3,3.9,11.7
1736,2024-05-18,2,104,1,4.2,4.2
1737,2024-05-18,2,108,1,4.5,4.5
1738,2024-05-18,3,103,3,3.9,11.7
1739,2024-05-18,3,104,1,4.2,4.2
1740,2024-05-18,3,105,1,4.1,4.1
1741,2024-05-18,3,103,1,3.9,3.9
1742,2024-05-18,3,101,1,3.8,3.8
1743,2024-05-18,3,103,2,3.9,7.8
1744,2024-05-18,3,106,2,3.2,6.4
1745,2024-05-18,3,110,1,3.4,3.4
1746,2024-05-18,3,103,1,3.9,3.9
1747,2024-05-18,4,107,2,3.5,7.0
1748,2024-05-18,4,103,1,3.9,3.9
1749,2024-05-18,4,106,1,3.2,3.2
1750,2024-05-18,4,103,1,3.9,3.9
1751,2024-05-18,4,109,1,2.2,2.2
1752,2024-05-18,4,108,1,4.5,4.5
1753,2024-05-18,4,104,1,4.2,4.2
1754,2024-05-18,4,105,2,4.1,8.2
1755,2024-05-18,5,105,2,4.1,8.2
1756,2024-05-18,5,103,1,3.9,3.9
1757,2024-05-18,5,107,1,3.5,3.5
1758,2024-05-18,5,103,1,3.9,3.9
1759,2024-05-18,5,107,1,3.5,3.5
1760,2024-05-18,5,101,1,3.8,3.8
1761,2024-05-18,5,104,1,4.2,4.2
1762,2024-05-18,5,104,2,4.2,8.4
1763,2024-05-18,5,108,2,4.5,9.0
1764,2024-05-18,6,101,1,3.8,3.8
1765,2024-05-18,6,102,2,4.0,8.0
1766,2024-05-18,6,103,1,3.9,3.9
1767,2024-05-18,6,101,2,3.8,7.6
1768,2024-05-18,6,110,1,3.4,3.4
1769,2024-05-18,6,108,1,4.5,4.5
1770,2024-05-18,6,102,1,4.0,4.0
1771,2024-05-18,7,106,2,3.2,6.4
1772,2024-05-18,7,103,1,3.9,3.9
1773,2024-05-18,7,103,1,3.9,3.9
1774,2024-05-18,7,104,1,4.2,4.2
1775,2024-05-18,7,109,1,2.2,2.2
1776,2024-05-18,7,106,1,3.2,3.2
1777,2024-05-18,7,107,1,3.5,3.5
1778,2024-05-18,7,108,2,4.5,9.0
1779,2024-05-18,7,101,1,3.8,3.8
1780,2024-05-18,8,108,1,4.5,4.5
1781,2024-05-18,8,102,1,4.0,4.0
1782,2024-05-18,8,109,1,2.2,2.2
1783,2024-05-18,8,105,1,4.1,4.1
1784,2024-05-18,8,110,1,3.4,3.4
1785,2024-05-18,8,102,1,4.0,4.0
1786,2024-05-18,8,102,1,4.0,4.0
1787,2024-05-18,8,103,1,3.9,3.9
1788,2024-05-18,8,104,1,4.2,4.2
1789,2024-05-18,9,108,1,4.5,4.5
1790,2024-05-18,9,107,1,3.5,3.5
1791,2024-05-18,9,101,1,3.8,3.8
1792,2024-05-18,9,108,1,4.5,4.5
1793,2024-05-18,9,110,1,3.4,3.4
1794,2024-05-18,9,103,1,3.9,3.9
1795,2024-05-18,9,105,1,4.1,4.1
1796,2024-05-18,9,109,2,2.2,4.4
1797,2024-05-18,10,110,1,3.4,3.4
1798,2024-05-18,10,110,2,3.4,6.8
1799,2024-05-18,10,107,1,3.5,3.5
1800,2024-05-18,10,101,1,3.8,3.8
1801,2024-05-18,10,104,1,4.2,4.2
1802,2024-05-18,10,103,1,3.9,3.9
1803,2024-05-18,10,103,2,3.9,7.8
1804,2024-05-18,10,103,1,3.9,3.9
1805,2024-05-18,10,102,1,4.0,4.0
1806,2024-05-18,11,101,1,3.8,3.8
1807,2024-05-18,11,110,1,3.4,3.4
1808,2024-05-18,11,103,1,3.9,3.9
1809,2024-05-18,11,107,1,3.5,3.5
1810,2024-05-18,11,103,1,3.9,3.9
1811,2024-05-18,11,106,1,3.2,3.2
1812,2024-05-18,11,107,1,3.5,3.5
1813,2024-05-18,11,107,1,3.5,3.5
1814,2024-05-18,11,106,1,3.2,3.2
1815,2024-05-18,11,104,1,4.2,4.2
1816,2024-05-18,12,103,1,3.9,3.9
1817,2024-05-18,12,101,2,3.8,7.6
1818,2024-05-18,12,109,2,2.2,4.4
1819,2024-05-18,12,107,1,3.5,3.5
1820,2024-05-18,12,105,1,4.1,4.1
1821,2024-05-18,12,107,1,3.5,3.5
1822,2024-05-18,12,108,1,4.5,4.5
1823,2024-05-18,12,110,1,3.4,3.4
1824,2024-05-18,12,109,1,2.2,2.2
1825,2024-05-18,12,108,1,4.5,4.5
1826,2024-05-19,1,106,1,3.2,3.2
1827,2024-05-19,1,104,1,4.2,4.2
1828,2024-05-19,1,107,1,3.5,3.5
1829,2024-05-19,1,101,1,3.8,3.8
1830,2024-05-19,1,107,1,3.5,3.5
1831,2024-05-19,1,107,1,3.5,3.5
1832,2024-05-19,1,104,1,4.2,4.2
1833,2024-05-19,1,102,2,4.0,8.0
1834,2024-05-19,2,106,1,3.2,3.2
1835,2024-05-19,2,106,1,3.2,3.2
1836,2024-05-19,2,101,1,3.8,3.8
1837,2024-05-19,2,108,1,4.5,4.5
1838,2024-05-19,2,109,1,2.2,2.2
1839,2024-05-19,2,107,2,3.5,7.0
1840,2024-05-19,2,107,1,3.5,3.5
1841,2024-05-19,2,105,1,4.1,4.1
1842,2024-05-19,2,105,1,4.1,4.1
1843,2024-05-19,3,108,1,4.5,4.5
1844,2024-05-19,3,108,1,4.5,4.5
1845,2024-05-19,3,105,1,4.1,4.1
1846,2024-05-19,3,102,1,4.0,4.0
1847,2024-05-19,3,102,3,4.0,12.0
1848,2024-05-19,3,103,1,3.9,3.9
1849,2024-05-19,3,110,1,3.4,3.4
1850,2024-05-19,3,103,1,3.9,3.9
1851,2024-05-19,3,104,1,4.2,4.2
1852,2024-05-19,3,105,1,4.1,4.1
1853,2024-05-19,4,104,1,4.2,4.2
1854,2024-05-19,4,105,1,4.1,4.1
1855,2024-05-19,4,102,3,4.0,12.0
1856,2024-05-19,4,107,1,3.5,3.5
1857,2024-05-19,4,108,1,4.5,4.5
1858,2024-05-19,4,108,1,4.5,4.5
1859,2024-05-19,4,108,1,4.5,4.5
1860,2024-05-19,4,102,2,4.0,8.0
1861,2024-05-19,4,107,1,3.5,3.5
1862,2024-05-19,5,105,1,4.1,4.1
1863,2024-05-19,5,107,2,3.5,7.0
1864,2024-05-19,5,101,1,3.8,3.8
1865,2024-05-19,5,109,1,2.2,2.2
1866,2024-05-19,5,104,1,4.2,4.2
1867,2024-05-19,5,107,1,3.5,3.5
1868,2024-05-19,5,104,1,4.2,4.2
1869,2024-05-19,5,101,1,3.8,3.8
1870,2024-05-19,6,107,2,3.5,7.0
1871,2024-05-19,6,102,1,4.0,4.0
1872,2024-05-19,6,103,1,3.9,3.9
1873,2024-05-19,6,103,1,3.9,3.9
1874,2024-05-19,6,106,1,3.2,3.2
1875,2024-05-19,6,105,1,4.1,4.1
1876,2024-05-19,6,109,1,2.2,2.2
1877,2024-05-19,6,107,1,3.5,3.5
1878,2024-05-19,7,102,1,4.0,4.0
1879,2024-05-19,7,103,1,3.9,3.9
1880,2024-05-19,7,103,1,3.9,3.9
1881,2024-05-19,7,110,1,3.4,3.4
1882,2024-05-19,7,107,1,3.5,3.5
1883,2024-05-19,7,101,1,3.8,3.8
1884,2024-05-19,7,107,2,3.5,7.0
1885,2024-05-19,7,108,1,4.5,4.5
1886,2024-05-19,7,108,1,4.5,4.5
1887,2024-05-19,7,106,1,3.2,3.2
1888,2024-05-19,8,106,1,3.2,3.2
1889,2024-05-19,8,101,1,3.8,3.8
1890,2024-05-19,8,105,1,4.1,4.1
1891,2024-05-19,8,103,1,3.9,3.9
1892,2024-05-19,8,109,3,2.2,6.6
1893,2024-05-19,8,108,3,4.5,13.5
1894,2024-05-19,8,103,1,3.9,3.9
1895,2024-05-19,9,108,1,4.5,4.5
1896,2024-05-19,9,103,2,3.9,7.8
1897,2024-05-19,9,107,2,3.5,7.0
1898,2024-05-19,9,108,2,4.5,9.0
1899,2024-05-19,9,101,2,3.8,7.6
1900,2024-05-19,9,101,1,3.8,3.8
1901,2024-05-19,9,101,1,3.8,3.8
1902,2024-05-19,9,106,1,3.2,3.2
1903,2024-05-19,10,109,1,2.2,2.2
1904,2024-05-19,10,102,1,4.0,4.0
1905,2024-05-19,10,105,1,4.1,4.1
1906,2024-05-19,10,107,1,3.5,3.5
1907,2024-05-19,10,101,1,3.8,3.8
1908,2024-05-19,10,107,1,3.5,3.5
1909,2024-05-19,10,104,2,4.2,8.4
1910,2024-05-19,10,107,1,3.5,3.5
1911,2024-05-19,10,102,1,4.0,4.0
1912,2024-05-19,10,105,1,4.1,4.1
1913,2024-05-19,11,106,1,3.2,3.2
1914,2024-05-19,11,103,2,3.9,7.8
1915,2024-05-19,11,105,1,4.1,4.1
1916,2024-05-19,11,101,1,3.8,3.8
1917,2024-05-19,11,109,1,2.2,2.2
1918,2024-05-19,11,107,1,3.5,3.5
1919,2024-05-19,11,105,1,4.1,4.1
1920,2024-05-19,11,101,3,3.8,11.4
1921,2024-05-19,11,107,1,3.5,3.5
1922,2024-05-19,11,108,1,4.5,4.5
1923,2024-05-19,12,103,1,3.9,3.9
1924,2024-05-19,12,101,1,3.8,3.8
1925,2024-05-19,12,108,1,4.5,4.5
1926,2024-05-19,12,105,1,4.1,4.1
1927,2024-05-19,12,110,3,3.4,10.2
1928,2024-05-19,12,102,1,4.0,4.0
1929,2024-05-19,12,106,1,3.2,3.2
1930,2024-05-19,12,103,1,3.9,3.9
1931,2024-05-19,12,104,1,4.2,4.2
1932,2024-05-19,12,101,1,3.8,3.8
1933,2024-05-20,1,104,1,4.2,4.2
1934,2024-05-20,1,109,1,2.2,2.2
1935,2024-05-20,1,106,1,3.2,3.2
1936,2024-05-20,1,102,2,4.0,8.0
1937,2024-05-20,1,103,1,3.9,3.9
1938,2024-05-20,1,106,1,3.2,3.2
1939,2024-05-20,1,108,1,4.5,4.5
1940,2024-05-20,1,107,1,3.5,3.5
1941,2024-05-20,2,103,1,3.9,3.9
1942,2024-05-20,2,101,2,3.8,7.6
1943,2024-05-20,2,107,1,3.5,3.5
1944,2024-05-20,2,102,1,4.0,4.0
1945,2024-05-20,2,104,1,4.2,4.2
1946,2024-05-20,2,109,1,2.2,2.2
1947,2024-05-20,2,108,1,4.5,4.5
1948,2024-05-20,2,106,2,3.2,6.4
1949,2024-05-20,2,101,1,3.8,3.8
1950,2024-05-20,2,103,1,3.9,3.9
1951,2024-05-20,3,105,1,4.1,4.1
1952,2024-05-20,3,103,1,3.9,3.9
1953,2024-05-20,3,104,2,4.2,8.4
1954,2024-05-20,3,106,1,3.2,3.2
1955,2024-05-20,3,108,3,4.5,13.5
1956,2024-05-20,3,107,1,3.5,3.5
1957,2024-05-20,3,101,1,3.8,3.8
1958,2024-05-20,3,109,1,2.2,2.2
1959,2024-05-20,3,108,1,4.5,4.5
1960,2024-05-20,4,108,1,4.5,4.5
1961,2024-05-20,4,101,2,3.8,7.6
1962,2024-05-20,4,107,1,3.5,3.5
1963,2024-05-20,4,101,1,3.8,3.8
1964,2024-05-20,4,104,1,4.2,4.2
1965,2024-05-20,4,102,1,4.0,4.0
1966,2024-05-20,4,108,1,4.5,4.5
1967,2024-05-20,4,107,1,3.5,3.5
1968,2024-05-20,4,101,1,3.8,3.8
1969,2024-05-20,4,107,1,3.5,3.5
1970,2024-05-20,5,101,1,3.8,3.8
1971,2024-05-20,5,103,1,3.9,3.9
1972,2024-05-20,5,101,1,3.8,3.8
1973,2024-05-20,5,106,2,3.2,6.4
1974,2024-05-20,5,103,1,3.9,3.9
1975,2024-05-20,5,104,1,4.2,4.2
1976,2024-05-20,5,102,3,4.0,12.0
1977,2024-05-20,5,101,1,3.8,3.8
1978,2024-05-20,5,107,1,3.5,3.5
1979,2024-05-20,6,104,2,4.2,8.4
1980,2024-05-20,6,102,1,4.0,4.0
1981,2024-05-20,6,108,3,4.5,13.5
1982,2024-05-20,6,109,1,2.2,2.2
1983,2024-05-20,6,107,2,3.5,7.0
1984,2024-05-20,6,102,2,4.0,8.0
1985,2024-05-20,6,103,1,3.9,3.9
1986,2024-05-20,6,106,1,3.2,3.2
1987,2024-05-20,6,108,2,4.5,9.0
1988,2024-05-20,6,109,1,2.2,2.2
1989,2024-05-20,7,102,1,4.0,4.0
1990,2024-05-20,7,105,1,4.1,4.1
1991,2024-05-20,7,104,1,4.2,4.2
1992,2024-05-20,7,103,2,3.9,7.8
1993,2024-05-20,7,107,2,3.5,7.0
1994,2024-05-20,7,102,1,4.0,4.0
1995,2024-05-20,7,109,1,2.2,2.2
1996,2024-05-20,8,102,2,4.0,8.0
1997,2024-05-20,8,106,3,3.2,9.6
1998,2024-05-20,8,104,2,4.2,8.4
1999,2024-05-20,8,105,1,4.1,4.1
2000,2024-05-20,8,106,2,3.2,6.4
2001,2024-05-20,8,103,1,3.9,3.9
2002,2024-05-20,8,102,2,4.0,8.0
2003,2024-05-20,8,108,1,4.5,4.5
2004,2024-05-20,8,108,1,4.5,4.5
2005,2024-05-20,9,106,1,3.2,3.2
2006,2024-05-20,9,110,2,3.4,6.8
2007,2024-05-20,9,102,1,4.0,4.0
2008,2024-05-20,9,102,1,4.0,4.0
2009,2024-05-20,9,106,1,3.2,3.2
2010,2024-05-20,9,106,3,3.2,9.6
2011,2024-05-20,9,101,1,3.8,3.8
2012,2024-05-20,9,108,2,4.5,9.0
2013,2024-05-20,9,108,2,4.5,9.0
2014,2024-05-20,10,105,1,4.1,4.1
2015,2024-05-20,10,104,1,4.2,4.2
2016,2024-05-20,10,102,1,4.0,4.0
2017,2024-05-20,10,107,1,3.5,3.5
2018,2024-05-20,10,108,2,4.5,9.0
2019,2024-05-20,10,105,2,4.1,8.2
2020,2024-05-20,10,109,1,2.2,2.2
2021,2024-05-20,10,106,1,3.2,3.2
2022,2024-05-20,10,107,3,3.5,10.5
2023,2024-05-20,11,102,1,4.0,4.0
2024,2024-05-20,11,101,2,3.8,7.6
2025,2024-05-20,11,104,1,4.2,4.2
2026,2024-05-20,11,109,1,2.2,2.2
2027,2024-05-20,11,104,1,4.2,4.2
2028,2024-05-20,11,101,2,3.8,7.6
2029,2024-05-20,11,105,1,4.1,4.1
2030,2024-05-20,12,107,1,3.5,3.5
2031,2024-05-20,12,108,2,4.5,9.0
2032,2024-05-20,12,105,1,4.1,4.1
2033,2024-05-20,12,107,1,3.5,3.5
2034,2024-05-20,12,102,1,4.0,4.0
2035,2024-05-20,12,101,1,3.8,3.8
2036,2024-05-20,12,101,1,3.8,3.8
2037,2024-05-20,12,103,1,3.9,3.9
2038,2024-05-20,12,109,1,2.2,2.2
2039,2024-05-21,1,102,1,4.0,4.0
2040,2024-05-21,1,105,1,4.1,4.1
2041,2024-05-21,1,106,1,3.2,3.2
2042,2024-05-21,1,109,1,2.2,2.2
2043,2024-05-21,1,104,1,4.2,4.2
2044,2024-05-21,1,101,1,3.8,3.8
2045,2024-05-21,1,104,2,4.2,8.4
2046,2024-05-21,2,103,1,3.9,3.9
2047,2024-05-21,2,105,1,4.1,4.1
2048,2024-05-21,2,103,1,3.9,3.9
2049,2024-05-21,2,108,2,4.5,9.0
2050,2024-05-21,2,104,1,4.2,4.2
2051,2024-05-21,2,109,1,2.2,2.2
2052,2024-05-21,2,101,1,3.8,3.8
2053,2024-05-21,2,107,1,3.5,3.5
2054,2024-05-21,2,103,1,3.9,3.9
2055,2024-05-21,3,107,1,3.5,3.5
2056,2024-05-21,3,102,1,4.0,4.0
2057,2024-05-21,3,110,1,3.4,3.4
2058,2024-05-21,3,103,1,3.9,3.9
2059,2024-05-21,3,103,1,3.9,3.9
2060,2024-05-21,3,102,1,4.0,4.0
2061,2024-05-21,3,105,1,4.1,4.1
2062,2024-05-21,3,102,2,4.0,8.0
2063,2024-05-21,4,102,1,4.0,4.0
2064,2024-05-21,4,105,1,4.1,4.1
2065,2024-05-21,4,107,1,3.5,3.5
2066,2024-05-21,4,104,1,4.2,4.2
2067,2024-05-21,4,103,3,3.9,11.7
2068,2024-05-21,4,103,2,3.9,7.8
2069,2024-05-21,4,102,1,4.0,4.0
2070,2024-05-21,5,105,1,4.1,4.1
2071,2024-05-21,5,106,1,3.2,3.2
2072,2024-05-21,5,107,1,3.5,3.5
2073,2024-05-21,5,102,2,4.0,8.0
2074,2024-05-21,5,103,1,3.9,3.9
2075,2024-05-21,5,101,1,3.8,3.8
2076,2024-05-21,5,103,2,3.9,7.8
2077,2024-05-21,5,105,1,4.1,4.1
2078,2024-05-21,5,104,1,4.2,4.2
2079,2024-05-21,6,104,1,4.2,4.2
2080,2024-05-21,6,105,1,4.1,4.1
2081,2024-05-21,6,108,1,4.5,4.5
2082,2024-05-21,6,109,1,2.2,2.2
2083,2024-05-21,6,106,2,3.2,6.4
2084,2024-05-21,6,101,1,3.8,3.8
2085,2024-05-21,6,104,1,4.2,4.2
2086,2024-05-21,6,102,1,4.0,4.0
2087,2024-05-21,6,110,1,3.4,3.4
2088,2024-05-21,7,104,1,4.2,4.2
2089,2024-05-21,7,106,2,3.2,6.4
2090,2024-05-21,7,106,1,3.2,3.2
2091,2024-05-21,7,108,2,4.5,9.0
2092,2024-05-21,7,103,1,3.9,3.9
2093,2024-05-21,7,103,1,3.9,3.9
2094,2024-05-21,7,101,1,3.8,3.8
2095,2024-05-21,7,105,1,4.1,4.1
2096,2024-05-21,7,109,1,2.2,2.2
2097,2024-05-21,8,104,2,4.2,8.4
2098,2024-05-21,8,108,2,4.5,9.0
2099,2024-05-21,8,104,1,4.2,4.2
2100,2024-05-21,8,109,2,2.2,4.4
2101,2024-05-21,8,110,1,3.4,3.4
2102,2024-05-21,8,106,2,3.2,6.4
2103,2024-05-21,8,108,1,4.5,4.5
2104,2024-05-21,8,109,1,2.2,2.2
2105,2024-05-21,9,106,1,3.2,3.2
2106,2024-05-21,9,106,1,3.2,3.2
2107,2024-05-21,9,101,1,3.8,3.8
2108,2024-05-21,9,103,2,3.9,7.8
2109,2024-05-21,9,101,2,3.8,7.6
2110,2024-05-21,9,106,1,3.2,3.2
2111,2024-05-21,9,103,1,3.9,3.9
2112,2024-05-21,10,105,1,4.1,4.1
2113,2024-05-21,10,101,2,3.8,7.6
2114,2024-05-21,10,108,1,4.5,4.5
2115,2024-05-21,10,109,1,2.2,2.2
2116,2024-05-21,10,101,2,3.8,7.6
2117,2024-05-21,10,110,1,3.4,3.4
2118,2024-05-21,10,108,1,4.5,4.5
2119,2024-05-21,11,103,2,3.9,7.8
2120,2024-05-21,11,104,3,4.2,12.6
2121,2024-05-21,11,103,1,3.9,3.9
2122,2024-05-21,11,106,2,3.2,6.4
2123,2024-05-21,11,107,1,3.5,3.5
2124,2024-05-21,11,107,1,3.5,3.5
2125,2024-05-21,11,102,3,4.0,12.0
2126,2024-05-21,12,101,1,3.8,3.8
2127,2024-05-21,12,107,1,3.5,3.5
2128,2024-05-21,12,101,1,3.8,3.8
2129,2024-05-21,12,105,1,4.1,4.1
2130,2024-05-21,12,102,1,4.0,4.0
2131,2024-05-21,12,105,1,4.1,4.1
2132,2024-05-21,12,102,1,4.0,4.0
2133,2024-05-21,12,105,1,4.1,4.1
2134,2024-05-21,12,102,2,4.0,8.0
2135,2024-05-21,12,104,3,4.2,12.6
2136,2024-05-22,1,107,1,3.5,3.5
2137,2024-05-22,1,106,1,3.2,3.2
2138,2024-05-22,1,104,1,4.2,4.2
2139,2024-05-22,1,106,1,3.2,3.2
2140,2024-05-22,1,110,1,3.4,3.4
2141,2024-05-22,1,107,1,3.5,3.5
2142,2024-05-22,1,108,1,4.5,4.5
2143,2024-05-22,1,108,1,4.5,4.5
2144,2024-05-22,1,108,2,4.5,9.0
2145,2024-05-22,1,105,3,4.1,12.3
2146,2024-05-22,2,102,1,4.0,4.0
2147,2024-05-22,2,102,1,4.0,4.0
2148,2024-05-22,2,109,1,2.2,2.2
2149,2024-05-22,2,101,1,3.8,3.8
2150,2024-05-22,2,101,1,3.8,3.8
2151,2024-05-22,2,106,1,3.2,3.2
2152,2024-05-22,2,106,1,3.2,3.2
2153,2024-05-22,2,105,2,4.1,8.2
2154,2024-05-22,2,103,1,3.9,3.9
2155,2024-05-22,3,104,3,4.2,12.6
2156,2024-05-22,3,102,2,4.0,8.0
2157,2024-05-22,3,102,1,4.0,4.0
2158,2024-05-22,3,105,1,4.1,4.1
2159,2024-05-22,3,103,2,3.9,7.8
2160,2024-05-22,3,103,1,3.9,3.9
2161,2024-05-22,3,105,1,4.1,4.1
2162,2024-05-22,3,104,1,4.2,4.2
2163,2024-05-22,3,105,1,4.1,4.1
2164,2024-05-22,4,105,1,4.1,4.1
2165,2024-05-22,4,107,1,3.5,3.5
2166,2024-05-22,4,105,1,4.1,4.1
2167,2024-05-22,4,101,1,3.8,3.8
2168,2024-05-22,4,104,2,4.2,8.4
2169,2024-05-22,4,107,1,3.5,3.5
2170,2024-05-22,4,102,1,4.0,4.0
2171,2024-05-22,4,101,1,3.8,3.8
2172,2024-05-22,5,108,1,4.5,4.5
2173,2024-05-22,5,102,1,4.0,4.0
2174,2024-05-22,5,104,1,4.2,4.2
2175,2024-05-22,5,108,1,4.5,4.5
2176,2024-05-22,5,104,1,4.2,4.2
2177,2024-05-22,5,107,1,3.5,3.5
2178,2024-05-22,5,104,2,4.2,8.4
2179,2024-05-22,5,103,1,3.9,3.9
2180,2024-05-22,5,105,1,4.1,4.1
2181,2024-05-22,6,105,1,4.1,4.1
2182,2024-05-22,6,106,2,3.2,6.4
2183,2024-05-22,6,105,1,4.1,4.1
2184,2024-05-22,6,103,1,3.9,3.9
2185,2024-05-22,6,103,3,3.9,11.7
2186,2024-05-22,6,108,1,4.5,4.5
2187,2024-05-22,6,101,1,3.8,3.8
2188,2024-05-22,6,105,1,4.1,4.1
2189,2024-05-22,6,108,2,4.5,9.0
2190,2024-05-22,7,105,1,4.1,4.1
2191,2024-05-22,7,105,1,4.1,4.1
2192,2024-05-22,7,104,1,4.2,4.2
2193,2024-05-22,7,104,1,4.2,4.2
2194,2024-05-22,7,103,2,3.9,7.8
2195,2024-05-22,7,103,1,3.9,3.9
2196,2024-05-22,7,107,2,3.5,7.0
2197,2024-05-22,7,106,1,3.2,3.2
2198,2024-05-22,7,104,1,4.2,4.2
2199,2024-05-22,8,107,1,3.5,3.5
2200,2024-05-22,8,106,1,3.2,3.2
2201,2024-05-22,8,107,2,3.5,7.0
2202,2024-05-22,8,107,1,3.5,3.5
2203,2024-05-22,8,101,1,3.8,3.8
2204,2024-05-22,8,101,2,3.8,7.6
2205,2024-05-22,8,102,1,4.0,4.0
2206,2024-05-22,8,104,1,4.2,4.2
2207,2024-05-22,8,101,1,3.8,3.8
2208,2024-05-22,9,106,1,3.2,3.2
2209,2024-05-22,9,103,1,3.9,3.9
2210,2024-05-22,9,101,1,3.8,3.8
2211,2024-05-22,9,101,2,3.8,7.6
2212,2024-05-22,9,105,1,4.1,4.1
2213,2024-05-22,9,107,2,3.5,7.0
2214,2024-05-22,9,106,1,3.2,3.2
2215,2024-05-22,9,108,2,4.5,9.0
2216,2024-05-22,9,105,1,4.1,4.1
2217,2024-05-22,10,101,2,3.8,7.6
2218,2024-05-22,10,103,1,3.9,3.9
2219,2024-05-22,10,108,1,4.5,4.5
2220,2024-05-22,10,104,1,4.2,4.2
2221,2024-05-22,10,102,1,4.0,4.0
2222,2024-05-22,10,103,1,3.9,3.9
2223,2024-05-22,10,104,1,4.2,4.2
2224,2024-05-22,11,104,3,4.2,12.6
2225,2024-05-22,11,106,1,3.2,3.2
2226,2024-05-22,11,107,1,3.5,3.5
2227,2024-05-22,11,109,2,2.2,4.4
2228,2024-05-22,11,106,1,3.2,3.2
2229,2024-05-22,11,106,1,3.2,3.2
2230,2024-05-22,11,105,2,4.1,8.2
2231,2024-05-22,11,108,2,4.5,9.0
2232,2024-05-22,11,107,1,3.5,3.5
2233,2024-05-22,11,110,1,3.4,3.4
2234,2024-05-22,12,101,2,3.8,7.6
2235,2024-05-22,12,108,1,4.5,4.5
2236,2024-05-22,12,101,2,3.8,7.6
2237,2024-05-22,12,110,1,3.4,3.4
2238,2024-05-22,12,110,1,3.4,3.4
2239,2024-05-22,12,106,2,3.2,6.4
2240,2024-05-22,12,108,1,4.5,4.5
2241,2024-05-22,12,105,1,4.1,4.1
2242,2024-05-23,1,108,1,4.5,4.5
2243,2024-05-23,1,108,1,4.5,4.5
2244,2024-05-23,1,105,1,4.1,4.1
2245,2024-05-23,1,101,1,3.8,3.8
2246,2024-05-23,1,108,2,4.5,9.0
2247,2024-05-23,1,108,1,4.5,4.5
2248,2024-05-23,1,110,1,3.4,3.4
2249,2024-05-23,2,103,1,3.9,3.9
2250,2024-05-23,2,102,1,4.0,4.0
2251,2024-05-23,2,104,1,4.2,4.2
2252,2024-05-23,2,104,1,4.2,4.2
2253,2024-05-23,2,103,1,3.9,3.9
2254,2024-05-23,2,106,3,3.2,9.6
2255,2024-05-23,2,103,2,3.9,7.8
2256,2024-05-23,2,103,1,3.9,3.9
2257,2024-05-23,3,102,1,4.0,4.0
2258,2024-05-23,3,106,1,3.2,3.2
2259,2024-05-23,3,105,2,4.1,8.2
2260,2024-05-23,3,104,1,4.2,4.2
2261,2024-05-23,3,102,1,4.0,4.0
2262,2024-05-23,3,104,1,4.2,4.2
2263,2024-05-23,3,101,3,3.8,11.4
2264,2024-05-23,3,103,1,3.9,3.9
2265,2024-05-23,3,101,1,3.8,3.8
2266,2024-05-23,4,102,2,4.0,8.0
2267,2024-05-23,4,105,1,4.1,4.1
2268,2024-05-23,4,105,3,4.1,12.3
2269,2024-05-23,4,104,1,4.2,4.2
2270,2024-05-23,4,108,1,4.5,4.5
2271,2024-05-23,4,103,1,3.9,3.9
2272,2024-05-23,4,101,1,3.8,3.8
2273,2024-05-23,4,104,1,4.2,4.2
2274,2024-05-23,4,105,1,4.1,4.1
2275,2024-05-23,5,106,3,3.2,9.6
2276,2024-05-23,5,108,1,4.5,4.5
2277,2024-05-23,5,102,2,4.0,8.0
2278,2024-05-23,5,106,1,3.2,3.2
2279,2024-05-23,5,107,1,3.5,3.5
2280,2024-05-23,5,101,3,3.8,11.4
2281,2024-05-23,5,105,1,4.1,4.1
2282,2024-05-23,5,110,2,3.4,6.8
2283,2024-05-23,5,102,1,4.0,4.0
2284,2024-05-23,5,104,1,4.2,4.2
2285,2024-05-23,6,106,1,3.2,3.2
2286,2024-05-23,6,110,1,3.4,3.4
2287,2024-05-23,6,101,1,3.8,3.8
2288,2024-05-23,6,104,1,4.2,4.2
2289,2024-05-23,6,105,1,4.1,4.1
2290,2024-05-23,6,105,1,4.1,4.1
2291,2024-05-23,6,103,2,3.9,7.8
2292,2024-05-23,6,101,1,3.8,3.8
2293,2024-05-23,6,101,1,3.8,3.8
2294,2024-05-23,6,108,2,4.5,9.0
2295,2024-05-23,7,106,1,3.2,3.2
2296,2024-05-23,7,107,2,3.5,7.0
2297,2024-05-23,7,102,1,4.0,4.0
2298,2024-05-23,7,106,1,3.2,3.2
2299,2024-05-23,7,109,1,2.2,2.2
2300,2024-05-23,7,106,2,3.2,6.4
2301,2024-05-23,7,101,1,3.8,3.8
2302,2024-05-23,7,107,1,3.5,3.5
2303,2024-05-23,8,106,1,3.2,3.2
2304,2024-05-23,8,103,3,3.9,11.7
2305,2024-05-23,8,103,3,3.9,11.7
2306,2024-05-23,8,109,1,2.2,2.2
2307,2024-05-23,8,103,1,3.9,3.9
2308,2024-05-23,8,108,1,4.5,4.5
2309,2024-05-23,8,110,1,3.4,3.4
2310,2024-05-23,8,101,3,3.8,11.4
2311,2024-05-23,8,106,1,3.2,3.2
2312,2024-05-23,9,102,1,4.0,4.0
2313,2024-05-23,9,108,1,4.5,4.5
2314,2024-05-23,9,102,1,4.0,4.0
2315,2024-05-23,9,109,1,2.2,2.2
2316,2024-05-23,9,102,1,4.0,4.0
2317,2024-05-23,9,105,1,4.1,4.1
2318,2024-05-23,9,107,1,3.5,3.5
2319,2024-05-23,9,105,1,4.1,4.1
2320,2024-05-23,10,106,1,3.2,3.2
2321,2024-05-23,10,102,1,4.0,4.0
2322,2024-05-23,10,108,1,4.5,4.5
2323,2024-05-23,10,104,1,4.2,4.2
2324,2024-05-23,10,105,1,4.1,4.1
2325,2024-05-23,10,110,2,3.4,6.8
2326,2024-05-23,10,105,1,4.1,4.1
2327,2024-05-23,10,106,1,3.2,3.2
2328,2024-05-23,10,105,1,4.1,4.1
2329,2024-05-23,10,108,2,4.5,9.0
2330,2024-05-23,11,101,2,3.8,7.6
2331,2024-05-23,11,103,1,3.9,3.9
2332,2024-05-23,11,101,2,3.8,7.6
2333,2024-05-23,11,102,2,4.0,8.0
2334,2024-05-23,11,103,1,3.9,3.9
2335,2024-05-23,11,107,1,3.5,3.5
2336,2024-05-23,11,101,1,3.8,3.8
2337,2024-05-23,11,103,1,3.9,3.9
2338,2024-05-23,11,107,1,3.5,3.5
2339,2024-05-23,12,104,1,4.2,4.2
2340,2024-05-23,12,105,2,4.1,8.2
2341,2024-05-23,12,110,1,3.4,3.4
2342,2024-05-23,12,108,1,4.5,4.5
2343,2024-05-23,12,108,1,4.5,4.5
2344,2024-05-23,12,106,1,3.2,3.2
2345,2024-05-23,12,101,2,3.8,7.6
2346,2024-05-24,1,106,1,3.2,3.2
2347,2024-05-24,1,101,1,3.8,3.8
2348,2024-05-24,1,108,1,4.5,4.5
2349,2024-05-24,1,102,1,4.0,4.0
2350,2024-05-24,1,104,1,4.2,4.2
2351,2024-05-24,1,103,1,3.9,3.9
2352,2024-05-24,1,104,2,4.2,8.4
2353,2024-05-24,1,106,1,3.2,3.2
2354,2024-05-24,2,101,1,3.8,3.8
2355,2024-05-24,2,107,3,3.5,10.5
2356,2024-05-24,2,108,1,4.5,4.5
2357,2024-05-24,2,107,1,3.5,3.5
2358,2024-05-24,2,105,1,4.1,4.1
2359,2024-05-24,2,101,1,3.8,3.8
2360,2024-05-24,2,101,1,3.8,3.8
2361,2024-05-24,2,107,1,3.5,3.5
2362,2024-05-24,2,108,1,4.5,4.5
2363,2024-05-24,2,106,1,3.2,3.2
2364,2024-05-24,3,105,1,4.1,4.1
2365,2024-05-24,3,103,1,3.9,3.9
2366,2024-05-24,3,108,1,4.5,4.5
2367,2024-05-24,3,102,1,4.0,4.0
2368,2024-05-24,3,105,2,4.1,8.2
2369,2024-05-24,3,108,1,4.5,4.5
2370,2024-05-24,3,104,1,4.2,4.2
2371,2024-05-24,3,103,1,3.9,3.9
2372,2024-05-24,4,101,1,3.8,3.8
2373,2024-05-24,4,105,2,4.1,8.2
2374,2024-05-24,4,104,1,4.2,4.2
2375,2024-05-24,4,101,1,3.8,3.8
2376,2024-05-24,4,103,1,3.9,3.9
2377,2024-05-24,4,108,1,4.5,4.5
2378,2024-05-24,4,102,1,4.0,4.0
2379,2024-05-24,4,103,1,3.9,3.9
2380,2024-05-24,4,102,2,4.0,8.0
2381,2024-05-24,4,108,1,4.5,4.5
2382,2024-05-24,5,108,1,4.5,4.5
2383,2024-05-24,5,101,2,3.8,7.6
2384,2024-05-24,5,105,3,4.1,12.3
2385,2024-05-24,5,106,2,3.2,6.4
2386,2024-05-24,5,106,2,3.2,6.4
2387,2024-05-24,5,101,1,3.8,3.8
2388,2024-05-24,5,101,2,3.8,7.6
2389,2024-05-24,5,102,1,4.0,4.0
2390,2024-05-24,6,106,1,3.2,3.2
2391,2024-05-24,6,104,1,4.2,4.2
2392,2024-05-24,6,102,2,4.0,8.0
2393,2024-05-24,6,102,1,4.0,4.0
2394,2024-05-24,6,104,1,4.2,4.2
2395,2024-05-24,6,107,1,3.5,3.5
2396,2024-05-24,6,106,2,3.2,6.4
2397,2024-05-24,6,104,1,4.2,4.2
2398,2024-05-24,6,105,2,4.1,8.2
2399,2024-05-24,6,110,2,3.4,6.8
2400,2024-05-24,7,101,1,3.8,3.8
2401,2024-05-24,7,104,1,4.2,4.2
2402,2024-05-24,7,101,1,3.8,3.8
2403,2024-05-24,7,104,1,4.2,4.2
2404,2024-05-24,7,108,1,4.5,4.5
2405,2024-05-24,7,108,2,4.5,9.0
2406,2024-05-24,7,107,1,3.5,3.5
2407,2024-05-24,7,108,1,4.5,4.5
2408,2024-05-24,7,103,1,3.9,3.9
2409,2024-05-24,7,102,2,4.0,8.0
2410,2024-05-24,8,107,1,3.5,3.5
2411,2024-05-24,8,108,2,4.5,9.0
2412,2024-05-24,8,108,1,4.5,4.5
2413,2024-05-24,8,108,1,4.5,4.5
2414,2024-05-24,8,102,1,4.0,4.0
2415,2024-05-24,8,105,1,4.1,4.1
2416,2024-05-24,8,106,1,3.2,3.2
2417,2024-05-24,8,104,1,4.2,4.2
2418,2024-05-24,9,104,1,4.2,4.2
2419,2024-05-24,9,108,1,4.5,4.5
2420,2024-05-24,9,102,1,4.0,4.0
2421,2024-05-24,9,109,1,2.2,2.2
2422,2024-05-24,9,107,1,3.5,3.5
2423,2024-05-24,9,104,2,4.2,8.4
2424,2024-05-24,9,110,1,3.4,3.4
2425,2024-05-24,9,107,1,3.5,3.5
2426,2024-05-24,9,103,3,3.9,11.7
2427,2024-05-24,10,105,1,4.1,4.1
2428,2024-05-24,10,108,1,4.5,4.5
2429,2024-05-24,10,108,1,4.5,4.5
2430,2024-05-24,10,103,1,3.9,3.9
2431,2024-05-24,10,107,1,3.5,3.5
2432,2024-05-24,10,102,2,4.0,8.0
2433,2024-05-24,10,101,1,3.8,3.8
2434,2024-05-24,10,101,1,3.8,3.8
2435,2024-05-24,11,107,1,3.5,3.5
2436,2024-05-24,11,105,2,4.1,8.2
2437,2024-05-24,11,108,1,4.5,4.5
2438,2024-05-24,11,105,1,4.1,4.1
2439,2024-05-24,11,104,1,4.2,4.2
2440,2024-05-24,11,103,1,3.9,3.9
2441,2024-05-24,11,109,1,2.2,2.2
2442,2024-05-24,11,104,1,4.2,4.2
2443,2024-05-24,11,110,2,3.4,6.8
2444,2024-05-24,12,107,1,3.5,3.5
2445,2024-05-24,12,105,1,4.1,4.1
2446,2024-05-24,12,102,1,4.0,4.0
2447,2024-05-24,12,105,1,4.1,4.1
2448,2024-05-24,12,106,2,3.2,6.4
2449,2024-05-24,12,105,2,4.1,8.2
2450,2024-05-24,12,103,1,3.9,3.9
2451,2024-05-25,1,104,2,4.2,8.4
2452,2024-05-25,1,105,1,4.1,4.1
2453,2024-05-25,1,110,1,3.4,3.4
2454,2024-05-25,1,108,1,4.5,4.5
2455,2024-05-25,1,103,1,3.9,3.9
2456,2024-05-25,1,105,1,4.1,4.1
2457,2024-05-25,1,106,2,3.2,6.4
2458,2024-05-25,2,105,1,4.1,4.1
2459,2024-05-25,2,103,2,3.9,7.8
2460,2024-05-25,2,108,1,4.5,4.5
2461,2024-05-25,2,101,1,3.8,3.8
2462,2024-05-25,2,108,1,4.5,4.5
2463,2024-05-25,2,108,1,4.5,4.5
2464,2024-05-25,2,103,1,3.9,3.9
2465,2024-05-25,2,108,1,4.5,4.5
2466,2024-05-25,2,108,2,4.5,9.0
2467,2024-05-25,2,103,1,3.9,3.9
2468,2024-05-25,3,101,1,3.8,3.8
2469,2024-05-25,3,108,1,4.5,4.5
2470,2024-05-25,3,108,1,4.5,4.5
2471,2024-05-25,3,107,2,3.5,7.0
2472,2024-05-25,3,102,1,4.0,4.0
2473,2024-05-25,3,103,1,3.9,3.9
2474,2024-05-25,3,101,3,3.8,11.4
2475,2024-05-25,4,101,1,3.8,3.8
2476,2024-05-25,4,102,3,4.0,12.0
2477,2024-05-25,4,106,1,3.2,3.2
2478,2024-05-25,4,101,1,3.8,3.8
2479,2024-05-25,4,101,1,3.8,3.8
2480,2024-05-25,4,105,1,4.1,4.1
2481,2024-05-25,4,109,1,2.2,2.2
2482,2024-05-25,4,103,1,3.9,3.9
2483,2024-05-25,5,105,2,4.1,8.2
2484,2024-05-25,5,102,1,4.0,4.0
2485,2024-05-25,5,105,1,4.1,4.1
2486,2024-05-25,5,106,1,3.2,3.2
2487,2024-05-25,5,109,1,2.2,2.2
2488,2024-05-25,5,106,1,3.2,3.2
2489,2024-05-25,5,104,2,4.2,8.4
2490,2024-05-25,5,104,1,4.2,4.2
2491,2024-05-25,5,109,1,2.2,2.2
2492,2024-05-25,5,105,1,4.1,4.1
2493,2024-05-25,6,110,1,3.4,3.4
2494,2024-05-25,6,101,2,3.8,7.6
2495,2024-05-25,6,105,2,4.1,8.2
2496,2024-05-25,6,105,2,4.1,8.2
2497,2024-05-25,6,103,1,3.9,3.9
2498,2024-05-25,6,103,1,3.9,3.9
2499,2024-05-25,6,102,1,4.0,4.0
2500,2024-05-25,6,108,1,4.5,4.5
2501,2024-05-25,6,102,1,4.0,4.0
2502,2024-05-25,6,105,2,4.1,8.2
2503,2024-05-25,7,108,1,4.5,4.5
2504,2024-05-25,7,102,1,4.0,4.0
2505,2024-05-25,7,105,1,4.1,4.1
2506,2024-05-25,7,108,2,4.5,9.0
2507,2024-05-25,7,106,2,3.2,6.4
2508,2024-05-25,7,107,1,3.5,3.5
2509,2024-05-25,7,107,2,3.5,7.0
2510,2024-05-25,7,104,1,4.2,4.2
2511,2024-05-25,7,108,1,4.5,4.5
2512,2024-05-25,8,105,2,4.1,8.2
2513,2024-05-25,8,104,2,4.2,8.4
2514,2024-05-25,8,106,1,3.2,3.2
2515,2024-05-25,8,104,1,4.2,4.2
2516,2024-05-25,8,101,2,3.8,7.6
2517,2024-05-25,8,108,1,4.5,4.5
2518,2024-05-25,8,103,1,3.9,3.9
2519,2024-05-25,9,102,3,4.0,12.0
2520,2024-05-25,9,102,2,4.0,8.0
2521,2024-05-25,9,106,1,3.2,3.2
2522,2024-05-25,9,110,1,3.4,3.4
2523,2024-05-25,9,103,1,3.9,3.9
2524,2024-05-25,9,108,1,4.5,4.5
2525,2024-05-25,9,108,1,4.5,4.5
2526,2024-05-25,9,101,1,3.8,3.8
2527,2024-05-25,10,103,2,3.9,7.8
2528,2024-05-25,10,108,2,4.5,9.0
2529,2024-05-25,10,103,1,3.9,3.9
2530,2024-05-25,10,110,1,3.4,3.4
2531,2024-05-25,10,106,2,3.2,6.4
2532,2024-05-25,10,108,1,4.5,4.5
2533,2024-05-25,10,110,2,3.4,6.8
2534,2024-05-25,10,104,1,4.2,4.2
2535,2024-05-25,11,104,2,4.2,8.4
2536,2024-05-25,11,102,2,4.0,8.0
2537,2024-05-25,11,105,1,4.1,4.1
2538,2024-05-25,11,101,2,3.8,7.6
2539,2024-05-25,11,108,1,4.5,4.5
2540,2024-05-25,11,106,2,3.2,6.4
2541,2024-05-25,11,102,1,4.0,4.0
2542,2024-05-25,11,106,1,3.2,3.2
2543,2024-05-25,11,104,1,4.2,4.2
2544,2024-05-25,11,107,2,3.5,7.0
2545,2024-05-25,12,101,3,3.8,11.4
2546,2024-05-25,12,107,1,3.5,3.5
2547,2024-05-25,12,101,2,3.8,7.6
2548,2024-05-25,12,106,1,3.2,3.2
2549,2024-05-25,12,106,3,3.2,9.6
2550,2024-05-25,12,110,1,3.4,3.4
2551,2024-05-25,12,106,2,3.2,6.4
2552,2024-05-25,12,102,1,4.0,4.0
2553,2024-05-26,1,103,1,3.9,3.9
2554,2024-05-26,1,102,1,4.0,4.0
2555,2024-05-26,1,107,1,3.5,3.5
2556,2024-05-26,1,108,1,4.5,4.5
2557,2024-05-26,1,105,2,4.1,8.2
2558,2024-05-26,1,108,1,4.5,4.5
2559,2024-05-26,1,108,2,4.5,9.0
2560,2024-05-26,1,105,1,4.1,4.1
2561,2024-05-26,1,101,1,3.8,3.8
2562,2024-05-26,1,101,2,3.8,7.6
2563,2024-05-26,2,107,1,3.5,3.5
2564,2024-05-26,2,105,1,4.1,4.1
2565,2024-05-26,2,101,1,3.8,3.8
2566,2024-05-26,2,102,1,4.0,4.0
2567,2024-05-26,2,107,1,3.5,3.5
2568,2024-05-26,2,106,1,3.2,3.2
2569,2024-05-26,2,102,1,4.0,4.0
2570,2024-05-26,2,109,1,2.2,2.2
2571,2024-05-26,3,104,3,4.2,12.6
2572,2024-05-26,3,106,2,3.2,6.4
2573,2024-05-26,3,103,1,3.9,3.9
2574,2024-05-26,3,107,1,3.5,3.5
2575,2024-05-26,3,103,1,3.9,3.9
2576,2024-05-26,3,102,1,4.0,4.0
2577,2024-05-26,3,102,2,4.0,8.0
2578,2024-05-26,4,104,1,4.2,4.2
2579,2024-05-26,4,107,1,3.5,3.5
2580,2024-05-26,4,103,2,3.9,7.8
2581,2024-05-26,4,108,1,4.5,4.5
2582,2024-05-26,4,104,1,4.2,4.2
2583,2024-05-26,4,101,1,3.8,3.8
2584,2024-05-26,4,102,1,4.0,4.0
2585,2024-05-26,5,101,1,3.8,3.8
2586,2024-05-26,5,101,2,3.8,7.6
2587,2024-05-26,5,107,2,3.5,7.0
2588,2024-05-26,5,101,1,3.8,3.8
2589,2024-05-26,5,106,1,3.2,3.2
2590,2024-05-26,5,107,1,3.5,3.5
2591,2024-05-26,5,107,2,3.5,7.0
2592,2024-05-26,5,101,1,3.8,3.8
2593,2024-05-26,5,104,2,4.2,8.4
2594,2024-05-26,6,106,1,3.2,3.2
2595,2024-05-26,6,106,2,3.2,6.4
2596,2024-05-26,6,102,1,4.0,4.0
2597,2024-05-26,6,102,3,4.0,12.0
2598,2024-05-26,6,101,2,3.8,7.6
2599,2024-05-26,6,108,1,4.5,4.5
2600,2024-05-26,6,101,1,3.8,3.8
2601,2024-05-26,6,106,2,3.2,6.4
2602,2024-05-26,6,110,1,3.4,3.4
2603,2024-05-26,6,102,2,4.0,8.0
2604,2024-05-26,7,102,2,4.0,8.0
2605,2024-05-26,7,108,1,4.5,4.5
2606,2024-05-26,7,104,1,4.2,4.2
2607,2024-05-26,7,105,1,4.1,4.1
2608,2024-05-26,7,105,1,4.1,4.1
2609,2024-05-26,7,108,1,4.5,4.5
2610,2024-05-26,7,101,1,3.8,3.8
2611,2024-05-26,8,105,1,4.1,4.1
2612,2024-05-26,8,104,2,4.2,8.4
2613,2024-05-26,8,104,1,4.2,4.2
2614,2024-05-26,8,102,1,4.0,4.0
2615,2024-05-26,8,101,1,3.8,3.8
2616,2024-05-26,8,107,1,3.5,3.5
2617,2024-05-26,8,105,2,4.1,8.2
2618,2024-05-26,8,102,1,4.0,4.0
2619,2024-05-26,9,103,1,3.9,3.9
2620,2024-05-26,9,110,2,3.4,6.8
2621,2024-05-26,9,104,2,4.2,8.4
2622,2024-05-26,9,109,1,2.2,2.2
2623,2024-05-26,9,104,1,4.2,4.2
2624,2024-05-26,9,107,1,3.5,3.5
2625,2024-05-26,9,108,2,4.5,9.0
2626,2024-05-26,9,103,3,3.9,11.7
2627,2024-05-26,9,110,1,3.4,3.4
2628,2024-05-26,9,102,2,4.0,8.0
2629,2024-05-26,10,109,1,2.2,2.2
2630,2024-05-26,10,104,2,4.2,8.4
2631,2024-05-26,10,103,1,3.9,3.9
2632,2024-05-26,10,105,1,4.1,4.1
2633,2024-05-26,10,104,1,4.2,4.2
2634,2024-05-26,10,103,1,3.9,3.9
2635,2024-05-26,10,104,1,4.2,4.2
2636,2024-05-26,10,106,1,3.2,3.2
2637,2024-05-26,10,107,2,3.5,7.0
2638,2024-05-26,10,107,1,3.5,3.5
2639,2024-05-26,11,107,2,3.5,7.0
2640,2024-05-26,11,107,1,3.5,3.5
2641,2024-05-26,11,101,2,3.8,7.6
2642,2024-05-26,11,102,1,4.0,4.0
2643,2024-05-26,11,108,1,4.5,4.5
2644,2024-05-26,11,105,1,4.1,4.1
2645,2024-05-26,11,105,1,4.1,4.1
2646,2024-05-26,11,103,3,3.9,11.7
2647,2024-05-26,11,107,1,3.5,3.5
2648,2024-05-26,11,103,1,3.9,3.9
2649,2024-05-26,12,101,1,3.8,3.8
2650,2024-05-26,12,110,1,3.4,3.4
2651,2024-05-26,12,103,1,3.9,3.9
2652,2024-05-26,12,103,1,3.9,3.9
2653,2024-05-26,12,102,1,4.0,4.0
2654,2024-05-26,12,109,1,2.2,2.2
2655,2024-05-26,12,104,1,4.2,4.2
2656,2024-05-26,12,109,1,2.2,2.2
2657,2024-05-26,12,102,2,4.0,8.0
2658,2024-05-26,12,106,1,3.2,3.2
2659,2024-05-27,1,108,1,4.5,4.5
2660,2024-05-27,1,104,1,4.2,4.2
2661,2024-05-27,1,101,2,3.8,7.6
2662,2024-05-27,1,106,1,3.2,3.2
2663,2024-05-27,1,110,1,3.4,3.4
2664,2024-05-27,1,108,1,4.5,4.5
2665,2024-05-27,1,107,1,3.5,3.5
2666,2024-05-27,1,107,1,3.5,3.5
2667,2024-05-27,1,106,1,3.2,3.2
2668,2024-05-27,2,108,1,4.5,4.5
2669,2024-05-27,2,104,1,4.2,4.2
2670,2024-05-27,2,103,2,3.9,7.8
2671,2024-05-27,2,101,1,3.8,3.8
2672,2024-05-27,2,107,1,3.5,3.5
2673,2024-05-27,2,103,1,3.9,3.9
2674,2024-05-27,2,102,1,4.0,4.0
2675,2024-05-27,2,106,3,3.2,9.6
2676,2024-05-27,3,108,2,4.5,9.0
2677,2024-05-27,3,102,1,4.0,4.0
2678,2024-05-27,3,101,1,3.8,3.8
2679,2024-05-27,3,103,1,3.9,3.9
2680,2024-05-27,3,105,1,4.1,4.1
2681,2024-05-27,3,107,1,3.5,3.5
2682,2024-05-27,3,103,2,3.9,7.8
2683,2024-05-27,4,107,1,3.5,3.5
2684,2024-05-27,4,103,1,3.9,3.9
2685,2024-05-27,4,107,1,3.5,3.5
2686,2024-05-27,4,106,1,3.2,3.2
2687,2024-05-27,4,101,1,3.8,3.8
2688,2024-05-27,4,103,1,3.9,3.9
2689,2024-05-27,4,101,1,3.8,3.8
2690,2024-05-27,4,102,1,4.0,4.0
2691,2024-05-27,4,108,1,4.5,4.5
2692,2024-05-27,5,108,2,4.5,9.0
2693,2024-05-27,5,108,1,4.5,4.5
2694,2024-05-27,5,103,1,3.9,3.9
2695,2024-05-27,5,101,1,3.8,3.8
2696,2024-05-27,5,104,2,4.2,8.4
2697,2024-05-27,5,104,1,4.2,4.2
2698,2024-05-27,5,101,3,3.8,11.4
2699,2024-05-27,5,101,1,3.8,3.8
2700,2024-05-27,5,101,2,3.8,7.6
2701,2024-05-27,5,106,1,3.2,3.2
2702,2024-05-27,6,104,2,4.2,8.4
2703,2024-05-27,6,103,1,3.9,3.9
2704,2024-05-27,6,103,1,3.9,3.9
2705,2024-05-27,6,104,1,4.2,4.2
2706,2024-05-27,6,104,1,4.2,4.2
2707,2024-05-27,6,106,1,3.2,3.2
2708,2024-05-27,6,104,1,4.2,4.2
2709,2024-05-27,7,107,1,3.5,3.5
2710,2024-05-27,7,107,1,3.5,3.5
2711,2024-05-27,7,106,1,3.2,3.2
2712,2024-05-27,7,108,1,4.5,4.5
2713,2024-05-27,7,110,3,3.4,10.2
2714,2024-05-27,7,108,2,4.5,9.0
2715,2024-05-27,7,106,1,3.2,3.2
2716,2024-05-27,7,108,1,4.5,4.5
2717,2024-05-27,7,107,1,3.5,3.5
2718,2024-05-27,8,108,1,4.5,4.5
2719,2024-05-27,8,104,1,4.2,4.2
2720,2024-05-27,8,106,1,3.2,3.2
2721,2024-05-27,8,106,1,3.2,3.2
2722,2024-05-27,8,106,1,3.2,3.2
2723,2024-05-27,8,102,1,4.0,4.0
2724,2024-05-27,8,102,1,4.0,4.0
2725,2024-05-27,9,103,1,3.9,3.9
2726,2024-05-27,9,110,1,3.4,3.4
2727,2024-05-27,9,101,1,3.8,3.8
2728,2024-05-27,9,110,2,3.4,6.8
2729,2024-05-27,9,103,1,3.9,3.9
2730,2024-05-27,9,103,1,3.9,3.9
2731,2024-05-27,9,109,2,2.2,4.4
2732,2024-05-27,10,107,1,3.5,3.5
2733,2024-05-27,10,103,1,3.9,3.9
2734,2024-05-27,10,106,3,3.2,9.6
2735,2024-05-27,10,101,2,3.8,7.6
2736,2024-05-27,10,101,1,3.8,3.8
2737,2024-05-27,10,106,1,3.2,3.2
2738,2024-05-27,10,103,1,3.9,3.9
2739,2024-05-27,10,101,1,3.8,3.8
2740,2024-05-27,11,107,1,3.5,3.5
2741,2024-05-27,11,104,1,4.2,4.2
2742,2024-05-27,11,106,3,3.2,9.6
2743,2024-05-27,11,105,1,4.1,4.1
2744,2024-05-27,11,105,2,4.1,8.2
2745,2024-05-27,11,107,1,3.5,3.5
2746,2024-05-27,11,104,2,4.2,8.4
2747,2024-05-27,11,109,1,2.2,2.2
2748,2024-05-27,12,102,1,4.0,4.0
2749,2024-05-27,12,103,1,3.9,3.9
2750,2024-05-27,12,101,1,3.8,3.8
2751,2024-05-27,12,101,1,3.8,3.8
2752,2024-05-27,12,108,1,4.5,4.5
2753,2024-05-27,12,105,2,4.1,8.2
2754,2024-05-27,12,110,1,3.4,3.4
2755,2024-05-27,12,103,1,3.9,3.9
2756,2024-05-28,1,109,1,2.2,2.2
2757,2024-05-28,1,106,2,3.2,6.4
2758,2024-05-28,1,110,1,3.4,3.4
2759,2024-05-28,1,105,1,4.1,4.1
2760,2024-05-28,1,107,1,3.5,3.5
2761,2024-05-28,1,101,2,3.8,7.6
2762,2024-05-28,1,104,1,4.2,4.2
2763,2024-05-28,2,102,2,4.0,8.0
2764,2024-05-28,2,101,1,3.8,3.8
2765,2024-05-28,2,109,1,2.2,2.2
2766,2024-05-28,2,108,1,4.5,4.5
2767,2024-05-28,2,104,1,4.2,4.2
2768,2024-05-28,2,102,1,4.0,4.0
2769,2024-05-28,2,105,1,4.1,4.1
2770,2024-05-28,2,105,1,4.1,4.1
2771,2024-05-28,3,108,2,4.5,9.0
2772,2024-05-28,3,103,2,3.9,7.8
2773,2024-05-28,3,101,1,3.8,3.8
2774,2024-05-28,3,103,1,3.9,3.9
2775,2024-05-28,3,101,2,3.8,7.6
2776,2024-05-28,3,101,2,3.8,7.6
2777,2024-05-28,3,105,1,4.1,4.1
2778,2024-05-28,3,106,1,3.2,3.2
2779,2024-05-28,3,101,1,3.8,3.8
2780,2024-05-28,3,101,1,3.8,3.8
2781,2024-05-28,4,101,1,3.8,3.8
2782,2024-05-28,4,106,1,3.2,3.2
2783,2024-05-28,4,110,1,3.4,3.4
2784,2024-05-28,4,109,2,2.2,4.4
2785,2024-05-28,4,102,1,4.0,4.0
2786,2024-05-28,4,101,1,3.8,3.8
2787,2024-05-28,4,107,1,3.5,3.5
2788,2024-05-28,4,106,1,3.2,3.2
2789,2024-05-28,5,106,1,3.2,3.2
2790,2024-05-28,5,104,1,4.2,4.2
2791,2024-05-28,5,105,2,4.1,8.2
2792,2024-05-28,5,105,1,4.1,4.1
2793,2024-05-28,5,103,2,3.9,7.8
2794,2024-05-28,5,109,2,2.2,4.4
2795,2024-05-28,5,107,1,3.5,3.5
2796,2024-05-28,6,106,1,3.2,3.2
2797,2024-05-28,6,107,1,3.5,3.5
2798,2024-05-28,6,106,1,3.2,3.2
2799,2024-05-28,6,103,1,3.9,3.9
2800,2024-05-28,6,106,1,3.2,3.2
2801,2024-05-28,6,108,2,4.5,9.0
2802,2024-05-28,6,104,1,4.2,4.2
2803,2024-05-28,6,107,1,3.5,3.5
2804,2024-05-28,6,104,3,4.2,12.6
2805,2024-05-28,7,106,1,3.2,3.2
2806,2024-05-28,7,104,1,4.2,4.2
2807,2024-05-28,7,110,3,3.4,10.2
2808,2024-05-28,7,106,1,3.2,3.2
2809,2024-05-28,7,101,1,3.8,3.8
2810,2024-05-28,7,108,2,4.5,9.0
2811,2024-05-28,7,106,1,3.2,3.2
2812,2024-05-28,7,107,2,3.5,7.0
2813,2024-05-28,7,110,1,3.4,3.4
2814,2024-05-28,8,110,1,3.4,3.4
2815,2024-05-28,8,101,1,3.8,3.8
2816,2024-05-28,8,109,1,2.2,2.2
2817,2024-05-28,8,109,1,2.2,2.2
2818,2024-05-28,8,110,2,3.4,6.8
2819,2024-05-28,8,102,1,4.0,4.0
2820,2024-05-28,8,109,1,2.2,2.2
2821,2024-05-28,8,110,1,3.4,3.4
2822,2024-05-28,8,106,2,3.2,6.4
2823,2024-05-28,8,108,1,4.5,4.5
2824,2024-05-28,9,105,1,4.1,4.1
2825,2024-05-28,9,107,2,3.5,7.0
2826,2024-05-28,9,101,1,3.8,3.8
2827,2024-05-28,9,102,1,4.0,4.0
2828,2024-05-28,9,109,1,2.2,2.2
2829,2024-05-28,9,102,3,4.0,12.0
2830,2024-05-28,9,106,1,3.2,3.2
2831,2024-05-28,9,106,2,3.2,6.4
2832,2024-05-28,9,110,2,3.4,6.8
2833,2024-05-28,10,104,1,4.2,4.2
2834,2024-05-28,10,102,1,4.0,4.0
2835,2024-05-28,10,107,2,3.5,7.0
2836,2024-05-28,10,105,1,4.1,4.1
2837,2024-05-28,10,103,1,3.9,3.9
2838,2024-05-28,10,108,1,4.5,4.5
2839,2024-05-28,10,103,3,3.9,11.7
2840,2024-05-28,10,103,1,3.9,3.9
2841,2024-05-28,11,105,1,4.1,4.1
2842,2024-05-28,11,106,2,3.2,6.4
2843,2024-05-28,11,103,2,3.9,7.8
2844,2024-05-28,11,103,1,3.9,3.9
2845,2024-05-28,11,106,2,3.2,6.4
2846,2024-05-28,11,107,3,3.5,10.5
2847,2024-05-28,11,106,3,3.2,9.6
2848,2024-05-28,11,105,1,4.1,4.1
2849,2024-05-28,12,110,1,3.4,3.4
2850,2024-05-28,12,105,1,4.1,4.1
2851,2024-05-28,12,110,1,3.4,3.4
2852,2024-05-28,12,103,2,3.9,7.8
2853,2024-05-28,12,103,1,3.9,3.9
2854,2024-05-28,12,108,1,4.5,4.5
2855,2024-05-28,12,107,2,3.5,7.0
2856,2024-05-28,12,103,1,3.9,3.9
2857,2024-05-28,12,107,1,3.5,3.5
2858,2024-05-28,12,108,2,4.5,9.0
2859,2024-05-29,1,105,1,4.1,4.1
2860,2024-05-29,1,101,1,3.8,3.8
2861,2024-05-29,1,109,2,2.2,4.4
2862,2024-05-29,1,103,1,3.9,3.9
2863,2024-05-29,1,106,1,3.2,3.2
2864,2024-05-29,1,104,1,4.2,4.2
2865,2024-05-29,1,105,1,4.1,4.1
2866,2024-05-29,1,110,2,3.4,6.8
2867,2024-05-29,2,108,1,4.5,4.5
2868,2024-05-29,2,107,1,3.5,3.5
2869,2024-05-29,2,101,1,3.8,3.8
2870,2024-05-29,2,108,1,4.5,4.5
2871,2024-05-29,2,108,1,4.5,4.5
2872,2024-05-29,2,106,2,3.2,6.4
2873,2024-05-29,2,102,3,4.0,12.0
2874,2024-05-29,3,101,1,3.8,3.8
2875,2024-05-29,3,103,1,3.9,3.9
2876,2024-05-29,3,106,1,3.2,3.2
2877,2024-05-29,3,108,1,4.5,4.5
2878,2024-05-29,3,104,2,4.2,8.4
2879,2024-05-29,3,103,2,3.9,7.8
2880,2024-05-29,3,103,1,3.9,3.9
2881,2024-05-29,3,102,2,4.0,8.0
2882,2024-05-29,3,101,1,3.8,3.8
2883,2024-05-29,3,106,1,3.2,3.2
2884,2024-05-29,4,101,1,3.8,3.8
2885,2024-05-29,4,104,1,4.2,4.2
2886,2024-05-29,4,109,1,2.2,2.2
2887,2024-05-29,4,103,2,3.9,7.8
2888,2024-05-29,4,103,1,3.9,3.9
2889,2024-05-29,4,108,1,4.5,4.5
2890,2024-05-29,4,110,1,3.4,3.4
2891,2024-05-29,5,108,2,4.5,9.0
2892,2024-05-29,5,101,1,3.8,3.8
2893,2024-05-29,5,106,3,3.2,9.6
2894,2024-05-29,5,106,1,3.2,3.2
2895,2024-05-29,5,103,1,3.9,3.9
2896,2024-05-29,5,102,1,4.0,4.0
2897,2024-05-29,5,106,1,3.2,3.2
2898,2024-05-29,5,102,1,4.0,4.0
2899,2024-05-29,6,104,1,4.2,4.2
2900,2024-05-29,6,103,1,3.9,3.9
2901,2024-05-29,6,102,1,4.0,4.0
2902,2024-05-29,6,108,1,4.5,4.5
2903,2024-05-29,6,104,1,4.2,4.2
2904,2024-05-29,6,107,1,3.5,3.5
2905,2024-05-29,6,106,1,3.2,3.2
2906,2024-05-29,6,105,1,4.1,4.1
2907,2024-05-29,7,105,2,4.1,8.2
2908,2024-05-29,7,101,1,3.8,3.8
2909,2024-05-29,7,101,1,3.8,3.8
2910,2024-05-29,7,101,1,3.8,3.8
2911,2024-05-29,7,107,1,3.5,3.5
2912,2024-05-29,7,106,1,3.2,3.2
2913,2024-05-29,7,107,1,3.5,3.5
2914,2024-05-29,8,106,1,3.2,3.2
2915,2024-05-29,8,106,1,3.2,3.2
2916,2024-05-29,8,108,1,4.5,4.5
2917,2024-05-29,8,107,1,3.5,3.5
2918,2024-05-29,8,101,1,3.8,3.8
2919,2024-05-29,8,108,1,4.5,4.5
2920,2024-05-29,8,105,1,4.1,4.1
2921,2024-05-29,9,106,1,3.2,3.2
2922,2024-05-29,9,105,1,4.1,4.1
2923,2024-05-29,9,110,1,3.4,3.4
2924,2024-05-29,9,102,1,4.0,4.0
2925,2024-05-29,9,106,1,3.2,3.2
2926,2024-05-29,9,107,1,3.5,3.5
2927,2024-05-29,9,101,1,3.8,3.8
2928,2024-05-29,9,101,2,3.8,7.6
2929,2024-05-29,9,101,1,3.8,3.8
2930,2024-05-29,10,107,2,3.5,7.0
2931,2024-05-29,10,102,1,4.0,4.0
2932,2024-05-29,10,109,1,2.2,2.2
2933,2024-05-29,10,104,1,4.2,4.2
2934,2024-05-29,10,108,1,4.5,4.5
2935,2024-05-29,10,105,1,4.1,4.1
2936,2024-05-29,10,108,1,4.5,4.5
2937,2024-05-29,10,102,3,4.0,12.0
2938,2024-05-29,10,108,2,4.5,9.0
2939,2024-05-29,11,101,1,3.8,3.8
2940,2024-05-29,11,110,1,3.4,3.4
2941,2024-05-29,11,101,1,3.8,3.8
2942,2024-05-29,11,108,2,4.5,9.0
2943,2024-05-29,11,107,1,3.5,3.5
2944,2024-05-29,11,101,1,3.8,3.8
2945,2024-05-29,11,107,1,3.5,3.5
2946,2024-05-29,11,103,1,3.9,3.9
2947,2024-05-29,12,110,1,3.4,3.4
2948,2024-05-29,12,102,1,4.0,4.0
2949,2024-05-29,12,104,1,4.2,4.2
2950,2024-05-29,12,107,1,3.5,3.5
2951,2024-05-29,12,102,1,4.0,4.0
2952,2024-05-29,12,104,1,4.2,4.2
2953,2024-05-29,12,109,1,2.2,2.2
2954,2024-05-30,1,102,1,4.0,4.0
2955,2024-05-30,1,104,1,4.2,4.2
2956,2024-05-30,1,102,1,4.0,4.0
2957,2024-05-30,1,104,1,4.2,4.2
2958,2024-05-30,1,105,2,4.1,8.2
2959,2024-05-30,1,106,1,3.2,3.2
2960,2024-05-30,1,102,1,4.0,4.0
2961,2024-05-30,1,101,1,3.8,3.8
2962,2024-05-30,1,102,3,4.0,12.0
2963,2024-05-30,2,102,1,4.0,4.0
2964,2024-05-30,2,108,1,4.5,4.5
2965,2024-05-30,2,107,1,3.5,3.5
2966,2024-05-30,2,110,1,3.4,3.4
2967,2024-05-30,2,109,1,2.2,2.2
2968,2024-05-30,2,101,2,3.8,7.6
2969,2024-05-30,2,103,2,3.9,7.8
2970,2024-05-30,2,104,1,4.2,4.2
2971,2024-05-30,2,102,1,4.0,4.0
2972,2024-05-30,3,101,1,3.8,3.8
2973,2024-05-30,3,102,2,4.0,8.0
2974,2024-05-30,3,108,1,4.5,4.5
2975,2024-05-30,3,106,1,3.2,3.2
2976,2024-05-30,3,106,1,3.2,3.2
2977,2024-05-30,3,104,1,4.2,4.2
2978,2024-05-30,3,108,1,4.5,4.5
2979,2024-05-30,3,101,1,3.8,3.8
2980,2024-05-30,3,101,2,3.8,7.6
2981,2024-05-30,3,104,1,4.2,4.2
2982,2024-05-30,4,105,1,4.1,4.1
2983,2024-05-30,4,109,1,2.2,2.2
2984,2024-05-30,4,105,1,4.1,4.1
2985,2024-05-30,4,102,1,4.0,4.0
2986,2024-05-30,4,110,1,3.4,3.4
2987,2024-05-30,4,106,1,3.2,3.2
2988,2024-05-30,4,103,1,3.9,3.9
2989,2024-05-30,5,104,1,4.2,4.2
2990,2024-05-30,5,102,1,4.0,4.0
2991,2024-05-30,5,101,1,3.8,3.8
2992,2024-05-30,5,106,1,3.2,3.2
2993,2024-05-30,5,107,1,3.5,3.5
2994,2024-05-30,5,108,1,4.5,4.5
2995,2024-05-30,5,106,1,3.2,3.2
2996,2024-05-30,5,101,1,3.8,3.8
2997,2024-05-30,5,106,1,3.2,3.2
2998,2024-05-30,6,102,2,4.0,8.0
2999,2024-05-30,6,103,1,3.9,3.9
3000,2024-05-30,6,102,3,4.0,12.0
3001,2024-05-30,6,103,1,3.9,3.9
3002,2024-05-30,6,102,1,4.0,4.0
3003,2024-05-30,6,103,3,3.9,11.7
3004,2024-05-30,6,107,1,3.5,3.5
3005,2024-05-30,6,102,1,4.0,4.0
3006,2024-05-30,7,104,1,4.2,4.2
3007,2024-05-30,7,101,1,3.8,3.8
3008,2024-05-30,7,109,2,2.2,4.4
3009,2024-05-30,7,108,2,4.5,9.0
3010,2024-05-30,7,104,1,4.2,4.2
3011,2024-05-30,7,107,1,3.5,3.5
3012,2024-05-30,7,105,1,4.1,4.1
3013,2024-05-30,7,103,1,3.9,3.9
3014,2024-05-30,7,108,1,4.5,4.5
3015,2024-05-30,7,108,1,4.5,4.5
3016,2024-05-30,8,102,1,4.0,4.0
3017,2024-05-30,8,101,1,3.8,3.8
3018,2024-05-30,8,103,1,3.9,3.9
3019,2024-05-30,8,106,1,3.2,3.2
3020,2024-05-30,8,108,3,4.5,13.5
3021,2024-05-30,8,109,1,2.2,2.2
3022,2024-05-30,8,102,1,4.0,4.0
3023,2024-05-30,8,110,1,3.4,3.4
3024,2024-05-30,9,107,2,3.5,7.0
3025,2024-05-30,9,101,1,3.8,3.8
3026,2024-05-30,9,102,1,4.0,4.0
3027,2024-05-30,9,109,1,2.2,2.2
3028,2024-05-30,9,103,3,3.9,11.7
3029,2024-05-30,9,108,1,4.5,4.5
3030,2024-05-30,9,107,2,3.5,7.0
3031,2024-05-30,9,103,1,3.9,3.9
3032,2024-05-30,9,107,1,3.5,3.5
3033,2024-05-30,10,103,2,3.9,7.8
3034,2024-05-30,10,106,1,3.2,3.2
3035,2024-05-30,10,107,1,3.5,3.5
3036,2024-05-30,10,109,1,2.2,2.2
3037,2024-05-30,10,104,1,4.2,4.2
3038,2024-05-30,10,104,1,4.2,4.2
3039,2024-05-30,10,101,2,3.8,7.6
3040,2024-05-30,10,108,1,4.5,4.5
3041,2024-05-30,10,101,1,3.8,3.8
3042,2024-05-30,11,110,1,3.4,3.4
3043,2024-05-30,11,104,1,4.2,4.2
3044,2024-05-30,11,104,1,4.2,4.2
3045,2024-05-30,11,103,2,3.9,7.8
3046,2024-05-30,11,101,1,3.8,3.8
3047,2024-05-30,11,109,2,2.2,4.4
3048,2024-05-30,11,101,1,3.8,3.8
3049,2024-05-30,11,108,1,4.5,4.5
3050,2024-05-30,11,103,2,3.9,7.8
3051,2024-05-30,11,107,1,3.5,3.5
3052,2024-05-30,12,103,1,3.9,3.9
3053,2024-05-30,12,106,1,3.2,3.2
3054,2024-05-30,12,103,1,3.9,3.9
3055,2024-05-30,12,105,1,4.1,4.1
3056,2024-05-30,12,109,1,2.2,2.2
3057,2024-05-30,12,105,1,4.1,4.1
3058,2024-05-30,12,103,1,3.9,3.9
3059,2024-05-30,12,106,1,3.2,3.2
3060,2024-05-31,1,102,1,4.0,4.0
3061,2024-05-31,1,106,1,3.2,3.2
3062,2024-05-31,1,109,2,2.2,4.4
3063,2024-05-31,1,106,1,3.2,3.2
3064,2024-05-31,1,101,1,3.8,3.8
3065,2024-05-31,1,103,1,3.9,3.9
3066,2024-05-31,1,107,1,3.5,3.5
3067,2024-05-31,2,102,1,4.0,4.0
3068,2024-05-31,2,109,2,2.2,4.4
3069,2024-05-31,2,106,2,3.2,6.4
3070,2024-05-31,2,101,1,3.8,3.8
3071,2024-05-31,2,107,2,3.5,7.0
3072,2024-05-31,2,102,3,4.0,12.0
3073,2024-05-31,2,101,1,3.8,3.8
3074,2024-05-31,3,102,1,4.0,4.0
3075,2024-05-31,3,105,1,4.1,4.1
3076,2024-05-31,3,105,1,4.1,4.1
3077,2024-05-31,3,109,1,2.2,2.2
3078,2024-05-31,3,105,1,4.1,4.1
3079,2024-05-31,3,107,1,3.5,3.5
3080,2024-05-31,3,108,1,4.5,4.5
3081,2024-05-31,3,108,1,4.5,4.5
3082,2024-05-31,4,101,1,3.8,3.8
3083,2024-05-31,4,107,1,3.5,3.5
3084,2024-05-31,4,109,1,2.2,2.2
3085,2024-05-31,4,101,1,3.8,3.8
3086,2024-05-31,4,103,3,3.9,11.7
3087,2024-05-31,4,109,1,2.2,2.2
3088,2024-05-31,4,103,1,3.9,3.9
3089,2024-05-31,5,104,1,4.2,4.2
3090,2024-05-31,5,104,1,4.2,4.2
3091,2024-05-31,5,106,1,3.2,3.2
3092,2024-05-31,5,106,1,3.2,3.2
3093,2024-05-31,5,104,1,4.2,4.2
3094,2024-05-31,5,102,1,4.0,4.0
3095,2024-05-31,5,103,1,3.9,3.9
3096,2024-05-31,5,105,1,4.1,4.1
3097,2024-05-31,6,104,1,4.2,4.2
3098,2024-05-31,6,103,1,3.9,3.9
3099,2024-05-31,6,108,1,4.5,4.5
3100,2024-05-31,6,105,1,4.1,4.1
3101,2024-05-31,6,108,1,4.5,4.5
3102,2024-05-31,6,103,1,3.9,3.9
3103,2024-05-31,6,107,2,3.5,7.0
3104,2024-05-31,6,101,1,3.8,3.8
3105,2024-05-31,6,109,1,2.2,2.2
3106,2024-05-31,7,106,1,3.2,3.2
3107,2024-05-31,7,108,1,4.5,4.5
3108,2024-05-31,7,103,1,3.9,3.9
3109,2024-05-31,7,103,1,3.9,3.9
3110,2024-05-31,7,104,2,4.2,8.4
3111,2024-05-31,7,106,1,3.2,3.2
3112,2024-05-31,7,102,1,4.0,4.0
3113,2024-05-31,7,106,1,3.2,3.2
3114,2024-05-31,7,101,1,3.8,3.8
3115,2024-05-31,7,107,1,3.5,3.5
3116,2024-05-31,8,106,1,3.2,3.2
3117,2024-05-31,8,103,1,3.9,3.9
3118,2024-05-31,8,107,1,3.5,3.5
3119,2024-05-31,8,102,1,4.0,4.0
3120,2024-05-31,8,105,3,4.1,12.3
3121,2024-05-31,8,105,2,4.1,8.2
3122,2024-05-31,8,106,1,3.2,3.2
3123,2024-05-31,8,102,2,4.0,8.0
3124,2024-05-31,9,104,1,4.2,4.2
3125,2024-05-31,9,107,1,3.5,3.5
3126,2024-05-31,9,107,1,3.5,3.5
3127,2024-05-31,9,106,2,3.2,6.4
3128,2024-05-31,9,103,1,3.9,3.9
3129,2024-05-31,9,103,1,3.9,3.9
3130,2024-05-31,9,106,3,3.2,9.6
3131,2024-05-31,10,104,1,4.2,4.2
3132,2024-05-31,10,105,1,4.1,4.1
3133,2024-05-31,10,108,1,4.5,4.5
3134,2024-05-31,10,103,1,3.9,3.9
3135,2024-05-31,10,110,1,3.4,3.4
3136,2024-05-31,10,102,1,4.0,4.0
3137,2024-05-31,10,109,1,2.2,2.2
3138,2024-05-31,10,104,2,4.2,8.4
3139,2024-05-31,10,102,1,4.0,4.0
3140,2024-05-31,11,101,1,3.8,3.8
3141,2024-05-31,11,105,3,4.1,12.3
3142,2024-05-31,11,107,1,3.5,3.5
3143,2024-05-31,11,101,3,3.8,11.4
3144,2024-05-31,11,105,2,4.1,8.2
3145,2024-05-31,11,104,1,4.2,4.2
3146,2024-05-31,11,105,1,4.1,4.1
3147,2024-05-31,11,108,1,4.5,4.5
3148,2024-05-31,11,108,1,4.5,4.5
3149,2024-05-31,12,106,1,3.2,3.2
3150,2024-05-31,12,106,2,3.2,6.4
3151,2024-05-31,12,101,1,3.8,3.8
3152,2024-05-31,12,106,1,3.2,3.2
3153,2024-05-31,12,104,1,4.2,4.2
3154,2024-05-31,12,105,1,4.1,4.1
3155,2024-05-31,12,101,2,3.8,7.6
3156,2024-06-01,1,106,1,3.2,3.2
3157,2024-06-01,1,102,3,4.0,12.0
3158,2024-06-01,1,105,1,4.1,4.1
3159,2024-06-01,1,104,2,4.2,8.4
3160,2024-06-01,1,101,1,3.8,3.8
3161,2024-06-01,1,103,2,3.9,7.8
3162,2024-06-01,1,102,2,4.0,8.0
3163,2024-06-01,1,109,1,2.2,2.2
3164,2024-06-01,1,108,1,4.5,4.5
3165,2024-06-01,1,101,1,3.8,3.8
3166,2024-06-01,2,101,1,3.8,3.8
3167,2024-06-01,2,107,1,3.5,3.5
3168,2024-06-01,2,107,1,3.5,3.5
3169,2024-06-01,2,102,1,4.0,4.0
3170,2024-06-01,2,106,1,3.2,3.2
3171,2024-06-01,2,110,1,3.4,3.4
3172,2024-06-01,2,106,3,3.2,9.6
3173,2024-06-01,3,105,2,4.1,8.2
3174,2024-06-01,3,108,1,4.5,4.5
3175,2024-06-01,3,108,1,4.5,4.5
3176,2024-06-01,3,103,1,3.9,3.9
3177,2024-06-01,3,107,1,3.5,3.5
3178,2024-06-01,3,106,1,3.2,3.2
3179,2024-06-01,3,103,1,3.9,3.9
3180,2024-06-01,3,104,3,4.2,12.6
3181,2024-06-01,3,109,1,2.2,2.2
3182,2024-06-01,3,108,1,4.5,4.5
3183,2024-06-01,4,106,1,3.2,3.2
3184,2024-06-01,4,104,1,4.2,4.2
3185,2024-06-01,4,101,3,3.8,11.4
3186,2024-06-01,4,109,1,2.2,2.2
3187,2024-06-01,4,105,2,4.1,8.2
3188,2024-06-01,4,104,1,4.2,4.2
3189,2024-06-01,4,107,1,3.5,3.5
3190,2024-06-01,4,105,1,4.1,4.1
3191,2024-06-01,5,101,1,3.8,3.8
3192,2024-06-01,5,104,1,4.2,4.2
3193,2024-06-01,5,105,1,4.1,4.1
3194,2024-06-01,5,106,3,3.2,9.6
3195,2024-06-01,5,106,1,3.2,3.2
3196,2024-06-01,5,102,1,4.0,4.0
3197,2024-06-01,5,108,2,4.5,9.0
3198,2024-06-01,5,102,1,4.0,4.0
3199,2024-06-01,5,108,1,4.5,4.5
3200,2024-06-01,6,102,1,4.0,4.0
3201,2024-06-01,6,102,3,4.0,12.0
3202,2024-06-01,6,105,1,4.1,4.1
3203,2024-06-01,6,108,2,4.5,9.0
3204,2024-06-01,6,105,2,4.1,8.2
3205,2024-06-01,6,105,2,4.1,8.2
3206,2024-06-01,6,102,1,4.0,4.0
3207,2024-06-01,6,102,1,4.0,4.0
3208,2024-06-01,6,102,2,4.0,8.0
3209,2024-06-01,6,105,1,4.1,4.1
3210,2024-06-01,7,102,1,4.0,4.0
3211,2024-06-01,7,106,2,3.2,6.4
3212,2024-06-01,7,106,2,3.2,6.4
3213,2024-06-01,7,104,1,4.2,4.2
3214,2024-06-01,7,101,1,3.8,3.8
3215,2024-06-01,7,101,1,3.8,3.8
3216,2024-06-01,7,107,2,3.5,7.0
3217,2024-06-01,7,107,2,3.5,7.0
3218,2024-06-01,7,102,1,4.0,4.0
3219,2024-06-01,7,102,1,4.0,4.0
3220,2024-06-01,8,103,1,3.9,3.9
3221,2024-06-01,8,110,1,3.4,3.4
3222,2024-06-01,8,107,1,3.5,3.5
3223,2024-06-01,8,106,1,3.2,3.2
3224,2024-06-01,8,107,1,3.5,3.5
3225,2024-06-01,8,108,2,4.5,9.0
3226,2024-06-01,8,107,1,3.5,3.5
3227,2024-06-01,8,101,1,3.8,3.8
3228,2024-06-01,9,103,1,3.9,3.9
3229,2024-06-01,9,102,2,4.0,8.0
3230,2024-06-01,9,102,2,4.0,8.0
3231,2024-06-01,9,109,1,2.2,2.2
3232,2024-06-01,9,104,1,4.2,4.2
3233,2024-06-01,9,104,1,4.2,4.2
3234,2024-06-01,9,105,1,4.1,4.1
3235,2024-06-01,10,106,1,3.2,3.2
3236,2024-06-01,10,109,1,2.2,2.2
3237,2024-06-01,10,102,1,4.0,4.0
3238,2024-06-01,10,108,1,4.5,4.5
3239,2024-06-01,10,105,2,4.1,8.2
3240,2024-06-01,10,101,1,3.8,3.8
3241,2024-06-01,10,104,1,4.2,4.2
3242,2024-06-01,10,104,1,4.2,4.2
3243,2024-06-01,10,101,1,3.8,3.8
3244,2024-06-01,10,110,1,3.4,3.4
3245,2024-06-01,11,110,1,3.4,3.4
3246,2024-06-01,11,107,1,3.5,3.5
3247,2024-06-01,11,105,2,4.1,8.2
3248,2024-06-01,11,101,1,3.8,3.8
3249,2024-06-01,11,107,3,3.5,10.5
3250,2024-06-01,11,103,1,3.9,3.9
3251,2024-06-01,11,108,1,4.5,4.5
3252,2024-06-01,11,107,1,3.5,3.5
3253,2024-06-01,12,108,1,4.5,4.5
3254,2024-06-01,12,104,1,4.2,4.2
3255,2024-06-01,12,104,1,4.2,4.2
3256,2024-06-01,12,108,1,4.5,4.5
3257,2024-06-01,12,105,1,4.1,4.1
3258,2024-06-01,12,102,1,4.0,4.0
3259,2024-06-01,12,101,1,3.8,3.8
3260,2024-06-01,12,107,1,3.5,3.5
3261,2024-06-01,12,101,1,3.8,3.8
3262,2024-06-02,1,106,1,3.2,3.2
3263,2024-06-02,1,106,1,3.2,3.2
3264,2024-06-02,1,104,1,4.2,4.2
3265,2024-06-02,1,102,1,4.0,4.0
3266,2024-06-02,1,109,1,2.2,2.2
3267,2024-06-02,1,108,2,4.5,9.0
3268,2024-06-02,1,102,1,4.0,4.0
3269,2024-06-02,2,107,1,3.5,3.5
3270,2024-06-02,2,101,1,3.8,3.8
3271,2024-06-02,2,102,1,4.0,4.0
3272,2024-06-02,2,101,1,3.8,3.8
3273,2024-06-02,2,108,3,4.5,13.5
3274,2024-06-02,2,110,1,3.4,3.4
3275,2024-06-02,2,109,2,2.2,4.4
3276,2024-06-02,3,101,1,3.8,3.8
3277,2024-06-02,3,102,1,4.0,4.0
3278,2024-06-02,3,102,1,4.0,4.0
3279,2024-06-02,3,107,1,3.5,3.5
3280,2024-06-02,3,102,1,4.0,4.0
3281,2024-06-02,3,104,2,4.2,8.4
3282,2024-06-02,3,109,1,2.2,2.2
3283,2024-06-02,4,106,1,3.2,3.2
3284,2024-06-02,4,103,1,3.9,3.9
3285,2024-06-02,4,101,1,3.8,3.8
3286,2024-06-02,4,110,2,3.4,6.8
3287,2024-06-02,4,104,2,4.2,8.4
3288,2024-06-02,4,107,2,3.5,7.0
3289,2024-06-02,4,101,2,3.8,7.6
3290,2024-06-02,5,103,1,3.9,3.9
3291,2024-06-02,5,107,1,3.5,3.5
3292,2024-06-02,5,110,1,3.4,3.4
3293,2024-06-02,5,101,2,3.8,7.6
3294,2024-06-02,5,107,1,3.5,3.5
3295,2024-06-02,5,108,1,4.5,4.5
3296,2024-06-02,5,108,1,4.5,4.5
3297,2024-06-02,6,103,1,3.9,3.9
3298,2024-06-02,6,102,1,4.0,4.0
3299,2024-06-02,6,104,1,4.2,4.2
3300,2024-06-02,6,106,1,3.2,3.2
3301,2024-06-02,6,102,1,4.0,4.0
3302,2024-06-02,6,101,1,3.8,3.8
3303,2024-06-02,6,105,1,4.1,4.1
3304,2024-06-02,6,103,2,3.9,7.8
3305,2024-06-02,6,105,2,4.1,8.2
3306,2024-06-02,7,108,1,4.5,4.5
3307,2024-06-02,7,104,1,4.2,4.2
3308,2024-06-02,7,105,2,4.1,8.2
3309,2024-06-02,7,105,1,4.1,4.1
3310,2024-06-02,7,101,1,3.8,3.8
3311,2024-06-02,7,109,1,2.2,2.2
3312,2024-06-02,7,108,1,4.5,4.5
3313,2024-06-02,7,102,1,4.0,4.0
3314,2024-06-02,7,103,1,3.9,3.9
3315,2024-06-02,8,103,1,3.9,3.9
3316,2024-06-02,8,104,1,4.2,4.2
3317,2024-06-02,8,105,1,4.1,4.1
3318,2024-06-02,8,101,1,3.8,3.8
3319,2024-06-02,8,105,1,4.1,4.1
3320,2024-06-02,8,101,1,3.8,3.8
3321,2024-06-02,8,105,1,4.1,4.1
3322,2024-06-02,8,101,1,3.8,3.8
3323,2024-06-02,8,109,1,2.2,2.2
3324,2024-06-02,9,106,1,3.2,3.2
3325,2024-06-02,9,101,2,3.8,7.6
3326,2024-06-02,9,107,1,3.5,3.5
3327,2024-06-02,9,103,2,3.9,7.8
3328,2024-06-02,9,107,1,3.5,3.5
3329,2024-06-02,9,107,1,3.5,3.5
3330,2024-06-02,9,107,1,3.5,3.5
3331,2024-06-02,10,103,1,3.9,3.9
3332,2024-06-02,10,108,1,4.5,4.5
3333,2024-06-02,10,101,1,3.8,3.8
3334,2024-06-02,10,102,1,4.0,4.0
3335,2024-06-02,10,102,1,4.0,4.0
3336,2024-06-02,10,102,2,4.0,8.0
3337,2024-06-02,10,101,1,3.8,3.8
3338,2024-06-02,11,107,2,3.5,7.0
3339,2024-06-02,11,104,2,4.2,8.4
3340,2024-06-02,11,107,2,3.5,7.0
3341,2024-06-02,11,104,2,4.2,8.4
3342,2024-06-02,11,106,1,3.2,3.2
3343,2024-06-02,11,107,1,3.5,3.5
3344,2024-06-02,11,105,1,4.1,4.1
3345,2024-06-02,11,102,1,4.0,4.0
3346,2024-06-02,11,105,2,4.1,8.2
3347,2024-06-02,11,108,1,4.5,4.5
3348,2024-06-02,12,108,1,4.5,4.5
3349,2024-06-02,12,102,2,4.0,8.0
3350,2024-06-02,12,106,1,3.2,3.2
3351,2024-06-02,12,103,1,3.9,3.9
3352,2024-06-02,12,110,1,3.4,3.4
3353,2024-06-02,12,102,1,4.0,4.0
3354,2024-06-02,12,110,3,3.4,10.2
3355,2024-06-02,12,106,1,3.2,3.2
3356,2024-06-02,12,107,1,3.5,3.5
3357,2024-06-03,1,110,1,3.4,3.4
3358,2024-06-03,1,103,1,3.9,3.9
3359,2024-06-03,1,106,1,3.2,3.2
3360,2024-06-03,1,105,1,4.1,4.1
3361,2024-06-03,1,110,2,3.4,6.8
3362,2024-06-03,1,103,1,3.9,3.9
3363,2024-06-03,1,109,1,2.2,2.2
3364,2024-06-03,1,102,1,4.0,4.0
3365,2024-06-03,1,102,2,4.0,8.0
3366,2024-06-03,1,102,1,4.0,4.0
3367,2024-06-03,2,104,1,4.2,4.2
3368,2024-06-03,2,102,2,4.0,8.0
3369,2024-06-03,2,104,3,4.2,12.6
3370,2024-06-03,2,106,3,3.2,9.6
3371,2024-06-03,2,103,2,3.9,7.8
3372,2024-06-03,2,101,1,3.8,3.8
3373,2024-06-03,2,105,1,4.1,4.1
3374,2024-06-03,2,109,2,2.2,4.4
3375,2024-06-03,2,110,1,3.4,3.4
3376,2024-06-03,2,105,2,4.1,8.2
3377,2024-06-03,3,106,1,3.2,3.2
3378,2024-06-03,3,104,1,4.2,4.2
3379,2024-06-03,3,103,2,3.9,7.8
3380,2024-06-03,3,104,1,4.2,4.2
3381,2024-06-03,3,107,1,3.5,3.5
3382,2024-06-03,3,105,1,4.1,4.1
3383,2024-06-03,3,107,1,3.5,3.5
3384,2024-06-03,3,105,3,4.1,12.3
3385,2024-06-03,4,103,1,3.9,3.9
3386,2024-06-03,4,106,2,3.2,6.4
3387,2024-06-03,4,107,2,3.5,7.0
3388,2024-06-03,4,107,1,3.5,3.5
3389,2024-06-03,4,105,1,4.1,4.1
3390,2024-06-03,4,106,1,3.2,3.2
3391,2024-06-03,4,103,1,3.9,3.9
3392,2024-06-03,4,101,1,3.8,3.8
3393,2024-06-03,4,109,1,2.2,2.2
3394,2024-06-03,4,102,1,4.0,4.0
3395,2024-06-03,5,106,1,3.2,3.2
3396,2024-06-03,5,108,1,4.5,4.5
3397,2024-06-03,5,108,1,4.5,4.5
3398,2024-06-03,5,107,1,3.5,3.5
3399,2024-06-03,5,108,2,4.5,9.0
3400,2024-06-03,5,102,1,4.0,4.0
3401,2024-06-03,5,110,1,3.4,3.4
3402,2024-06-03,5,101,1,3.8,3.8
3403,2024-06-03,5,106,1,3.2,3.2
3404,2024-06-03,6,102,1,4.0,4.0
3405,2024-06-03,6,105,1,4.1,4.1
3406,2024-06-03,6,102,1,4.0,4.0
3407,2024-06-03,6,101,2,3.8,7.6
3408,2024-06-03,6,105,2,4.1,8.2
3409,2024-06-03,6,107,1,3.5,3.5
3410,2024-06-03,6,101,2,3.8,7.6
3411,2024-06-03,6,106,1,3.2,3.2
3412,2024-06-03,7,105,1,4.1,4.1
3413,2024-06-03,7,103,1,3.9,3.9
3414,2024-06-03,7,107,1,3.5,3.5
3415,2024-06-03,7,107,1,3.5,3.5
3416,2024-06-03,7,104,1,4.2,4.2
3417,2024-06-03,7,102,1,4.0,4.0
3418,2024-06-03,7,103,1,3.9,3.9
3419,2024-06-03,7,107,1,3.5,3.5
3420,2024-06-03,8,110,2,3.4,6.8
3421,2024-06-03,8,104,3,4.2,12.6
3422,2024-06-03,8,104,1,4.2,4.2
3423,2024-06-03,8,107,1,3.5,3.5
3424,2024-06-03,8,101,1,3.8,3.8
3425,2024-06-03,8,107,1,3.5,3.5
3426,2024-06-03,8,106,1,3.2,3.2
3427,2024-06-03,8,107,2,3.5,7.0
3428,2024-06-03,8,103,1,3.9,3.9
3429,2024-06-03,9,106,1,3.2,3.2
3430,2024-06-03,9,110,1,3.4,3.4
3431,2024-06-03,9,103,1,3.9,3.9
3432,2024-06-03,9,107,1,3.5,3.5
3433,2024-06-03,9,103,1,3.9,3.9
3434,2024-06-03,9,101,1,3.8,3.8
3435,2024-06-03,9,107,2,3.5,7.0
3436,2024-06-03,9,109,1,2.2,2.2
3437,2024-06-03,9,108,2,4.5,9.0
3438,2024-06-03,9,107,2,3.5,7.0
3439,2024-06-03,10,106,1,3.2,3.2
3440,2024-06-03,10,107,2,3.5,7.0
3441,2024-06-03,10,106,2,3.2,6.4
3442,2024-06-03,10,103,1,3.9,3.9
3443,2024-06-03,10,103,1,3.9,3.9
3444,2024-06-03,10,102,1,4.0,4.0
3445,2024-06-03,10,106,1,3.2,3.2
3446,2024-06-03,11,104,1,4.2,4.2
3447,2024-06-03,11,103,1,3.9,3.9
3448,2024-06-03,11,101,2,3.8,7.6
3449,2024-06-03,11,105,1,4.1,4.1
3450,2024-06-03,11,107,1,3.5,3.5
3451,2024-06-03,11,108,1,4.5,4.5
3452,2024-06-03,11,104,1,4.2,4.2
3453,2024-06-03,11,105,1,4.1,4.1
3454,2024-06-03,12,107,1,3.5,3.5
3455,2024-06-03,12,104,1,4.2,4.2
3456,2024-06-03,12,103,1,3.9,3.9
3457,2024-06-03,12,101,1,3.8,3.8
3458,2024-06-03,12,104,1,4.2,4.2
3459,2024-06-03,12,110,1,3.4,3.4
3460,2024-06-03,12,104,3,4.2,12.6
3461,2024-06-03,12,103,1,3.9,3.9
3462,2024-06-04,1,104,1,4.2,4.2
3463,2024-06-04,1,108,1,4.5,4.5
3464,2024-06-04,1,110,1,3.4,3.4
3465,2024-06-04,1,102,1,4.0,4.0
3466,2024-06-04,1,101,1,3.8,3.8
3467,2024-06-04,1,105,2,4.1,8.2
3468,2024-06-04,1,106,1,3.2,3.2
3469,2024-06-04,1,103,2,3.9,7.8
3470,2024-06-04,1,106,1,3.2,3.2
3471,2024-06-04,2,109,2,2.2,4.4
3472,2024-06-04,2,104,1,4.2,4.2
3473,2024-06-04,2,101,1,3.8,3.8
3474,2024-06-04,2,102,1,4.0,4.0
3475,2024-06-04,2,101,1,3.8,3.8
3476,2024-06-04,2,101,1,3.8,3.8
3477,2024-06-04,2,108,1,4.5,4.5
3478,2024-06-04,3,106,1,3.2,3.2
3479,2024-06-04,3,104,1,4.2,4.2
3480,2024-06-04,3,104,1,4.2,4.2
3481,2024-06-04,3,103,3,3.9,11.7
3482,2024-06-04,3,104,1,4.2,4.2
3483,2024-06-04,3,109,1,2.2,2.2
3484,2024-06-04,3,106,1,3.2,3.2
3485,2024-06-04,4,109,2,2.2,4.4
3486,2024-06-04,4,101,1,3.8,3.8
3487,2024-06-04,4,101,1,3.8,3.8
3488,2024-06-04,4,103,1,3.9,3.9
3489,2024-06-04,4,102,1,4.0,4.0
3490,2024-06-04,4,104,1,4.2,4.2
3491,2024-06-04,4,103,1,3.9,3.9
3492,2024-06-04,5,106,1,3.2,3.2
3493,2024-06-04,5,102,2,4.0,8.0
3494,2024-06-04,5,103,1,3.9,3.9
3495,2024-06-04,5,107,1,3.5,3.5
3496,2024-06-04,5,104,1,4.2,4.2
3497,2024-06-04,5,105,1,4.1,4.1
3498,2024-06-04,5,101,2,3.8,7.6
3499,2024-06-04,5,105,1,4.1,4.1
3500,2024-06-04,5,102,1,4.0,4.0
3501,2024-06-04,6,101,1,3.8,3.8
3502,2024-06-04,6,107,3,3.5,10.5
3503,2024-06-04,6,101,1,3.8,3.8
3504,2024-06-04,6,107,2,3.5,7.0
3505,2024-06-04,6,102,2,4.0,8.0
3506,2024-06-04,6,104,2,4.2,8.4
3507,2024-06-04,6,104,1,4.2,4.2
3508,2024-06-04,6,105,1,4.1,4.1
3509,2024-06-04,7,102,2,4.0,8.0
3510,2024-06-04,7,110,2,3.4,6.8
3511,2024-06-04,7,109,2,2.2,4.4
3512,2024-06-04,7,103,1,3.9,3.9
3513,2024-06-04,7,104,2,4.2,8.4
3514,2024-06-04,7,108,2,4.5,9.0
3515,2024-06-04,7,103,1,3.9,3.9
3516,2024-06-04,7,108,2,4.5,9.0
3517,2024-06-04,7,102,1,4.0,4.0
3518,2024-06-04,8,101,1,3.8,3.8
3519,2024-06-04,8,107,1,3.5,3.5
3520,2024-06-04,8,103,1,3.9,3.9
3521,2024-06-04,8,106,1,3.2,3.2
3522,2024-06-04,8,105,2,4.1,8.2
3523,2024-06-04,8,108,1,4.5,4.5
3524,2024-06-04,8,103,1,3.9,3.9
3525,2024-06-04,8,101,1,3.8,3.8
3526,2024-06-04,9,105,1,4.1,4.1
3527,2024-06-04,9,104,1,4.2,4.2
3528,2024-06-04,9,106,1,3.2,3.2
3529,2024-06-04,9,107,3,3.5,10.5
3530,2024-06-04,9,105,2,4.1,8.2
3531,2024-06-04,9,102,1,4.0,4.0
3532,2024-06-04,9,106,2,3.2,6.4
3533,2024-06-04,10,103,1,3.9,3.9
3534,2024-06-04,10,107,1,3.5,3.5
3535,2024-06-04,10,103,1,3.9,3.9
3536,2024-06-04,10,110,3,3.4,10.2
3537,2024-06-04,10,102,1,4.0,4.0
3538,2024-06-04,10,101,1,3.8,3.8
3539,2024-06-04,10,102,1,4.0,4.0
3540,2024-06-04,11,102,1,4.0,4.0
3541,2024-06-04,11,108,1,4.5,4.5
3542,2024-06-04,11,107,1,3.5,3.5
3543,2024-06-04,11,102,1,4.0,4.0
3544,2024-06-04,11,105,1,4.1,4.1
3545,2024-06-04,11,109,1,2.2,2.2
3546,2024-06-04,11,101,2,3.8,7.6
3547,2024-06-04,12,101,2,3.8,7.6
3548,2024-06-04,12,105,2,4.1,8.2
3549,2024-06-04,12,104,1,4.2,4.2
3550,2024-06-04,12,103,1,3.9,3.9
3551,2024-06-04,12,101,1,3.8,3.8
3552,2024-06-04,12,110,1,3.4,3.4
3553,2024-06-04,12,103,2,3.9,7.8
3554,2024-06-05,1,108,1,4.5,4.5
3555,2024-06-05,1,103,1,3.9,3.9
3556,2024-06-05,1,101,2,3.8,7.6
3557,2024-06-05,1,109,1,2.2,2.2
3558,2024-06-05,1,106,1,3.2,3.2
3559,2024-06-05,1,105,1,4.1,4.1
3560,2024-06-05,1,104,2,4.2,8.4
3561,2024-06-05,1,108,1,4.5,4.5
3562,2024-06-05,1,106,1,3.2,3.2
3563,2024-06-05,1,106,2,3.2,6.4
3564,2024-06-05,2,107,1,3.5,3.5
3565,2024-06-05,2,108,1,4.5,4.5
3566,2024-06-05,2,102,1,4.0,4.0
3567,2024-06-05,2,104,1,4.2,4.2
3568,2024-06-05,2,106,2,3.2,6.4
3569,2024-06-05,2,106,1,3.2,3.2
3570,2024-06-05,2,105,1,4.1,4.1
3571,2024-06-05,2,101,2,3.8,7.6
3572,2024-06-05,3,106,1,3.2,3.2
3573,2024-06-05,3,107,2,3.5,7.0
3574,2024-06-05,3,105,1,4.1,4.1
3575,2024-06-05,3,102,1,4.0,4.0
3576,2024-06-05,3,107,1,3.5,3.5
3577,2024-06-05,3,108,1,4.5,4.5
3578,2024-06-05,3,107,2,3.5,7.0
3579,2024-06-05,4,108,2,4.5,9.0
3580,2024-06-05,4,102,1,4.0,4.0
3581,2024-06-05,4,108,2,4.5,9.0
3582,2024-06-05,4,109,1,2.2,2.2
3583,2024-06-05,4,103,1,3.9,3.9
3584,2024-06-05,4,107,1,3.5,3.5
3585,2024-06-05,4,103,1,3.9,3.9
3586,2024-06-05,4,109,1,2.2,2.2
3587,2024-06-05,4,104,1,4.2,4.2
3588,2024-06-05,4,108,1,4.5,4.5
3589,2024-06-05,5,102,1,4.0,4.0
3590,2024-06-05,5,101,1,3.8,3.8
3591,2024-06-05,5,109,1,2.2,2.2
3592,2024-06-05,5,103,1,3.9,3.9
3593,2024-06-05,5,101,1,3.8,3.8
3594,2024-06-05,5,102,1,4.0,4.0
3595,2024-06-05,5,102,3,4.0,12.0
3596,2024-06-05,5,106,1,3.2,3.2
3597,2024-06-05,5,101,1,3.8,3.8
3598,2024-06-05,5,104,1,4.2,4.2
3599,2024-06-05,6,109,1,2.2,2.2
3600,2024-06-05,6,106,1,3.2,3.2
3601,2024-06-05,6,103,1,3.9,3.9
3602,2024-06-05,6,104,2,4.2,8.4
3603,2024-06-05,6,101,1,3.8,3.8
3604,2024-06-05,6,109,1,2.2,2.2
3605,2024-06-05,6,105,1,4.1,4.1
3606,2024-06-05,7,109,3,2.2,6.6
3607,2024-06-05,7,108,2,4.5,9.0
3608,2024-06-05,7,107,1,3.5,3.5
3609,2024-06-05,7,102,1,4.0,4.0
3610,2024-06-05,7,104,1,4.2,4.2
3611,2024-06-05,7,101,1,3.8,3.8
3612,2024-06-05,7,110,1,3.4,3.4
3613,2024-06-05,7,108,1,4.5,4.5
3614,2024-06-05,8,103,1,3.9,3.9
3615,2024-06-05,8,109,1,2.2,2.2
3616,2024-06-05,8,101,1,3.8,3.8
3617,2024-06-05,8,101,1,3.8,3.8
3618,2024-06-05,8,103,2,3.9,7.8
3619,2024-06-05,8,106,1,3.2,3.2
3620,2024-06-05,8,104,1,4.2,4.2
3621,2024-06-05,9,105,1,4.1,4.1
3622,2024-06-05,9,106,1,3.2,3.2
3623,2024-06-05,9,104,2,4.2,8.4
3624,2024-06-05,9,107,1,3.5,3.5
3625,2024-06-05,9,105,1,4.1,4.1
3626,2024-06-05,9,105,1,4.1,4.1
3627,2024-06-05,9,102,1,4.0,4.0
3628,2024-06-05,10,103,1,3.9,3.9
3629,2024-06-05,10,102,1,4.0,4.0
3630,2024-06-05,10,102,1,4.0,4.0
3631,2024-06-05,10,107,2,3.5,7.0
3632,2024-06-05,10,108,1,4.5,4.5
3633,2024-06-05,10,102,1,4.0,4.0
3634,2024-06-05,10,102,1,4.0,4.0
3635,2024-06-05,10,107,1,3.5,3.5
3636,2024-06-05,10,105,1,4.1,4.1
3637,2024-06-05,10,101,1,3.8,3.8
3638,2024-06-05,11,101,1,3.8,3.8
3639,2024-06-05,11,104,1,4.2,4.2
3640,2024-06-05,11,106,2,3.2,6.4
3641,2024-06-05,11,107,1,3.5,3.5
3642,2024-06-05,11,104,2,4.2,8.4
3643,2024-06-05,11,103,1,3.9,3.9
3644,2024-06-05,11,104,1,4.2,4.2
3645,2024-06-05,11,105,1,4.1,4.1
3646,2024-06-05,12,107,2,3.5,7.0
3647,2024-06-05,12,101,2,3.8,7.6
3648,2024-06-05,12,101,1,3.8,3.8
3649,2024-06-05,12,101,1,3.8,3.8
3650,2024-06-05,12,103,1,3.9,3.9
3651,2024-06-05,12,105,1,4.1,4.1
3652,2024-06-05,12,101,1,3.8,3.8
3653,2024-06-05,12,106,1,3.2,3.2
3654,2024-06-06,1,107,1,3.5,3.5
3655,2024-06-06,1,103,2,3.9,7.8
3656,2024-06-06,1,106,1,3.2,3.2
3657,2024-06-06,1,108,1,4.5,4.5
3658,2024-06-06,1,103,1,3.9,3.9
3659,2024-06-06,1,103,1,3.9,3.9
3660,2024-06-06,1,105,2,4.1,8.2
3661,2024-06-06,2,104,1,4.2,4.2
3662,2024-06-06,2,104,1,4.2,4.2
3663,2024-06-06,2,107,1,3.5,3.5
3664,2024-06-06,2,104,3,4.2,12.6
3665,2024-06-06,2,107,1,3.5,3.5
3666,2024-06-06,2,108,1,4.5,4.5
3667,2024-06-06,2,102,1,4.0,4.0
3668,2024-06-06,2,109,1,2.2,2.2
3669,2024-06-06,2,106,1,3.2,3.2
3670,2024-06-06,2,102,1,4.0,4.0
3671,2024-06-06,3,107,1,3.5,3.5
3672,2024-06-06,3,106,1,3.2,3.2
3673,2024-06-06,3,102,1,4.0,4.0
3674,2024-06-06,3,102,1,4.0,4.0
3675,2024-06-06,3,104,1,4.2,4.2
3676,2024-06-06,3,105,1,4.1,4.1
3677,2024-06-06,3,101,1,3.8,3.8
3678,2024-06-06,4,107,1,3.5,3.5
3679,2024-06-06,4,107,1,3.5,3.5
3680,2024-06-06,4,103,1,3.9,3.9
3681,2024-06-06,4,105,1,4.1,4.1
3682,2024-06-06,4,108,1,4.5,4.5
3683,2024-06-06,4,103,1,3.9,3.9
3684,2024-06-06,4,101,1,3.8,3.8
3685,2024-06-06,4,106,1,3.2,3.2
3686,2024-06-06,4,106,1,3.2,3.2
3687,2024-06-06,4,104,1,4.2,4.2
3688,2024-06-06,5,103,1,3.9,3.9
3689,2024-06-06,5,101,1,3.8,3.8
3690,2024-06-06,5,103,1,3.9,3.9
3691,2024-06-06,5,102,1,4.0,4.0
3692,2024-06-06,5,102,1,4.0,4.0
3693,2024-06-06,5,103,3,3.9,11.7
3694,2024-06-06,5,105,1,4.1,4.1
3695,2024-06-06,5,102,2,4.0,8.0
3696,2024-06-06,5,106,1,3.2,3.2
3697,2024-06-06,5,107,1,3.5,3.5
3698,2024-06-06,6,102,1,4.0,4.0
3699,2024-06-06,6,110,1,3.4,3.4
3700,2024-06-06,6,101,1,3.8,3.8
3701,2024-06-06,6,101,1,3.8,3.8
3702,2024-06-06,6,106,1,3.2,3.2
3703,2024-06-06,6,106,1,3.2,3.2
3704,2024-06-06,6,101,1,3.8,3.8
3705,2024-06-06,6,107,1,3.5,3.5
3706,2024-06-06,6,103,2,3.9,7.8
3707,2024-06-06,6,109,1,2.2,2.2
3708,2024-06-06,7,101,1,3.8,3.8
3709,2024-06-06,7,101,1,3.8,3.8
3710,2024-06-06,7,105,1,4.1,4.1
3711,2024-06-06,7,108,1,4.5,4.5
3712,2024-06-06,7,110,1,3.4,3.4
3713,2024-06-06,7,101,3,3.8,11.4
3714,2024-06-06,7,103,1,3.9,3.9
3715,2024-06-06,7,101,1,3.8,3.8
3716,2024-06-06,8,102,1,4.0,4.0
3717,2024-06-06,8,105,1,4.1,4.1
3718,2024-06-06,8,103,1,3.9,3.9
3719,2024-06-06,8,108,1,4.5,4.5
3720,2024-06-06,8,103,1,3.9,3.9
3721,2024-06-06,8,103,2,3.9,7.8
3722,2024-06-06,8,110,1,3.4,3.4
3723,2024-06-06,9,107,1,3.5,3.5
3724,2024-06-06,9,101,1,3.8,3.8
3725,2024-06-06,9,105,1,4.1,4.1
3726,2024-06-06,9,107,2,3.5,7.0
3727,2024-06-06,9,102,1,4.0,4.0
3728,2024-06-06,9,106,1,3.2,3.2
3729,2024-06-06,9,103,3,3.9,11.7
3730,2024-06-06,9,102,1,4.0,4.0
3731,2024-06-06,9,102,1,4.0,4.0
3732,2024-06-06,9,110,1,3.4,3.4
3733,2024-06-06,10,106,1,3.2,3.2
3734,2024-06-06,10,107,1,3.5,3.5
3735,2024-06-06,10,107,1,3.5,3.5
3736,2024-06-06,10,103,2,3.9,7.8
3737,2024-06-06,10,107,3,3.5,10.5
3738,2024-06-06,10,107,1,3.5,3.5
3739,2024-06-06,10,108,2,4.5,9.0
3740,2024-06-06,11,101,1,3.8,3.8
3741,2024-06-06,11,108,1,4.5,4.5
3742,2024-06-06,11,106,1,3.2,3.2
3743,2024-06-06,11,106,1,3.2,3.2
3744,2024-06-06,11,106,1,3.2,3.2
3745,2024-06-06,11,107,3,3.5,10.5
3746,2024-06-06,11,103,1,3.9,3.9
3747,2024-06-06,12,107,2,3.5,7.0
3748,2024-06-06,12,103,1,3.9,3.9
3749,2024-06-06,12,104,2,4.2,8.4
3750,2024-06-06,12,104,1,4.2,4.2
3751,2024-06-06,12,108,1,4.5,4.5
3752,2024-06-06,12,101,1,3.8,3.8
3753,2024-06-06,12,101,1,3.8,3.8
3754,2024-06-06,12,104,1,4.2,4.2
3755,2024-06-06,12,106,1,3.2,3.2
3756,2024-06-07,1,107,1,3.5,3.5
3757,2024-06-07,1,109,1,2.2,2.2
3758,2024-06-07,1,103,1,3.9,3.9
3759,2024-06-07,1,101,2,3.8,7.6
3760,2024-06-07,1,102,1,4.0,4.0
3761,2024-06-07,1,106,1,3.2,3.2
3762,2024-06-07,1,106,1,3.2,3.2
3763,2024-06-07,2,102,1,4.0,4.0
3764,2024-06-07,2,101,1,3.8,3.8
3765,2024-06-07,2,104,1,4.2,4.2
3766,2024-06-07,2,102,1,4.0,4.0
3767,2024-06-07,2,104,1,4.2,4.2
3768,2024-06-07,2,107,2,3.5,7.0
3769,2024-06-07,2,104,1,4.2,4.2
3770,2024-06-07,2,107,1,3.5,3.5
3771,2024-06-07,3,110,1,3.4,3.4
3772,2024-06-07,3,107,1,3.5,3.5
3773,2024-06-07,3,108,1,4.5,4.5
3774,2024-06-07,3,107,1,3.5,3.5
3775,2024-06-07,3,107,1,3.5,3.5
3776,2024-06-07,3,101,1,3.8,3.8
3777,2024-06-07,3,107,1,3.5,3.5
3778,2024-06-07,3,107,1,3.5,3.5
3779,2024-06-07,4,101,1,3.8,3.8
3780,2024-06-07,4,106,1,3.2,3.2
3781,2024-06-07,4,105,1,4.1,4.1
3782,2024-06-07,4,102,1,4.0,4.0
3783,2024-06-07,4,104,2,4.2,8.4
3784,2024-06-07,4,105,1,4.1,4.1
3785,2024-06-07,4,108,1,4.5,4.5
3786,2024-06-07,5,102,1,4.0,4.0
3787,2024-06-07,5,105,1,4.1,4.1
3788,2024-06-07,5,109,2,2.2,4.4
3789,2024-06-07,5,109,1,2.2,2.2
3790,2024-06-07,5,108,1,4.5,4.5
3791,2024-06-07,5,103,1,3.9,3.9
3792,2024-06-07,5,103,3,3.9,11.7
3793,2024-06-07,5,109,3,2.2,6.6
3794,2024-06-07,6,102,2,4.0,8.0
3795,2024-06-07,6,101,1,3.8,3.8
3796,2024-06-07,6,107,1,3.5,3.5
3797,2024-06-07,6,101,1,3.8,3.8
3798,2024-06-07,6,101,1,3.8,3.8
3799,2024-06-07,6,101,2,3.8,7.6
3800,2024-06-07,6,104,1,4.2,4.2
3801,2024-06-07,6,107,1,3.5,3.5
3802,2024-06-07,7,102,1,4.0,4.0
3803,2024-06-07,7,104,2,4.2,8.4
3804,2024-06-07,7,107,1,3.5,3.5
3805,2024-06-07,7,106,1,3.2,3.2
3806,2024-06-07,7,101,1,3.8,3.8
3807,2024-06-07,7,102,2,4.0,8.0
3808,2024-06-07,7,107,1,3.5,3.5
3809,2024-06-07,7,105,1,4.1,4.1
3810,2024-06-07,8,103,1,3.9,3.9
3811,2024-06-07,8,102,1,4.0,4.0
3812,2024-06-07,8,108,1,4.5,4.5
3813,2024-06-07,8,104,1,4.2,4.2
3814,2024-06-07,8,101,1,3.8,3.8
3815,2024-06-07,8,101,1,3.8,3.8
3816,2024-06-07,8,107,1,3.5,3.5
3817,2024-06-07,9,105,1,4.1,4.1
3818,2024-06-07,9,110,1,3.4,3.4
3819,2024-06-07,9,104,1,4.2,4.2
3820,2024-06-07,9,103,1,3.9,3.9
3821,2024-06-07,9,107,2,3.5,7.0
3822,2024-06-07,9,102,1,4.0,4.0
3823,2024-06-07,9,105,1,4.1,4.1
3824,2024-06-07,9,108,1,4.5,4.5
3825,2024-06-07,9,107,1,3.5,3.5
3826,2024-06-07,10,107,1,3.5,3.5
3827,2024-06-07,10,108,1,4.5,4.5
3828,2024-06-07,10,105,1,4.1,4.1
3829,2024-06-07,10,102,1,4.0,4.0
3830,2024-06-07,10,104,1,4.2,4.2
3831,2024-06-07,10,103,1,3.9,3.9
3832,2024-06-07,10,103,1,3.9,3.9
3833,2024-06-07,11,105,1,4.1,4.1
3834,2024-06-07,11,102,1,4.0,4.0
3835,2024-06-07,11,103,1,3.9,3.9
3836,2024-06-07,11,102,1,4.0,4.0
3837,2024-06-07,11,106,1,3.2,3.2
3838,2024-06-07,11,102,1,4.0,4.0
3839,2024-06-07,11,105,1,4.1,4.1
3840,2024-06-07,11,107,1,3.5,3.5
3841,2024-06-07,11,105,1,4.1,4.1
3842,2024-06-07,11,101,1,3.8,3.8
3843,2024-06-07,12,107,2,3.5,7.0
3844,2024-06-07,12,102,1,4.0,4.0
3845,2024-06-07,12,103,2,3.9,7.8
3846,2024-06-07,12,106,1,3.2,3.2
3847,2024-06-07,12,104,1,4.2,4.2
3848,2024-06-07,12,106,1,3.2,3.2
3849,2024-06-07,12,109,1,2.2,2.2
3850,2024-06-07,12,107,1,3.5,3.5
3851,2024-06-08,1,103,1,3.9,3.9
3852,2024-06-08,1,106,2,3.2,6.4
3853,2024-06-08,1,104,2,4.2,8.4
3854,2024-06-08,1,107,1,3.5,3.5
3855,2024-06-08,1,104,1,4.2,4.2
3856,2024-06-08,1,103,1,3.9,3.9
3857,2024-06-08,1,107,1,3.5,3.5
3858,2024-06-08,2,103,1,3.9,3.9
3859,2024-06-08,2,104,1,4.2,4.2
3860,2024-06-08,2,102,1,4.0,4.0
3861,2024-06-08,2,108,1,4.5,4.5
3862,2024-06-08,2,103,2,3.9,7.8
3863,2024-06-08,2,106,1,3.2,3.2
3864,2024-06-08,2,102,1,4.0,4.0
3865,2024-06-08,2,108,1,4.5,4.5
3866,2024-06-08,3,108,1,4.5,4.5
3867,2024-06-08,3,105,2,4.1,8.2
3868,2024-06-08,3,102,1,4.0,4.0
3869,2024-06-08,3,106,1,3.2,3.2
3870,2024-06-08,3,106,1,3.2,3.2
3871,2024-06-08,3,102,1,4.0,4.0
3872,2024-06-08,3,103,3,3.9,11.7
3873,2024-06-08,3,108,3,4.5,13.5
3874,2024-06-08,3,103,3,3.9,11.7
3875,2024-06-08,3,105,2,4.1,8.2
3876,2024-06-08,4,106,1,3.2,3.2
3877,2024-06-08,4,108,1,4.5,4.5
3878,2024-06-08,4,104,2,4.2,8.4
3879,2024-06-08,4,103,1,3.9,3.9
3880,2024-06-08,4,103,1,3.9,3.9
3881,2024-06-08,4,106,1,3.2,3.2
3882,2024-06-08,4,101,1,3.8,3.8
3883,2024-06-08,4,101,2,3.8,7.6
3884,2024-06-08,4,110,1,3.4,3.4
3885,2024-06-08,4,104,1,4.2,4.2
3886,2024-06-08,5,102,1,4.0,4.0
3887,2024-06-08,5,108,3,4.5,13.5
3888,2024-06-08,5,107,1,3.5,3.5
3889,2024-06-08,5,104,2,4.2,8.4
3890,2024-06-08,5,105,1,4.1,4.1
3891,2024-06-08,5,109,2,2.2,4.4
3892,2024-06-08,5,102,1,4.0,4.0
3893,2024-06-08,5,107,1,3.5,3.5
3894,2024-06-08,5,106,1,3.2,3.2
3895,2024-06-08,6,110,1,3.4,3.4
3896,2024-06-08,6,101,1,3.8,3.8
3897,2024-06-08,6,106,1,3.2,3.2
3898,2024-06-08,6,106,1,3.2,3.2
3899,2024-06-08,6,103,1,3.9,3.9
3900,2024-06-08,6,107,1,3.5,3.5
3901,2024-06-08,6,108,1,4.5,4.5
3902,2024-06-08,6,104,2,4.2,8.4
3903,2024-06-08,6,102,1,4.0,4.0
3904,2024-06-08,6,102,2,4.0,8.0
3905,2024-06-08,7,102,1,4.0,4.0
3906,2024-06-08,7,103,1,3.9,3.9
3907,2024-06-08,7,103,1,3.9,3.9
3908,2024-06-08,7,101,3,3.8,11.4
3909,2024-06-08,7,104,2,4.2,8.4
3910,2024-06-08,7,106,1,3.2,3.2
3911,2024-06-08,7,106,1,3.2,3.2
3912,2024-06-08,7,103,1,3.9,3.9
3913,2024-06-08,8,106,2,3.2,6.4
3914,2024-06-08,8,109,1,2.2,2.2
3915,2024-06-08,8,108,1,4.5,4.5
3916,2024-06-08,8,104,1,4.2,4.2
3917,2024-06-08,8,104,1,4.2,4.2
3918,2024-06-08,8,108,1,4.5,4.5
3919,2024-06-08,8,104,1,4.2,4.2
3920,2024-06-08,8,108,2,4.5,9.0
3921,2024-06-08,8,101,1,3.8,3.8
3922,2024-06-08,8,106,2,3.2,6.4
3923,2024-06-08,9,101,1,3.8,3.8
3924,2024-06-08,9,107,2,3.5,7.0
3925,2024-06-08,9,104,2,4.2,8.4
3926,2024-06-08,9,103,1,3.9,3.9
3927,2024-06-08,9,108,1,4.5,4.5
3928,2024-06-08,9,101,2,3.8,7.6
3929,2024-06-08,9,102,1,4.0,4.0
3930,2024-06-08,9,108,1,4.5,4.5
3931,2024-06-08,9,103,1,3.9,3.9
3932,2024-06-08,9,107,1,3.5,3.5
3933,2024-06-08,10,103,1,3.9,3.9
3934,2024-06-08,10,107,1,3.5,3.5
3935,2024-06-08,10,101,1,3.8,3.8
3936,2024-06-08,10,101,1,3.8,3.8
3937,2024-06-08,10,108,2,4.5,9.0
3938,2024-06-08,10,105,1,4.1,4.1
3939,2024-06-08,10,102,1,4.0,4.0
3940,2024-06-08,10,108,1,4.5,4.5
3941,2024-06-08,10,105,1,4.1,4.1
3942,2024-06-08,11,102,1,4.0,4.0
3943,2024-06-08,11,110,1,3.4,3.4
3944,2024-06-08,11,101,1,3.8,3.8
3945,2024-06-08,11,106,1,3.2,3.2
3946,2024-06-08,11,105,1,4.1,4.1
3947,2024-06-08,11,106,2,3.2,6.4
3948,2024-06-08,11,108,2,4.5,9.0
3949,2024-06-08,11,107,1,3.5,3.5
3950,2024-06-08,11,104,3,4.2,12.6
3951,2024-06-08,11,105,1,4.1,4.1
3952,2024-06-08,12,109,1,2.2,2.2
3953,2024-06-08,12,104,1,4.2,4.2
3954,2024-06-08,12,108,2,4.5,9.0
3955,2024-06-08,12,106,1,3.2,3.2
3956,2024-06-08,12,104,3,4.2,12.6
3957,2024-06-08,12,102,1,4.0,4.0
3958,2024-06-08,12,101,2,3.8,7.6
3959,2024-06-09,1,104,1,4.2,4.2
3960,2024-06-09,1,103,1,3.9,3.9
3961,2024-06-09,1,101,1,3.8,3.8
3962,2024-06-09,1,106,1,3.2,3.2
3963,2024-06-09,1,105,1,4.1,4.1
3964,2024-06-09,1,104,1,4.2,4.2
3965,2024-06-09,1,101,1,3.8,3.8
3966,2024-06-09,1,106,1,3.2,3.2
3967,2024-06-09,2,106,1,3.2,3.2
3968,2024-06-09,2,107,3,3.5,10.5
3969,2024-06-09,2,102,1,4.0,4.0
3970,2024-06-09,2,104,1,4.2,4.2
3971,2024-06-09,2,105,3,4.1,12.3
3972,2024-06-09,2,103,1,3.9,3.9
3973,2024-06-09,2,103,1,3.9,3.9
3974,2024-06-09,2,106,3,3.2,9.6
3975,2024-06-09,2,110,1,3.4,3.4
3976,2024-06-09,2,108,1,4.5,4.5
3977,2024-06-09,3,102,1,4.0,4.0
3978,2024-06-09,3,102,1,4.0,4.0
3979,2024-06-09,3,106,1,3.2,3.2
3980,2024-06-09,3,101,1,3.8,3.8
3981,2024-06-09,3,105,2,4.1,8.2
3982,2024-06-09,3,105,2,4.1,8.2
3983,2024-06-09,3,103,1,3.9,3.9
3984,2024-06-09,3,102,2,4.0,8.0
3985,2024-06-09,4,106,1,3.2,3.2
3986,2024-06-09,4,105,1,4.1,4.1
3987,2024-06-09,4,108,1,4.5,4.5
3988,2024-06-09,4,110,2,3.4,6.8
3989,2024-06-09,4,107,1,3.5,3.5
3990,2024-06-09,4,102,2,4.0,8.0
3991,2024-06-09,4,102,1,4.0,4.0
3992,2024-06-09,4,105,1,4.1,4.1
3993,2024-06-09,5,102,1,4.0,4.0
3994,2024-06-09,5,107,2,3.5,7.0
3995,2024-06-09,5,103,1,3.9,3.9
3996,2024-06-09,5,107,1,3.5,3.5
3997,2024-06-09,5,105,1,4.1,4.1
3998,2024-06-09,5,104,2,4.2,8.4
3999,2024-06-09,5,107,2,3.5,7.0
4000,2024-06-09,5,101,1,3.8,3.8
4001,2024-06-09,5,108,1,4.5,4.5
4002,2024-06-09,5,109,2,2.2,4.4
4003,2024-06-09,6,108,1,4.5,4.5
4004,2024-06-09,6,103,1,3.9,3.9
4005,2024-06-09,6,101,1,3.8,3.8
4006,2024-06-09,6,102,1,4.0,4.0
4007,2024-06-09,6,102,1,4.0,4.0
4008,2024-06-09,6,107,3,3.5,10.5
4009,2024-06-09,6,106,2,3.2,6.4
4010,2024-06-09,6,108,1,4.5,4.5
4011,2024-06-09,6,101,1,3.8,3.8
4012,2024-06-09,6,105,1,4.1,4.1
4013,2024-06-09,7,106,2,3.2,6.4
4014,2024-06-09,7,103,1,3.9,3.9
4015,2024-06-09,7,102,2,4.0,8.0
4016,2024-06-09,7,104,1,4.2,4.2
4017,2024-06-09,7,105,1,4.1,4.1
4018,2024-06-09,7,103,1,3.9,3.9
4019,2024-06-09,7,106,1,3.2,3.2
4020,2024-06-09,7,107,1,3.5,3.5
4021,2024-06-09,7,104,2,4.2,8.4
4022,2024-06-09,8,110,1,3.4,3.4
4023,2024-06-09,8,104,3,4.2,12.6
4024,2024-06-09,8,107,2,3.5,7.0
4025,2024-06-09,8,105,1,4.1,4.1
4026,2024-06-09,8,108,1,4.5,4.5
4027,2024-06-09,8,106,1,3.2,3.2
4028,2024-06-09,8,106,1,3.2,3.2
4029,2024-06-09,9,106,2,3.2,6.4
4030,2024-06-09,9,107,2,3.5,7.0
4031,2024-06-09,9,104,1,4.2,4.2
4032,2024-06-09,9,103,1,3.9,3.9
4033,2024-06-09,9,105,2,4.1,8.2
4034,2024-06-09,9,105,1,4.1,4.1
4035,2024-06-09,9,106,1,3.2,3.2
4036,2024-06-09,9,101,1,3.8,3.8
4037,2024-06-09,9,103,2,3.9,7.8
4038,2024-06-09,9,104,2,4.2,8.4
4039,2024-06-09,10,108,2,4.5,9.0
4040,2024-06-09,10,101,1,3.8,3.8
4041,2024-06-09,10,101,1,3.8,3.8
4042,2024-06-09,10,109,2,2.2,4.4
4043,2024-06-09,10,104,1,4.2,4.2
4044,2024-06-09,10,101,1,3.8,3.8
4045,2024-06-09,10,101,1,3.8,3.8
4046,2024-06-09,10,101,2,3.8,7.6
4047,2024-06-09,10,102,1,4.0,4.0
4048,2024-06-09,11,103,2,3.9,7.8
4049,2024-06-09,11,101,1,3.8,3.8
4050,2024-06-09,11,104,2,4.2,8.4
4051,2024-06-09,11,106,1,3.2,3.2
4052,2024-06-09,11,103,1,3.9,3.9
4053,2024-06-09,11,101,1,3.8,3.8
4054,2024-06-09,11,105,1,4.1,4.1
4055,2024-06-09,11,101,1,3.8,3.8
4056,2024-06-09,11,103,1,3.9,3.9
4057,2024-06-09,11,101,2,3.8,7.6
4058,2024-06-09,12,102,1,4.0,4.0
4059,2024-06-09,12,107,1,3.5,3.5
4060,2024-06-09,12,101,1,3.8,3.8
4061,2024-06-09,12,107,1,3.5,3.5
4062,2024-06-09,12,108,1,4.5,4.5
4063,2024-06-09,12,105,1,4.1,4.1
4064,2024-06-09,12,110,1,3.4,3.4
4065,2024-06-10,1,101,1,3.8,3.8
4066,2024-06-10,1,103,1,3.9,3.9
4067,2024-06-10,1,103,2,3.9,7.8
4068,2024-06-10,1,108,1,4.5,4.5
4069,2024-06-10,1,106,1,3.2,3.2
4070,2024-06-10,1,103,3,3.9,11.7
4071,2024-06-10,1,108,1,4.5,4.5
4072,2024-06-10,1,106,2,3.2,6.4
4073,2024-06-10,2,105,1,4.1,4.1
4074,2024-06-10,2,105,1,4.1,4.1
4075,2024-06-10,2,101,1,3.8,3.8
4076,2024-06-10,2,106,1,3.2,3.2
4077,2024-06-10,2,102,1,4.0,4.0
4078,2024-06-10,2,104,1,4.2,4.2
4079,2024-06-10,2,101,1,3.8,3.8
4080,2024-06-10,3,102,1,4.0,4.0
4081,2024-06-10,3,105,1,4.1,4.1
4082,2024-06-10,3,108,1,4.5,4.5
4083,2024-06-10,3,105,1,4.1,4.1
4084,2024-06-10,3,107,3,3.5,10.5
4085,2024-06-10,3,106,1,3.2,3.2
4086,2024-06-10,3,108,1,4.5,4.5
4087,2024-06-10,4,104,1,4.2,4.2
4088,2024-06-10,4,101,1,3.8,3.8
4089,2024-06-10,4,103,1,3.9,3.9
4090,2024-06-10,4,101,1,3.8,3.8
4091,2024-06-10,4,103,3,3.9,11.7
4092,2024-06-10,4,108,1,4.5,4.5
4093,2024-06-10,4,110,2,3.4,6.8
4094,2024-06-10,4,102,1,4.0,4.0
4095,2024-06-10,5,106,1,3.2,3.2
4096,2024-06-10,5,108,1,4.5,4.5
4097,2024-06-10,5,101,1,3.8,3.8
4098,2024-06-10,5,106,1,3.2,3.2
4099,2024-06-10,5,103,1,3.9,3.9
4100,2024-06-10,5,106,1,3.2,3.2
4101,2024-06-10,5,108,1,4.5,4.5
4102,2024-06-10,5,110,1,3.4,3.4
4103,2024-06-10,6,102,1,4.0,4.0
4104,2024-06-10,6,105,1,4.1,4.1
4105,2024-06-10,6,107,1,3.5,3.5
4106,2024-06-10,6,108,1,4.5,4.5
4107,2024-06-10,6,102,2,4.0,8.0
4108,2024-06-10,6,102,1,4.0,4.0
4109,2024-06-10,6,103,1,3.9,3.9
4110,2024-06-10,6,102,2,4.0,8.0
4111,2024-06-10,6,103,1,3.9,3.9
4112,2024-06-10,6,107,1,3.5,3.5
4113,2024-06-10,7,109,1,2.2,2.2
4114,2024-06-10,7,109,1,2.2,2.2
4115,2024-06-10,7,106,1,3.2,3.2
4116,2024-06-10,7,108,1,4.5,4.5
4117,2024-06-10,7,103,1,3.9,3.9
4118,2024-06-10,7,107,1,3.5,3.5
4119,2024-06-10,7,108,1,4.5,4.5
4120,2024-06-10,8,101,1,3.8,3.8
4121,2024-06-10,8,106,2,3.2,6.4
4122,2024-06-10,8,106,1,3.2,3.2
4123,2024-06-10,8,110,2,3.4,6.8
4124,2024-06-10,8,102,1,4.0,4.0
4125,2024-06-10,8,110,2,3.4,6.8
4126,2024-06-10,8,104,1,4.2,4.2
4127,2024-06-10,8,101,1,3.8,3.8
4128,2024-06-10,9,103,1,3.9,3.9
4129,2024-06-10,9,109,2,2.2,4.4
4130,2024-06-10,9,102,2,4.0,8.0
4131,2024-06-10,9,106,1,3.2,3.2
4132,2024-06-10,9,102,1,4.0,4.0
4133,2024-06-10,9,102,1,4.0,4.0
4134,2024-06-10,9,110,1,3.4,3.4
4135,2024-06-10,9,104,1,4.2,4.2
4136,2024-06-10,9,102,2,4.0,8.0
4137,2024-06-10,10,108,1,4.5,4.5
4138,2024-06-10,10,103,1,3.9,3.9
4139,2024-06-10,10,102,1,4.0,4.0
4140,2024-06-10,10,103,1,3.9,3.9
4141,2024-06-10,10,103,1,3.9,3.9
4142,2024-06-10,10,101,1,3.8,3.8
4143,2024-06-10,10,106,1,3.2,3.2
4144,2024-06-10,11,108,1,4.5,4.5
4145,2024-06-10,11,107,1,3.5,3.5
4146,2024-06-10,11,103,1,3.9,3.9
4147,2024-06-10,11,107,1,3.5,3.5
4148,2024-06-10,11,107,2,3.5,7.0
4149,2024-06-10,11,110,1,3.4,3.4
4150,2024-06-10,11,102,2,4.0,8.0
4151,2024-06-10,11,107,1,3.5,3.5
4152,2024-06-10,11,103,2,3.9,7.8
4153,2024-06-10,11,109,1,2.2,2.2
4154,2024-06-10,12,102,1,4.0,4.0
4155,2024-06-10,12,105,1,4.1,4.1
4156,2024-06-10,12,108,1,4.5,4.5
4157,2024-06-10,12,108,1,4.5,4.5
4158,2024-06-10,12,105,1,4.1,4.1
4159,2024-06-10,12,103,3,3.9,11.7
4160,2024-06-10,12,106,3,3.2,9.6
4161,2024-06-10,12,103,1,3.9,3.9
4162,2024-06-10,12,110,2,3.4,6.8
4163,2024-06-10,12,106,1,3.2,3.2
4164,2024-06-11,1,108,2,4.5,9.0
4165,2024-06-11,1,102,2,4.0,8.0
4166,2024-06-11,1,107,1,3.5,3.5
4167,2024-06-11,1,103,1,3.9,3.9
4168,2024-06-11,1,107,1,3.5,3.5
4169,2024-06-11,1,109,1,2.2,2.2
4170,2024-06-11,1,107,1,3.5,3.5
4171,2024-06-11,1,107,3,3.5,10.5
4172,2024-06-11,1,102,2,4.0,8.0
4173,2024-06-11,1,103,3,3.9,11.7
4174,2024-06-11,2,106,1,3.2,3.2
4175,2024-06-11,2,108,1,4.5,4.5
4176,2024-06-11,2,107,2,3.5,7.0
4177,2024-06-11,2,102,2,4.0,8.0
4178,2024-06-11,2,103,1,3.9,3.9
4179,2024-06-11,2,106,1,3.2,3.2
4180,2024-06-11,2,103,1,3.9,3.9
4181,2024-06-11,2,105,1,4.1,4.1
4182,2024-06-11,2,106,1,3.2,3.2
4183,2024-06-11,3,105,2,4.1,8.2
4184,2024-06-11,3,106,1,3.2,3.2
4185,2024-06-11,3,103,1,3.9,3.9
4186,2024-06-11,3,105,2,4.1,8.2
4187,2024-06-11,3,105,1,4.1,4.1
4188,2024-06-11,3,101,1,3.8,3.8
4189,2024-06-11,3,108,1,4.5,4.5
4190,2024-06-11,3,103,1,3.9,3.9
4191,2024-06-11,3,104,2,4.2,8.4
4192,2024-06-11,3,103,2,3.9,7.8
4193,2024-06-11,4,106,1,3.2,3.2
4194,2024-06-11,4,101,1,3.8,3.8
4195,2024-06-11,4,102,1,4.0,4.0
4196,2024-06-11,4,103,3,3.9,11.7
4197,2024-06-11,4,101,1,3.8,3.8
4198,2024-06-11,4,106,1,3.2,3.2
4199,2024-06-11,4,101,2,3.8,7.6
4200,2024-06-11,4,105,1,4.1,4.1
4201,2024-06-11,4,108,1,4.5,4.5
4202,2024-06-11,5,108,1,4.5,4.5
4203,2024-06-11,5,107,1,3.5,3.5
4204,2024-06-11,5,107,2,3.5,7.0
4205,2024-06-11,5,102,1,4.0,4.0
4206,2024-06-11,5,109,1,2.2,2.2
4207,2024-06-11,5,104,1,4.2,4.2
4208,2024-06-11,5,108,1,4.5,4.5
4209,2024-06-11,5,104,1,4.2,4.2
4210,2024-06-11,6,104,2,4.2,8.4
4211,2024-06-11,6,108,1,4.5,4.5
4212,2024-06-11,6,108,2,4.5,9.0
4213,2024-06-11,6,102,1,4.0,4.0
4214,2024-06-11,6,103,1,3.9,3.9
4215,2024-06-11,6,106,3,3.2,9.6
4216,2024-06-11,6,103,1,3.9,3.9
4217,2024-06-11,6,107,1,3.5,3.5
4218,2024-06-11,6,106,1,3.2,3.2
4219,2024-06-11,6,103,1,3.9,3.9
4220,2024-06-11,7,109,1,2.2,2.2
4221,2024-06-11,7,104,3,4.2,12.6
4222,2024-06-11,7,102,1,4.0,4.0
4223,2024-06-11,7,107,1,3.5,3.5
4224,2024-06-11,7,108,2,4.5,9.0
4225,2024-06-11,7,103,3,3.9,11.7
4226,2024-06-11,7,106,3,3.2,9.6
4227,2024-06-11,7,102,1,4.0,4.0
4228,2024-06-11,7,106,1,3.2,3.2
4229,2024-06-11,8,108,1,4.5,4.5
4230,2024-06-11,8,109,2,2.2,4.4
4231,2024-06-11,8,102,1,4.0,4.0
4232,2024-06-11,8,101,2,3.8,7.6
4233,2024-06-11,8,108,1,4.5,4.5
4234,2024-06-11,8,105,1,4.1,4.1
4235,2024-06-11,8,101,1,3.8,3.8
4236,2024-06-11,8,102,2,4.0,8.0
4237,2024-06-11,8,104,1,4.2,4.2
4238,2024-06-11,8,102,3,4.0,12.0
4239,2024-06-11,9,101,1,3.8,3.8
4240,2024-06-11,9,103,1,3.9,3.9
4241,2024-06-11,9,108,1,4.5,4.5
4242,2024-06-11,9,103,1,3.9,3.9
4243,2024-06-11,9,102,1,4.0,4.0
4244,2024-06-11,9,110,2,3.4,6.8
4245,2024-06-11,9,109,1,2.2,2.2
4246,2024-06-11,10,101,3,3.8,11.4
4247,2024-06-11,10,103,2,3.9,7.8
4248,2024-06-11,10,108,1,4.5,4.5
4249,2024-06-11,10,104,1,4.2,4.2
4250,2024-06-11,10,107,1,3.5,3.5
4251,2024-06-11,10,103,2,3.9,7.8
4252,2024-06-11,10,106,2,3.2,6.4
4253,2024-06-11,10,102,1,4.0,4.0
4254,2024-06-11,10,108,1,4.5,4.5
4255,2024-06-11,10,110,1,3.4,3.4
4256,2024-06-11,11,110,2,3.4,6.8
4257,2024-06-11,11,110,2,3.4,6.8
4258,2024-06-11,11,109,1,2.2,2.2
4259,2024-06-11,11,104,3,4.2,12.6
4260,2024-06-11,11,105,1,4.1,4.1
4261,2024-06-11,11,102,2,4.0,8.0
4262,2024-06-11,11,109,2,2.2,4.4
4263,2024-06-11,11,103,1,3.9,3.9
4264,2024-06-11,12,108,1,4.5,4.5
4265,2024-06-11,12,102,2,4.0,8.0
4266,2024-06-11,12,103,1,3.9,3.9
4267,2024-06-11,12,104,1,4.2,4.2
4268,2024-06-11,12,105,1,4.1,4.1
4269,2024-06-11,12,107,1,3.5,3.5
4270,2024-06-11,12,107,2,3.5,7.0
4271,2024-06-11,12,108,2,4.5,9.0
4272,2024-06-11,12,101,1,3.8,3.8
4273,2024-06-11,12,108,1,4.5,4.5
4274,2024-06-12,1,108,1,4.5,4.5
4275,2024-06-12,1,110,1,3.4,3.4
4276,2024-06-12,1,109,2,2.2,4.4
4277,2024-06-12,1,107,1,3.5,3.5
4278,2024-06-12,1,104,1,4.2,4.2
4279,2024-06-12,1,106,2,3.2,6.4
4280,2024-06-12,1,101,2,3.8,7.6
4281,2024-06-12,1,106,1,3.2,3.2
4282,2024-06-12,1,104,1,4.2,4.2
4283,2024-06-12,2,103,1,3.9,3.9
4284,2024-06-12,2,101,1,3.8,3.8
4285,2024-06-12,2,110,3,3.4,10.2
4286,2024-06-12,2,109,1,2.2,2.2
4287,2024-06-12,2,106,1,3.2,3.2
4288,2024-06-12,2,108,1,4.5,4.5
4289,2024-06-12,2,107,1,3.5,3.5
4290,2024-06-12,2,108,1,4.5,4.5
4291,2024-06-12,2,110,1,3.4,3.4
4292,2024-06-12,2,102,1,4.0,4.0
4293,2024-06-12,3,107,1,3.5,3.5
4294,2024-06-12,3,103,1,3.9,3.9
4295,2024-06-12,3,107,1,3.5,3.5
4296,2024-06-12,3,106,1,3.2,3.2
4297,2024-06-12,3,102,1,4.0,4.0
4298,2024-06-12,3,104,2,4.2,8.4
4299,2024-06-12,3,103,1,3.9,3.9
4300,2024-06-12,3,107,1,3.5,3.5
4301,2024-06-12,4,107,1,3.5,3.5
4302,2024-06-12,4,101,3,3.8,11.4
4303,2024-06-12,4,107,1,3.5,3.5
4304,2024-06-12,4,104,1,4.2,4.2
4305,2024-06-12,4,101,1,3.8,3.8
4306,2024-06-12,4,104,2,4.2,8.4
4307,2024-06-12,4,106,1,3.2,3.2
4308,2024-06-12,4,104,1,4.2,4.2
4309,2024-06-12,4,108,2,4.5,9.0
4310,2024-06-12,5,108,1,4.5,4.5
4311,2024-06-12,5,106,1,3.2,3.2
4312,2024-06-12,5,109,1,2.2,2.2
4313,2024-06-12,5,103,1,3.9,3.9
4314,2024-06-12,5,105,1,4.1,4.1
4315,2024-06-12,5,103,1,3.9,3.9
4316,2024-06-12,5,107,1,3.5,3.5
4317,2024-06-12,5,104,1,4.2,4.2
4318,2024-06-12,6,106,1,3.2,3.2
4319,2024-06-12,6,101,1,3.8,3.8
4320,2024-06-12,6,104,1,4.2,4.2
4321,2024-06-12,6,102,1,4.0,4.0
4322,2024-06-12,6,101,1,3.8,3.8
4323,2024-06-12,6,101,1,3.8,3.8
4324,2024-06-12,6,108,1,4.5,4.5
4325,2024-06-12,6,103,1,3.9,3.9
4326,2024-06-12,6,104,1,4.2,4.2
4327,2024-06-12,7,110,1,3.4,3.4
4328,2024-06-12,7,107,2,3.5,7.0
4329,2024-06-12,7,102,1,4.0,4.0
4330,2024-06-12,7,103,1,3.9,3.9
4331,2024-06-12,7,109,1,2.2,2.2
4332,2024-06-12,7,106,1,3.2,3.2
4333,2024-06-12,7,106,3,3.2,9.6
4334,2024-06-12,7,105,2,4.1,8.2
4335,2024-06-12,7,104,1,4.2,4.2
4336,2024-06-12,7,101,1,3.8,3.8
4337,2024-06-12,8,109,2,2.2,4.4
4338,2024-06-12,8,105,1,4.1,4.1
4339,2024-06-12,8,105,1,4.1,4.1
4340,2024-06-12,8,105,1,4.1,4.1
4341,2024-06-12,8,106,1,3.2,3.2
4342,2024-06-12,8,101,1,3.8,3.8
4343,2024-06-12,8,108,1,4.5,4.5
4344,2024-06-12,8,107,1,3.5,3.5
4345,2024-06-12,9,105,1,4.1,4.1
4346,2024-06-12,9,101,1,3.8,3.8
4347,2024-06-12,9,105,1,4.1,4.1
4348,2024-06-12,9,103,2,3.9,7.8
4349,2024-06-12,9,108,1,4.5,4.5
4350,2024-06-12,9,109,1,2.2,2.2
4351,2024-06-12,9,104,1,4.2,4.2
4352,2024-06-12,9,108,2,4.5,9.0
4353,2024-06-12,9,108,2,4.5,9.0
4354,2024-06-12,9,102,1,4.0,4.0
4355,2024-06-12,10,106,2,3.2,6.4
4356,2024-06-12,10,104,1,4.2,4.2
4357,2024-06-12,10,106,1,3.2,3.2
4358,2024-06-12,10,109,1,2.2,2.2
4359,2024-06-12,10,102,1,4.0,4.0
4360,2024-06-12,10,101,1,3.8,3.8
4361,2024-06-12,10,103,2,3.9,7.8
4362,2024-06-12,10,107,1,3.5,3.5
4363,2024-06-12,11,101,2,3.8,7.6
4364,2024-06-12,11,101,1,3.8,3.8
4365,2024-06-12,11,103,1,3.9,3.9
4366,2024-06-12,11,108,1,4.5,4.5
4367,2024-06-12,11,109,3,2.2,6.6
4368,2024-06-12,11,106,2,3.2,6.4
4369,2024-06-12,11,101,1,3.8,3.8
4370,2024-06-12,11,105,1,4.1,4.1
4371,2024-06-12,12,107,2,3.5,7.0
4372,2024-06-12,12,106,1,3.2,3.2
4373,2024-06-12,12,102,2,4.0,8.0
4374,2024-06-12,12,107,3,3.5,10.5
4375,2024-06-12,12,106,1,3.2,3.2
4376,2024-06-12,12,108,1,4.5,4.5
4377,2024-06-12,12,103,1,3.9,3.9
4378,2024-06-13,1,101,1,3.8,3.8
4379,2024-06-13,1,110,1,3.4,3.4
4380,2024-06-13,1,107,3,3.5,10.5
4381,2024-06-13,1,105,1,4.1,4.1
4382,2024-06-13,1,103,2,3.9,7.8
4383,2024-06-13,1,102,2,4.0,8.0
4384,2024-06-13,1,101,1,3.8,3.8
4385,2024-06-13,1,102,1,4.0,4.0
4386,2024-06-13,1,103,1,3.9,3.9
4387,2024-06-13,2,101,1,3.8,3.8
4388,2024-06-13,2,109,1,2.2,2.2
4389,2024-06-13,2,102,1,4.0,4.0
4390,2024-06-13,2,105,1,4.1,4.1
4391,2024-06-13,2,108,1,4.5,4.5
4392,2024-06-13,2,105,1,4.1,4.1
4393,2024-06-13,2,102,1,4.0,4.0
4394,2024-06-13,3,105,1,4.1,4.1
4395,2024-06-13,3,104,2,4.2,8.4
4396,2024-06-13,3,109,1,2.2,2.2
4397,2024-06-13,3,101,1,3.8,3.8
4398,2024-06-13,3,101,1,3.8,3.8
4399,2024-06-13,3,106,2,3.2,6.4
4400,2024-06-13,3,101,1,3.8,3.8
4401,2024-06-13,3,103,1,3.9,3.9
4402,2024-06-13,4,107,2,3.5,7.0
4403,2024-06-13,4,101,1,3.8,3.8
4404,2024-06-13,4,103,2,3.9,7.8
4405,2024-06-13,4,103,3,3.9,11.7
4406,2024-06-13,4,103,1,3.9,3.9
4407,2024-06-13,4,101,1,3.8,3.8
4408,2024-06-13,4,106,1,3.2,3.2
4409,2024-06-13,4,102,1,4.0,4.0
4410,2024-06-13,4,102,1,4.0,4.0
4411,2024-06-13,4,106,1,3.2,3.2
4412,2024-06-13,5,101,1,3.8,3.8
4413,2024-06-13,5,108,3,4.5,13.5
4414,2024-06-13,5,108,2,4.5,9.0
4415,2024-06-13,5,102,2,4.0,8.0
4416,2024-06-13,5,102,1,4.0,4.0
4417,2024-06-13,5,108,1,4.5,4.5
4418,2024-06-13,5,106,1,3.2,3.2
4419,2024-06-13,6,108,1,4.5,4.5
4420,2024-06-13,6,108,1,4.5,4.5
4421,2024-06-13,6,106,1,3.2,3.2
4422,2024-06-13,6,104,1,4.2,4.2
4423,2024-06-13,6,106,1,3.2,3.2
4424,2024-06-13,6,107,1,3.5,3.5
4425,2024-06-13,6,106,1,3.2,3.2
4426,2024-06-13,6,107,1,3.5,3.5
4427,2024-06-13,6,106,1,3.2,3.2
4428,2024-06-13,7,105,1,4.1,4.1
4429,2024-06-13,7,102,1,4.0,4.0
4430,2024-06-13,7,109,1,2.2,2.2
4431,2024-06-13,7,103,1,3.9,3.9
4432,2024-06-13,7,105,1,4.1,4.1
4433,2024-06-13,7,107,1,3.5,3.5
4434,2024-06-13,7,107,1,3.5,3.5
4435,2024-06-13,7,107,1,3.5,3.5
4436,2024-06-13,7,101,2,3.8,7.6
4437,2024-06-13,8,109,1,2.2,2.2
4438,2024-06-13,8,103,2,3.9,7.8
4439,2024-06-13,8,101,1,3.8,3.8
4440,2024-06-13,8,102,1,4.0,4.0
4441,2024-06-13,8,101,1,3.8,3.8
4442,2024-06-13,8,103,1,3.9,3.9
4443,2024-06-13,8,103,1,3.9,3.9
4444,2024-06-13,8,104,1,4.2,4.2
4445,2024-06-13,8,107,3,3.5,10.5
4446,2024-06-13,8,102,1,4.0,4.0
4447,2024-06-13,9,103,2,3.9,7.8
4448,2024-06-13,9,107,1,3.5,3.5
4449,2024-06-13,9,109,1,2.2,2.2
4450,2024-06-13,9,103,1,3.9,3.9
4451,2024-06-13,9,101,1,3.8,3.8
4452,2024-06-13,9,102,2,4.0,8.0
4453,2024-06-13,9,107,1,3.5,3.5
4454,2024-06-13,9,104,1,4.2,4.2
4455,2024-06-13,9,104,2,4.2,8.4
4456,2024-06-13,10,110,1,3.4,3.4
4457,2024-06-13,10,110,2,3.4,6.8
4458,2024-06-13,10,108,2,4.5,9.0
4459,2024-06-13,10,106,3,3.2,9.6
4460,2024-06-13,10,108,3,4.5,13.5
4461,2024-06-13,10,103,1,3.9,3.9
4462,2024-06-13,10,106,1,3.2,3.2
4463,2024-06-13,10,104,1,4.2,4.2
4464,2024-06-13,11,104,1,4.2,4.2
4465,2024-06-13,11,102,1,4.0,4.0
4466,2024-06-13,11,110,1,3.4,3.4
4467,2024-06-13,11,104,2,4.2,8.4
4468,2024-06-13,11,101,1,3.8,3.8
4469,2024-06-13,11,107,1,3.5,3.5
4470,2024-06-13,11,107,1,3.5,3.5
4471,2024-06-13,12,107,3,3.5,10.5
4472,2024-06-13,12,105,1,4.1,4.1
4473,2024-06-13,12,104,3,4.2,12.6
4474,2024-06-13,12,106,1,3.2,3.2
4475,2024-06-13,12,101,1,3.8,3.8
4476,2024-06-13,12,104,2,4.2,8.4
4477,2024-06-13,12,104,1,4.2,4.2
4478,2024-06-13,12,102,1,4.0,4.0
4479,2024-06-13,12,107,1,3.5,3.5
4480,2024-06-13,12,104,1,4.2,4.2
4481,2024-06-14,1,108,1,4.5,4.5
4482,2024-06-14,1,102,1,4.0,4.0
4483,2024-06-14,1,103,1,3.9,3.9
4484,2024-06-14,1,101,1,3.8,3.8
4485,2024-06-14,1,101,2,3.8,7.6
4486,2024-06-14,1,107,1,3.5,3.5
4487,2024-06-14,1,107,1,3.5,3.5
4488,2024-06-14,1,108,1,4.5,4.5
4489,2024-06-14,1,103,2,3.9,7.8
4490,2024-06-14,1,102,1,4.0,4.0
4491,2024-06-14,2,106,1,3.2,3.2
4492,2024-06-14,2,107,1,3.5,3.5
4493,2024-06-14,2,101,1,3.8,3.8
4494,2024-06-14,2,103,1,3.9,3.9
4495,2024-06-14,2,107,1,3.5,3.5
4496,2024-06-14,2,104,1,4.2,4.2
4497,2024-06-14,2,105,1,4.1,4.1
4498,2024-06-14,3,108,2,4.5,9.0
4499,2024-06-14,3,107,1,3.5,3.5
4500,2024-06-14,3,107,1,3.5,3.5
4501,2024-06-14,3,103,1,3.9,3.9
4502,2024-06-14,3,103,1,3.9,3.9
4503,2024-06-14,3,101,2,3.8,7.6
4504,2024-06-14,3,109,1,2.2,2.2
4505,2024-06-14,3,103,1,3.9,3.9
4506,2024-06-14,3,102,1,4.0,4.0
4507,2024-06-14,3,108,1,4.5,4.5
4508,2024-06-14,4,103,1,3.9,3.9
4509,2024-06-14,4,102,1,4.0,4.0
4510,2024-06-14,4,108,2,4.5,9.0
4511,2024-06-14,4,104,1,4.2,4.2
4512,2024-06-14,4,101,2,3.8,7.6
4513,2024-06-14,4,107,1,3.5,3.5
4514,2024-06-14,4,105,1,4.1,4.1
4515,2024-06-14,5,107,1,3.5,3.5
4516,2024-06-14,5,102,1,4.0,4.0
4517,2024-06-14,5,107,1,3.5,3.5
4518,2024-06-14,5,108,1,4.5,4.5
4519,2024-06-14,5,106,1,3.2,3.2
4520,2024-06-14,5,101,1,3.8,3.8
4521,2024-06-14,5,106,2,3.2,6.4
4522,2024-06-14,5,107,2,3.5,7.0
4523,2024-06-14,6,107,1,3.5,3.5
4524,2024-06-14,6,103,1,3.9,3.9
4525,2024-06-14,6,107,1,3.5,3.5
4526,2024-06-14,6,101,1,3.8,3.8
4527,2024-06-14,6,102,1,4.0,4.0
4528,2024-06-14,6,110,1,3.4,3.4
4529,2024-06-14,6,105,1,4.1,4.1
4530,2024-06-14,6,102,1,4.0,4.0
4531,2024-06-14,7,108,2,4.5,9.0
4532,2024-06-14,7,103,1,3.9,3.9
4533,2024-06-14,7,101,1,3.8,3.8
4534,2024-06-14,7,107,2,3.5,7.0
4535,2024-06-14,7,102,1,4.0,4.0
4536,2024-06-14,7,109,1,2.2,2.2
4537,2024-06-14,7,101,3,3.8,11.4
4538,2024-06-14,7,107,1,3.5,3.5
4539,2024-06-14,7,104,1,4.2,4.2
4540,2024-06-14,8,107,1,3.5,3.5
4541,2024-06-14,8,104,1,4.2,4.2
4542,2024-06-14,8,108,2,4.5,9.0
4543,2024-06-14,8,107,1,3.5,3.5
4544,2024-06-14,8,103,1,3.9,3.9
4545,2024-06-14,8,108,1,4.5,4.5
4546,2024-06-14,8,101,1,3.8,3.8
4547,2024-06-14,9,103,1,3.9,3.9
4548,2024-06-14,9,103,1,3.9,3.9
4549,2024-06-14,9,102,2,4.0,8.0
4550,2024-06-14,9,104,1,4.2,4.2
4551,2024-06-14,9,101,3,3.8,11.4
4552,2024-06-14,9,108,1,4.5,4.5
4553,2024-06-14,9,105,1,4.1,4.1
4554,2024-06-14,9,101,1,3.8,3.8
4555,2024-06-14,9,104,3,4.2,12.6
4556,2024-06-14,9,103,2,3.9,7.8
4557,2024-06-14,10,108,1,4.5,4.5
4558,2024-06-14,10,103,1,3.9,3.9
4559,2024-06-14,10,105,1,4.1,4.1
4560,2024-06-14,10,104,1,4.2,4.2
4561,2024-06-14,10,109,1,2.2,2.2
4562,2024-06-14,10,107,1,3.5,3.5
4563,2024-06-14,10,105,3,4.1,12.3
4564,2024-06-14,10,106,2,3.2,6.4
4565,2024-06-14,10,107,1,3.5,3.5
4566,2024-06-14,10,105,1,4.1,4.1
4567,2024-06-14,11,107,2,3.5,7.0
4568,2024-06-14,11,107,2,3.5,7.0
4569,2024-06-14,11,106,2,3.2,6.4
4570,2024-06-14,11,103,1,3.9,3.9
4571,2024-06-14,11,103,2,3.9,7.8
4572,2024-06-14,11,103,1,3.9,3.9
4573,2024-06-14,11,106,2,3.2,6.4
4574,2024-06-14,11,105,2,4.1,8.2
4575,2024-06-14,11,109,1,2.2,2.2
4576,2024-06-14,12,103,1,3.9,3.9
4577,2024-06-14,12,101,1,3.8,3.8
4578,2024-06-14,12,107,1,3.5,3.5
4579,2024-06-14,12,107,1,3.5,3.5
4580,2024-06-14,12,105,1,4.1,4.1
4581,2024-06-14,12,105,1,4.1,4.1
4582,2024-06-14,12,109,1,2.2,2.2
4583,2024-06-15,1,103,2,3.9,7.8
4584,2024-06-15,1,101,2,3.8,7.6
4585,2024-06-15,1,109,1,2.2,2.2
4586,2024-06-15,1,110,1,3.4,3.4
4587,2024-06-15,1,104,1,4.2,4.2
4588,2024-06-15,1,101,1,3.8,3.8
4589,2024-06-15,1,101,1,3.8,3.8
4590,2024-06-15,1,108,1,4.5,4.5
4591,2024-06-15,1,101,1,3.8,3.8
4592,2024-06-15,1,105,1,4.1,4.1
4593,2024-06-15,2,102,1,4.0,4.0
4594,2024-06-15,2,105,1,4.1,4.1
4595,2024-06-15,2,108,1,4.5,4.5
4596,2024-06-15,2,102,1,4.0,4.0
4597,2024-06-15,2,102,2,4.0,8.0
4598,2024-06-15,2,104,1,4.2,4.2
4599,2024-06-15,2,107,2,3.5,7.0
4600,2024-06-15,2,106,1,3.2,3.2
4601,2024-06-15,2,109,1,2.2,2.2
4602,2024-06-15,3,103,2,3.9,7.8
4603,2024-06-15,3,106,1,3.2,3.2
4604,2024-06-15,3,106,1,3.2,3.2
4605,2024-06-15,3,105,1,4.1,4.1
4606,2024-06-15,3,107,1,3.5,3.5
4607,2024-06-15,3,104,1,4.2,4.2
4608,2024-06-15,3,108,2,4.5,9.0
4609,2024-06-15,4,101,1,3.8,3.8
4610,2024-06-15,4,107,2,3.5,7.0
4611,2024-06-15,4,104,1,4.2,4.2
4612,2024-06-15,4,103,1,3.9,3.9
4613,2024-06-15,4,110,2,3.4,6.8
4614,2024-06-15,4,103,1,3.9,3.9
4615,2024-06-15,4,101,3,3.8,11.4
4616,2024-06-15,4,102,1,4.0,4.0
4617,2024-06-15,4,103,2,3.9,7.8
4618,2024-06-15,4,110,1,3.4,3.4
4619,2024-06-15,5,103,1,3.9,3.9
4620,2024-06-15,5,105,2,4.1,8.2
4621,2024-06-15,5,109,1,2.2,2.2
4622,2024-06-15,5,103,3,3.9,11.7
4623,2024-06-15,5,106,1,3.2,3.2
4624,2024-06-15,5,105,1,4.1,4.1
4625,2024-06-15,5,105,1,4.1,4.1
4626,2024-06-15,5,102,1,4.0,4.0
4627,2024-06-15,6,107,1,3.5,3.5
4628,2024-06-15,6,103,1,3.9,3.9
4629,2024-06-15,6,104,2,4.2,8.4
4630,2024-06-15,6,106,1,3.2,3.2
4631,2024-06-15,6,101,1,3.8,3.8
4632,2024-06-15,6,105,1,4.1,4.1
4633,2024-06-15,6,104,1,4.2,4.2
4634,2024-06-15,6,101,1,3.8,3.8
4635,2024-06-15,6,101,1,3.8,3.8
4636,2024-06-15,6,105,1,4.1,4.1
4637,2024-06-15,7,103,1,3.9,3.9
4638,2024-06-15,7,105,2,4.1,8.2
4639,2024-06-15,7,101,2,3.8,7.6
4640,2024-06-15,7,106,1,3.2,3.2
4641,2024-06-15,7,104,1,4.2,4.2
4642,2024-06-15,7,104,1,4.2,4.2
4643,2024-06-15,7,103,1,3.9,3.9
4644,2024-06-15,8,104,1,4.2,4.2
4645,2024-06-15,8,102,2,4.0,8.0
4646,2024-06-15,8,104,2,4.2,8.4
4647,2024-06-15,8,105,1,4.1,4.1
4648,2024-06-15,8,102,1,4.0,4.0
4649,2024-06-15,8,107,1,3.5,3.5
4650,2024-06-15,8,106,1,3.2,3.2
4651,2024-06-15,9,105,1,4.1,4.1
4652,2024-06-15,9,106,1,3.2,3.2
4653,2024-06-15,9,105,2,4.1,8.2
4654,2024-06-15,9,104,1,4.2,4.2
4655,2024-06-15,9,108,2,4.5,9.0
4656,2024-06-15,9,103,1,3.9,3.9
4657,2024-06-15,9,102,1,4.0,4.0
4658,2024-06-15,9,107,1,3.5,3.5
4659,2024-06-15,10,110,1,3.4,3.4
4660,2024-06-15,10,104,1,4.2,4.2
4661,2024-06-15,10,102,3,4.0,12.0
4662,2024-06-15,10,104,1,4.2,4.2
4663,2024-06-15,10,102,2,4.0,8.0
4664,2024-06-15,10,106,1,3.2,3.2
4665,2024-06-15,10,109,1,2.2,2.2
4666,2024-06-15,10,102,1,4.0,4.0
4667,2024-06-15,10,103,1,3.9,3.9
4668,2024-06-15,11,108,1,4.5,4.5
4669,2024-06-15,11,106,2,3.2,6.4
4670,2024-06-15,11,106,1,3.2,3.2
4671,2024-06-15,11,105,1,4.1,4.1
4672,2024-06-15,11,104,1,4.2,4.2
4673,2024-06-15,11,107,1,3.5,3.5
4674,2024-06-15,11,103,2,3.9,7.8
4675,2024-06-15,11,103,2,3.9,7.8
4676,2024-06-15,11,105,1,4.1,4.1
4677,2024-06-15,12,110,1,3.4,3.4
4678,2024-06-15,12,103,1,3.9,3.9
4679,2024-06-15,12,102,2,4.0,8.0
4680,2024-06-15,12,109,1,2.2,2.2
4681,2024-06-15,12,107,2,3.5,7.0
4682,2024-06-15,12,105,1,4.1,4.1
4683,2024-06-15,12,105,1,4.1,4.1
4684,2024-06-15,12,105,1,4.1,4.1
4685,2024-06-15,12,105,1,4.1,4.1
4686,2024-06-16,1,102,2,4.0,8.0
4687,2024-06-16,1,109,2,2.2,4.4
4688,2024-06-16,1,103,1,3.9,3.9
4689,2024-06-16,1,101,2,3.8,7.6
4690,2024-06-16,1,106,1,3.2,3.2
4691,2024-06-16,1,106,1,3.2,3.2
4692,2024-06-16,1,103,1,3.9,3.9
4693,2024-06-16,1,101,1,3.8,3.8
4694,2024-06-16,2,110,2,3.4,6.8
4695,2024-06-16,2,103,1,3.9,3.9
4696,2024-06-16,2,106,2,3.2,6.4
4697,2024-06-16,2,106,1,3.2,3.2
4698,2024-06-16,2,101,1,3.8,3.8
4699,2024-06-16,2,107,2,3.5,7.0
4700,2024-06-16,2,101,2,3.8,7.6
4701,2024-06-16,2,102,1,4.0,4.0
4702,2024-06-16,2,106,1,3.2,3.2
4703,2024-06-16,3,102,1,4.0,4.0
4704,2024-06-16,3,107,1,3.5,3.5
4705,2024-06-16,3,101,1,3.8,3.8
4706,2024-06-16,3,104,1,4.2,4.2
4707,2024-06-16,3,105,1,4.1,4.1
4708,2024-06-16,3,106,2,3.2,6.4
4709,2024-06-16,3,105,1,4.1,4.1
4710,2024-06-16,4,105,2,4.1,8.2
4711,2024-06-16,4,107,1,3.5,3.5
4712,2024-06-16,4,103,1,3.9,3.9
4713,2024-06-16,4,102,1,4.0,4.0
4714,2024-06-16,4,102,1,4.0,4.0
4715,2024-06-16,4,106,1,3.2,3.2
4716,2024-06-16,4,106,1,3.2,3.2
4717,2024-06-16,4,108,1,4.5,4.5
4718,2024-06-16,4,104,1,4.2,4.2
4719,2024-06-16,4,102,1,4.0,4.0
4720,2024-06-16,5,107,1,3.5,3.5
4721,2024-06-16,5,101,1,3.8,3.8
4722,2024-06-16,5,110,1,3.4,3.4
4723,2024-06-16,5,103,1,3.9,3.9
4724,2024-06-16,5,106,2,3.2,6.4
4725,2024-06-16,5,110,1,3.4,3.4
4726,2024-06-16,5,103,2,3.9,7.8
4727,2024-06-16,5,103,1,3.9,3.9
4728,2024-06-16,5,103,2,3.9,7.8
4729,2024-06-16,5,105,1,4.1,4.1
4730,2024-06-16,6,101,1,3.8,3.8
4731,2024-06-16,6,103,1,3.9,3.9
4732,2024-06-16,6,108,1,4.5,4.5
4733,2024-06-16,6,108,1,4.5,4.5
4734,2024-06-16,6,105,2,4.1,8.2
4735,2024-06-16,6,101,1,3.8,3.8
4736,2024-06-16,6,101,1,3.8,3.8
4737,2024-06-16,6,108,1,4.5,4.5
4738,2024-06-16,6,105,1,4.1,4.1
4739,2024-06-16,6,101,1,3.8,3.8
4740,2024-06-16,7,101,2,3.8,7.6
4741,2024-06-16,7,104,1,4.2,4.2
4742,2024-06-16,7,107,1,3.5,3.5
4743,2024-06-16,7,101,2,3.8,7.6
4744,2024-06-16,7,103,2,3.9,7.8
4745,2024-06-16,7,107,1,3.5,3.5
4746,2024-06-16,7,104,1,4.2,4.2
4747,2024-06-16,8,106,1,3.2,3.2
4748,2024-06-16,8,104,1,4.2,4.2
4749,2024-06-16,8,105,1,4.1,4.1
4750,2024-06-16,8,105,2,4.1,8.2
4751,2024-06-16,8,105,2,4.1,8.2
4752,2024-06-16,8,108,1,4.5,4.5
4753,2024-06-16,8,102,1,4.0,4.0
4754,2024-06-16,8,106,2,3.2,6.4
4755,2024-06-16,9,102,2,4.0,8.0
4756,2024-06-16,9,102,1,4.0,4.0
4757,2024-06-16,9,101,1,3.8,3.8
4758,2024-06-16,9,101,1,3.8,3.8
4759,2024-06-16,9,106,1,3.2,3.2
4760,2024-06-16,9,108,1,4.5,4.5
4761,2024-06-16,9,107,1,3.5,3.5
4762,2024-06-16,9,101,2,3.8,7.6
4763,2024-06-16,10,105,1,4.1,4.1
4764,2024-06-16,10,104,1,4.2,4.2
4765,2024-06-16,10,104,1,4.2,4.2
4766,2024-06-16,10,103,2,3.9,7.8
4767,2024-06-16,10,101,1,3.8,3.8
4768,2024-06-16,10,110,1,3.4,3.4
4769,2024-06-16,10,103,1,3.9,3.9
4770,2024-06-16,10,102,1,4.0,4.0
4771,2024-06-16,10,102,2,4.0,8.0
4772,2024-06-16,11,101,1,3.8,3.8
4773,2024-06-16,11,107,1,3.5,3.5
4774,2024-06-16,11,105,1,4.1,4.1
4775,2024-06-16,11,105,1,4.1,4.1
4776,2024-06-16,11,102,1,4.0,4.0
4777,2024-06-16,11,104,2,4.2,8.4
4778,2024-06-16,11,107,2,3.5,7.0
4779,2024-06-16,11,103,1,3.9,3.9
4780,2024-06-16,12,109,2,2.2,4.4
4781,2024-06-16,12,105,1,4.1,4.1
4782,2024-06-16,12,106,1,3.2,3.2
4783,2024-06-16,12,109,1,2.2,2.2
4784,2024-06-16,12,101,1,3.8,3.8
4785,2024-06-16,12,101,1,3.8,3.8
4786,2024-06-16,12,107,2,3.5,7.0
4787,2024-06-17,1,105,3,4.1,12.3
4788,2024-06-17,1,101,1,3.8,3.8
4789,2024-06-17,1,103,1,3.9,3.9
4790,2024-06-17,1,102,2,4.0,8.0
4791,2024-06-17,1,103,1,3.9,3.9
4792,2024-06-17,1,102,2,4.0,8.0
4793,2024-06-17,1,103,3,3.9,11.7
4794,2024-06-17,1,107,1,3.5,3.5
4795,2024-06-17,2,107,1,3.5,3.5
4796,2024-06-17,2,108,1,4.5,4.5
4797,2024-06-17,2,108,2,4.5,9.0
4798,2024-06-17,2,101,1,3.8,3.8
4799,2024-06-17,2,103,1,3.9,3.9
4800,2024-06-17,2,110,1,3.4,3.4
4801,2024-06-17,2,107,1,3.5,3.5
4802,2024-06-17,2,101,2,3.8,7.6
4803,2024-06-17,2,101,1,3.8,3.8
4804,2024-06-17,3,110,1,3.4,3.4
4805,2024-06-17,3,105,1,4.1,4.1
4806,2024-06-17,3,103,1,3.9,3.9
4807,2024-06-17,3,109,2,2.2,4.4
4808,2024-06-17,3,109,1,2.2,2.2
4809,2024-06-17,3,106,1,3.2,3.2
4810,2024-06-17,3,110,2,3.4,6.8
4811,2024-06-17,3,101,1,3.8,3.8
4812,2024-06-17,4,110,1,3.4,3.4
4813,2024-06-17,4,104,1,4.2,4.2
4814,2024-06-17,4,106,1,3.2,3.2
4815,2024-06-17,4,108,1,4.5,4.5
4816,2024-06-17,4,101,1,3.8,3.8
4817,2024-06-17,4,106,1,3.2,3.2
4818,2024-06-17,4,104,2,4.2,8.4
4819,2024-06-17,4,108,1,4.5,4.5
4820,2024-06-17,4,109,1,2.2,2.2
4821,2024-06-17,4,102,3,4.0,12.0
4822,2024-06-17,5,108,1,4.5,4.5
4823,2024-06-17,5,106,1,3.2,3.2
4824,2024-06-17,5,101,1,3.8,3.8
4825,2024-06-17,5,106,1,3.2,3.2
4826,2024-06-17,5,106,2,3.2,6.4
4827,2024-06-17,5,107,1,3.5,3.5
4828,2024-06-17,5,108,2,4.5,9.0
4829,2024-06-17,5,103,1,3.9,3.9
4830,2024-06-17,5,103,2,3.9,7.8
4831,2024-06-17,6,108,1,4.5,4.5
4832,2024-06-17,6,104,1,4.2,4.2
4833,2024-06-17,6,102,1,4.0,4.0
4834,2024-06-17,6,107,1,3.5,3.5
4835,2024-06-17,6,105,1,4.1,4.1
4836,2024-06-17,6,107,2,3.5,7.0
4837,2024-06-17,6,102,1,4.0,4.0
4838,2024-06-17,6,102,1,4.0,4.0
4839,2024-06-17,7,101,1,3.8,3.8
4840,2024-06-17,7,101,3,3.8,11.4
4841,2024-06-17,7,103,1,3.9,3.9
4842,2024-06-17,7,108,1,4.5,4.5
4843,2024-06-17,7,102,1,4.0,4.0
4844,2024-06-17,7,103,1,3.9,3.9
4845,2024-06-17,7,108,1,4.5,4.5
4846,2024-06-17,7,109,2,2.2,4.4
4847,2024-06-17,8,105,1,4.1,4.1
4848,2024-06-17,8,101,2,3.8,7.6
4849,2024-06-17,8,107,1,3.5,3.5
4850,2024-06-17,8,105,2,4.1,8.2
4851,2024-06-17,8,107,1,3.5,3.5
4852,2024-06-17,8,103,1,3.9,3.9
4853,2024-06-17,8,103,2,3.9,7.8
4854,2024-06-17,9,101,3,3.8,11.4
4855,2024-06-17,9,105,2,4.1,8.2
4856,2024-06-17,9,101,2,3.8,7.6
4857,2024-06-17,9,103,1,3.9,3.9
4858,2024-06-17,9,101,1,3.8,3.8
4859,2024-06-17,9,104,1,4.2,4.2
4860,2024-06-17,9,108,1,4.5,4.5
4861,2024-06-17,9,102,2,4.0,8.0
4862,2024-06-17,10,102,1,4.0,4.0
4863,2024-06-17,10,108,1,4.5,4.5
4864,2024-06-17,10,104,1,4.2,4.2
4865,2024-06-17,10,109,1,2.2,2.2
4866,2024-06-17,10,108,1,4.5,4.5
4867,2024-06-17,10,110,1,3.4,3.4
4868,2024-06-17,10,102,1,4.0,4.0
4869,2024-06-17,10,109,1,2.2,2.2
4870,2024-06-17,11,109,2,2.2,4.4
4871,2024-06-17,11,106,1,3.2,3.2
4872,2024-06-17,11,103,2,3.9,7.8
4873,2024-06-17,11,108,2,4.5,9.0
4874,2024-06-17,11,102,1,4.0,4.0
4875,2024-06-17,11,101,3,3.8,11.4
4876,2024-06-17,11,105,1,4.1,4.1
4877,2024-06-17,11,101,2,3.8,7.6
4878,2024-06-17,11,103,2,3.9,7.8
4879,2024-06-17,11,103,2,3.9,7.8
4880,2024-06-17,12,108,1,4.5,4.5
4881,2024-06-17,12,109,1,2.2,2.2
4882,2024-06-17,12,106,2,3.2,6.4
4883,2024-06-17,12,110,1,3.4,3.4
4884,2024-06-17,12,103,1,3.9,3.9
4885,2024-06-17,12,102,1,4.0,4.0
4886,2024-06-17,12,107,1,3.5,3.5
4887,2024-06-17,12,103,1,3.9,3.9
4888,2024-06-17,12,102,1,4.0,4.0
4889,2024-06-18,1,102,1,4.0,4.0
4890,2024-06-18,1,101,2,3.8,7.6
4891,2024-06-18,1,103,1,3.9,3.9
4892,2024-06-18,1,106,3,3.2,9.6
4893,2024-06-18,1,106,3,3.2,9.6
4894,2024-06-18,1,102,3,4.0,12.0
4895,2024-06-18,1,102,1,4.0,4.0
4896,2024-06-18,1,105,1,4.1,4.1
4897,2024-06-18,1,105,2,4.1,8.2
4898,2024-06-18,1,104,1,4.2,4.2
4899,2024-06-18,2,108,2,4.5,9.0
4900,2024-06-18,2,108,2,4.5,9.0
4901,2024-06-18,2,106,3,3.2,9.6
4902,2024-06-18,2,102,1,4.0,4.0
4903,2024-06-18,2,108,1,4.5,4.5
4904,2024-06-18,2,110,1,3.4,3.4
4905,2024-06-18,2,107,1,3.5,3.5
4906,2024-06-18,2,105,1,4.1,4.1
4907,2024-06-18,2,103,1,3.9,3.9
4908,2024-06-18,2,108,1,4.5,4.5
4909,2024-06-18,3,107,1,3.5,3.5
4910,2024-06-18,3,105,1,4.1,4.1
4911,2024-06-18,3,101,1,3.8,3.8
4912,2024-06-18,3,103,1,3.9,3.9
4913,2024-06-18,3,110,1,3.4,3.4
4914,2024-06-18,3,104,3,4.2,12.6
4915,2024-06-18,3,106,1,3.2,3.2
4916,2024-06-18,3,103,1,3.9,3.9
4917,2024-06-18,4,107,1,3.5,3.5
4918,2024-06-18,4,110,1,3.4,3.4
4919,2024-06-18,4,108,1,4.5,4.5
4920,2024-06-18,4,102,1,4.0,4.0
4921,2024-06-18,4,106,2,3.2,6.4
4922,2024-06-18,4,106,1,3.2,3.2
4923,2024-06-18,4,106,1,3.2,3.2
4924,2024-06-18,5,110,1,3.4,3.4
4925,2024-06-18,5,102,1,4.0,4.0
4926,2024-06-18,5,102,1,4.0,4.0
4927,2024-06-18,5,106,2,3.2,6.4
4928,2024-06-18,5,106,1,3.2,3.2
4929,2024-06-18,5,102,2,4.0,8.0
4930,2024-06-18,5,101,1,3.8,3.8
4931,2024-06-18,5,101,1,3.8,3.8
4932,2024-06-18,5,103,2,3.9,7.8
4933,2024-06-18,5,109,2,2.2,4.4
4934,2024-06-18,6,110,1,3.4,3.4
4935,2024-06-18,6,104,1,4.2,4.2
4936,2024-06-18,6,106,1,3.2,3.2
4937,2024-06-18,6,101,1,3.8,3.8
4938,2024-06-18,6,103,1,3.9,3.9
4939,2024-06-18,6,106,1,3.2,3.2
4940,2024-06-18,6,104,1,4.2,4.2
4941,2024-06-18,6,108,2,4.5,9.0
4942,2024-06-18,6,102,1,4.0,4.0
4943,2024-06-18,7,106,1,3.2,3.2
4944,2024-06-18,7,106,1,3.2,3.2
4945,2024-06-18,7,109,3,2.2,6.6
4946,2024-06-18,7,103,2,3.9,7.8
4947,2024-06-18,7,108,2,4.5,9.0
4948,2024-06-18,7,103,1,3.9,3.9
4949,2024-06-18,7,105,1,4.1,4.1
4950,2024-06-18,8,102,3,4.0,12.0
4951,2024-06-18,8,105,1,4.1,4.1
4952,2024-06-18,8,106,1,3.2,3.2
4953,2024-06-18,8,103,1,3.9,3.9
4954,2024-06-18,8,110,1,3.4,3.4
4955,2024-06-18,8,108,1,4.5,4.5
4956,2024-06-18,8,103,1,3.9,3.9
4957,2024-06-18,8,109,1,2.2,2.2
4958,2024-06-18,8,101,1,3.8,3.8
4959,2024-06-18,9,106,3,3.2,9.6
4960,2024-06-18,9,101,1,3.8,3.8
4961,2024-06-18,9,108,1,4.5,4.5
4962,2024-06-18,9,107,1,3.5,3.5
4963,2024-06-18,9,101,1,3.8,3.8
4964,2024-06-18,9,106,2,3.2,6.4
4965,2024-06-18,9,102,1,4.0,4.0
4966,2024-06-18,10,104,2,4.2,8.4
4967,2024-06-18,10,102,1,4.0,4.0
4968,2024-06-18,10,108,1,4.5,4.5
4969,2024-06-18,10,105,1,4.1,4.1
4970,2024-06-18,10,102,1,4.0,4.0
4971,2024-06-18,10,101,1,3.8,3.8
4972,2024-06-18,10,104,1,4.2,4.2
4973,2024-06-18,10,106,1,3.2,3.2
4974,2024-06-18,10,101,1,3.8,3.8
4975,2024-06-18,11,107,1,3.5,3.5
4976,2024-06-18,11,101,1,3.8,3.8
4977,2024-06-18,11,102,3,4.0,12.0
4978,2024-06-18,11,102,1,4.0,4.0
4979,2024-06-18,11,109,2,2.2,4.4
4980,2024-06-18,11,107,1,3.5,3.5
4981,2024-06-18,11,109,1,2.2,2.2
4982,2024-06-18,12,104,1,4.2,4.2
4983,2024-06-18,12,107,1,3.5,3.5
4984,2024-06-18,12,103,3,3.9,11.7
4985,2024-06-18,12,102,1,4.0,4.0
4986,2024-06-18,12,103,2,3.9,7.8
4987,2024-06-18,12,108,2,4.5,9.0
4988,2024-06-18,12,104,1,4.2,4.2
4989,2024-06-18,12,109,1,2.2,2.2
4990,2024-06-18,12,103,2,3.9,7.8
4991,2024-06-19,1,106,1,3.2,3.2
4992,2024-06-19,1,103,1,3.9,3.9
4993,2024-06-19,1,107,1,3.5,3.5
4994,2024-06-19,1,101,1,3.8,3.8
4995,2024-06-19,1,108,1,4.5,4.5
4996,2024-06-19,1,105,1,4.1,4.1
4997,2024-06-19,1,101,1,3.8,3.8
4998,2024-06-19,1,107,1,3.5,3.5
4999,2024-06-19,1,102,1,4.0,4.0
5000,2024-06-19,1,104,1,4.2,4.2
5001,2024-06-19,2,106,1,3.2,3.2
5002,2024-06-19,2,106,1,3.2,3.2
5003,2024-06-19,2,104,1,4.2,4.2
5004,2024-06-19,2,110,1,3.4,3.4
5005,2024-06-19,2,101,1,3.8,3.8
5006,2024-06-19,2,102,1,4.0,4.0
5007,2024-06-19,2,106,3,3.2,9.6
5008,2024-06-19,3,106,1,3.2,3.2
5009,2024-06-19,3,101,1,3.8,3.8
5010,2024-06-19,3,103,1,3.9,3.9
5011,2024-06-19,3,106,1,3.2,3.2
5012,2024-06-19,3,108,1,4.5,4.5
5013,2024-06-19,3,108,1,4.5,4.5
5014,2024-06-19,3,106,2,3.2,6.4
5015,2024-06-19,3,106,1,3.2,3.2
5016,2024-06-19,3,108,1,4.5,4.5
5017,2024-06-19,3,105,2,4.1,8.2
5018,2024-06-19,4,106,1,3.2,3.2
5019,2024-06-19,4,103,1,3.9,3.9
5020,2024-06-19,4,106,1,3.2,3.2
5021,2024-06-19,4,103,1,3.9,3.9
5022,2024-06-19,4,101,1,3.8,3.8
5023,2024-06-19,4,101,1,3.8,3.8
5024,2024-06-19,4,101,1,3.8,3.8
5025,2024-06-19,4,108,1,4.5,4.5
5026,2024-06-19,4,107,2,3.5,7.0
5027,2024-06-19,4,104,2,4.2,8.4
5028,2024-06-19,5,104,1,4.2,4.2
5029,2024-06-19,5,101,1,3.8,3.8
5030,2024-06-19,5,106,1,3.2,3.2
5031,2024-06-19,5,101,1,3.8,3.8
5032,2024-06-19,5,101,1,3.8,3.8
5033,2024-06-19,5,103,1,3.9,3.9
5034,2024-06-19,5,108,1,4.5,4.5
5035,2024-06-19,5,110,2,3.4,6.8
5036,2024-06-19,6,108,1,4.5,4.5
5037,2024-06-19,6,107,1,3.5,3.5
5038,2024-06-19,6,107,1,3.5,3.5
5039,2024-06-19,6,101,2,3.8,7.6
5040,2024-06-19,6,106,1,3.2,3.2
5041,2024-06-19,6,103,1,3.9,3.9
5042,2024-06-19,6,103,1,3.9,3.9
5043,2024-06-19,6,106,1,3.2,3.2
5044,2024-06-19,7,107,2,3.5,7.0
5045,2024-06-19,7,108,2,4.5,9.0
5046,2024-06-19,7,101,1,3.8,3.8
5047,2024-06-19,7,101,1,3.8,3.8
5048,2024-06-19,7,103,1,3.9,3.9
5049,2024-06-19,7,103,1,3.9,3.9
5050,2024-06-19,7,103,1,3.9,3.9
5051,2024-06-19,8,101,2,3.8,7.6
5052,2024-06-19,8,102,2,4.0,8.0
5053,2024-06-19,8,101,1,3.8,3.8
5054,2024-06-19,8,101,1,3.8,3.8
5055,2024-06-19,8,103,1,3.9,3.9
5056,2024-06-19,8,102,1,4.0,4.0
5057,2024-06-19,8,107,1,3.5,3.5
5058,2024-06-19,8,106,2,3.2,6.4
5059,2024-06-19,8,108,1,4.5,4.5
5060,2024-06-19,9,103,2,3.9,7.8
5061,2024-06-19,9,106,1,3.2,3.2
5062,2024-06-19,9,104,1,4.2,4.2
5063,2024-06-19,9,108,1,4.5,4.5
5064,2024-06-19,9,108,3,4.5,13.5
5065,2024-06-19,9,101,3,3.8,11.4
5066,2024-06-19,9,103,1,3.9,3.9
5067,2024-06-19,9,110,2,3.4,6.8
5068,2024-06-19,9,101,1,3.8,3.8
5069,2024-06-19,10,108,1,4.5,4.5
5070,2024-06-19,10,103,2,3.9,7.8
5071,2024-06-19,10,101,2,3.8,7.6
5072,2024-06-19,10,103,2,3.9,7.8
5073,2024-06-19,10,102,1,4.0,4.0
5074,2024-06-19,10,104,1,4.2,4.2
5075,2024-06-19,10,103,1,3.9,3.9
5076,2024-06-19,10,102,1,4.0,4.0
5077,2024-06-19,11,105,1,4.1,4.1
5078,2024-06-19,11,104,1,4.2,4.2
5079,2024-06-19,11,102,1,4.0,4.0
5080,2024-06-19,11,110,1,3.4,3.4
5081,2024-06-19,11,104,2,4.2,8.4
5082,2024-06-19,11,104,1,4.2,4.2
5083,2024-06-19,11,102,1,4.0,4.0
5084,2024-06-19,12,103,2,3.9,7.8
5085,2024-06-19,12,108,1,4.5,4.5
5086,2024-06-19,12,109,1,2.2,2.2
5087,2024-06-19,12,101,2,3.8,7.6
5088,2024-06-19,12,107,2,3.5,7.0
5089,2024-06-19,12,103,2,3.9,7.8
5090,2024-06-19,12,107,1,3.5,3.5
5091,2024-06-19,12,103,1,3.9,3.9
5092,2024-06-20,1,104,1,4.2,4.2
5093,2024-06-20,1,104,1,4.2,4.2
5094,2024-06-20,1,102,1,4.0,4.0
5095,2024-06-20,1,106,1,3.2,3.2
5096,2024-06-20,1,107,1,3.5,3.5
5097,2024-06-20,1,105,1,4.1,4.1
5098,2024-06-20,1,101,2,3.8,7.6
5099,2024-06-20,1,106,1,3.2,3.2
5100,2024-06-20,1,108,1,4.5,4.5
5101,2024-06-20,1,102,1,4.0,4.0
5102,2024-06-20,2,107,2,3.5,7.0
5103,2024-06-20,2,106,1,3.2,3.2
5104,2024-06-20,2,107,2,3.5,7.0
5105,2024-06-20,2,102,2,4.0,8.0
5106,2024-06-20,2,107,1,3.5,3.5
5107,2024-06-20,2,107,1,3.5,3.5
5108,2024-06-20,2,108,1,4.5,4.5
5109,2024-06-20,3,105,1,4.1,4.1
5110,2024-06-20,3,102,1,4.0,4.0
5111,2024-06-20,3,109,2,2.2,4.4
5112,2024-06-20,3,107,1,3.5,3.5
5113,2024-06-20,3,108,1,4.5,4.5
5114,2024-06-20,3,110,1,3.4,3.4
5115,2024-06-20,3,103,2,3.9,7.8
5116,2024-06-20,4,107,1,3.5,3.5
5117,2024-06-20,4,106,3,3.2,9.6
5118,2024-06-20,4,101,2,3.8,7.6
5119,2024-06-20,4,102,1,4.0,4.0
5120,2024-06-20,4,105,2,4.1,8.2
5121,2024-06-20,4,103,1,3.9,3.9
5122,2024-06-20,4,101,1,3.8,3.8
5123,2024-06-20,5,104,1,4.2,4.2
5124,2024-06-20,5,106,1,3.2,3.2
5125,2024-06-20,5,103,1,3.9,3.9
5126,2024-06-20,5,102,1,4.0,4.0
5127,2024-06-20,5,109,2,2.2,4.4
5128,2024-06-20,5,108,1,4.5,4.5
5129,2024-06-20,5,103,2,3.9,7.8
5130,2024-06-20,5,105,3,4.1,12.3
5131,2024-06-20,5,103,2,3.9,7.8
5132,2024-06-20,5,108,2,4.5,9.0
5133,2024-06-20,6,101,1,3.8,3.8
5134,2024-06-20,6,101,1,3.8,3.8
5135,2024-06-20,6,102,1,4.0,4.0
5136,2024-06-20,6,103,1,3.9,3.9
5137,2024-06-20,6,103,1,3.9,3.9
5138,2024-06-20,6,105,1,4.1,4.1
5139,2024-06-20,6,103,1,3.9,3.9
5140,2024-06-20,7,109,1,2.2,2.2
5141,2024-06-20,7,107,1,3.5,3.5
5142,2024-06-20,7,102,1,4.0,4.0
5143,2024-06-20,7,108,1,4.5,4.5
5144,2024-06-20,7,106,1,3.2,3.2
5145,2024-06-20,7,102,1,4.0,4.0
5146,2024-06-20,7,101,1,3.8,3.8
5147,2024-06-20,7,107,1,3.5,3.5
5148,2024-06-20,7,106,2,3.2,6.4
5149,2024-06-20,7,108,1,4.5,4.5
5150,2024-06-20,8,105,1,4.1,4.1
5151,2024-06-20,8,102,2,4.0,8.0
5152,2024-06-20,8,108,1,4.5,4.5
5153,2024-06-20,8,105,2,4.1,8.2
5154,2024-06-20,8,102,1,4.0,4.0
5155,2024-06-20,8,107,1,3.5,3.5
5156,2024-06-20,8,110,1,3.4,3.4
5157,2024-06-20,8,106,1,3.2,3.2
5158,2024-06-20,9,101,1,3.8,3.8
5159,2024-06-20,9,106,2,3.2,6.4
5160,2024-06-20,9,106,1,3.2,3.2
5161,2024-06-20,9,102,1,4.0,4.0
5162,2024-06-20,9,106,1,3.2,3.2
5163,2024-06-20,9,106,1,3.2,3.2
5164,2024-06-20,9,106,3,3.2,9.6
5165,2024-06-20,10,102,1,4.0,4.0
5166,2024-06-20,10,108,1,4.5,4.5
5167,2024-06-20,10,104,1,4.2,4.2
5168,2024-06-20,10,107,2,3.5,7.0
5169,2024-06-20,10,106,1,3.2,3.2
5170,2024-06-20,10,110,1,3.4,3.4
5171,2024-06-20,10,109,1,2.2,2.2
5172,2024-06-20,10,106,2,3.2,6.4
5173,2024-06-20,11,107,1,3.5,3.5
5174,2024-06-20,11,104,1,4.2,4.2
5175,2024-06-20,11,103,1,3.9,3.9
5176,2024-06-20,11,106,1,3.2,3.2
5177,2024-06-20,11,104,1,4.2,4.2
5178,2024-06-20,11,102,3,4.0,12.0
5179,2024-06-20,11,106,2,3.2,6.4
5180,2024-06-20,11,101,2,3.8,7.6
5181,2024-06-20,11,107,3,3.5,10.5
5182,2024-06-20,11,106,1,3.2,3.2
5183,2024-06-20,12,108,2,4.5,9.0
5184,2024-06-20,12,108,1,4.5,4.5
5185,2024-06-20,12,108,2,4.5,9.0
5186,2024-06-20,12,108,1,4.5,4.5
5187,2024-06-20,12,110,1,3.4,3.4
5188,2024-06-20,12,104,1,4.2,4.2
5189,2024-06-20,12,105,1,4.1,4.1
5190,2024-06-20,12,106,1,3.2,3.2
5191,2024-06-20,12,101,2,3.8,7.6
5192,2024-06-20,12,108,1,4.5,4.5
5193,2024-06-21,1,109,1,2.2,2.2
5194,2024-06-21,1,106,1,3.2,3.2
5195,2024-06-21,1,102,1,4.0,4.0
5196,2024-06-21,1,106,1,3.2,3.2
5197,2024-06-21,1,108,1,4.5,4.5
5198,2024-06-21,1,104,1,4.2,4.2
5199,2024-06-21,1,104,1,4.2,4.2
5200,2024-06-21,1,101,1,3.8,3.8
5201,2024-06-21,2,104,1,4.2,4.2
5202,2024-06-21,2,107,1,3.5,3.5
5203,2024-06-21,2,108,1,4.5,4.5
5204,2024-06-21,2,106,2,3.2,6.4
5205,2024-06-21,2,109,2,2.2,4.4
5206,2024-06-21,2,109,3,2.2,6.6
5207,2024-06-21,2,110,1,3.4,3.4
5208,2024-06-21,2,104,1,4.2,4.2
5209,2024-06-21,3,104,1,4.2,4.2
5210,2024-06-21,3,103,1,3.9,3.9
5211,2024-06-21,3,105,1,4.1,4.1
5212,2024-06-21,3,109,1,2.2,2.2
5213,2024-06-21,3,105,1,4.1,4.1
5214,2024-06-21,3,106,2,3.2,6.4
5215,2024-06-21,3,107,1,3.5,3.5
5216,2024-06-21,3,109,1,2.2,2.2
5217,2024-06-21,3,102,1,4.0,4.0
5218,2024-06-21,4,102,2,4.0,8.0
5219,2024-06-21,4,101,2,3.8,7.6
5220,2024-06-21,4,106,1,3.2,3.2
5221,2024-06-21,4,101,1,3.8,3.8
5222,2024-06-21,4,105,2,4.1,8.2
5223,2024-06-21,4,104,1,4.2,4.2
5224,2024-06-21,4,110,1,3.4,3.4
5225,2024-06-21,4,103,1,3.9,3.9
5226,2024-06-21,5,106,1,3.2,3.2
5227,2024-06-21,5,103,1,3.9,3.9
5228,2024-06-21,5,106,1,3.2,3.2
5229,2024-06-21,5,108,1,4.5,4.5
5230,2024-06-21,5,104,2,4.2,8.4
5231,2024-06-21,5,105,1,4.1,4.1
5232,2024-06-21,5,106,1,3.2,3.2
5233,2024-06-21,5,102,1,4.0,4.0
5234,2024-06-21,5,107,1,3.5,3.5
5235,2024-06-21,6,104,1,4.2,4.2
5236,2024-06-21,6,104,1,4.2,4.2
5237,2024-06-21,6,107,1,3.5,3.5
5238,2024-06-21,6,107,1,3.5,3.5
5239,2024-06-21,6,108,2,4.5,9.0
5240,2024-06-21,6,107,2,3.5,7.0
5241,2024-06-21,6,109,1,2.2,2.2
5242,2024-06-21,6,109,2,2.2,4.4
5243,2024-06-21,6,102,2,4.0,8.0
5244,2024-06-21,7,101,1,3.8,3.8
5245,2024-06-21,7,104,2,4.2,8.4
5246,2024-06-21,7,110,1,3.4,3.4
5247,2024-06-21,7,109,1,2.2,2.2
5248,2024-06-21,7,109,1,2.2,2.2
5249,2024-06-21,7,110,1,3.4,3.4
5250,2024-06-21,7,106,1,3.2,3.2
5251,2024-06-21,7,101,1,3.8,3.8
5252,2024-06-21,7,102,1,4.0,4.0
5253,2024-06-21,8,102,1,4.0,4.0
5254,2024-06-21,8,110,1,3.4,3.4
5255,2024-06-21,8,101,2,3.8,7.6
5256,2024-06-21,8,105,1,4.1,4.1
5257,2024-06-21,8,101,2,3.8,7.6
5258,2024-06-21,8,101,2,3.8,7.6
5259,2024-06-21,8,101,3,3.8,11.4
5260,2024-06-21,8,102,1,4.0,4.0
5261,2024-06-21,8,102,1,4.0,4.0
5262,2024-06-21,9,107,1,3.5,3.5
5263,2024-06-21,9,101,2,3.8,7.6
5264,2024-06-21,9,107,1,3.5,3.5
5265,2024-06-21,9,101,1,3.8,3.8
5266,2024-06-21,9,108,1,4.5,4.5
5267,2024-06-21,9,104,1,4.2,4.2
5268,2024-06-21,9,103,2,3.9,7.8
5269,2024-06-21,9,105,1,4.1,4.1
5270,2024-06-21,9,105,1,4.1,4.1
5271,2024-06-21,10,106,2,3.2,6.4
5272,2024-06-21,10,104,2,4.2,8.4
5273,2024-06-21,10,103,3,3.9,11.7
5274,2024-06-21,10,105,1,4.1,4.1
5275,2024-06-21,10,108,1,4.5,4.5
5276,2024-06-21,10,108,1,4.5,4.5
5277,2024-06-21,10,107,1,3.5,3.5
5278,2024-06-21,10,110,1,3.4,3.4
5279,2024-06-21,10,102,1,4.0,4.0
5280,2024-06-21,10,104,2,4.2,8.4
5281,2024-06-21,11,104,1,4.2,4.2
5282,2024-06-21,11,103,2,3.9,7.8
5283,2024-06-21,11,103,1,3.9,3.9
5284,2024-06-21,11,106,3,3.2,9.6
5285,2024-06-21,11,108,1,4.5,4.5
5286,2024-06-21,11,108,3,4.5,13.5
5287,2024-06-21,11,110,1,3.4,3.4
5288,2024-06-21,12,108,1,4.5,4.5
5289,2024-06-21,12,109,3,2.2,6.6
5290,2024-06-21,12,103,1,3.9,3.9
5291,2024-06-21,12,104,1,4.2,4.2
5292,2024-06-21,12,105,1,4.1,4.1
5293,2024-06-21,12,108,1,4.5,4.5
5294,2024-06-21,12,104,3,4.2,12.6
5295,2024-06-21,12,101,2,3.8,7.6
5296,2024-06-22,1,109,1,2.2,2.2
5297,2024-06-22,1,105,1,4.1,4.1
5298,2024-06-22,1,101,1,3.8,3.8
5299,2024-06-22,1,108,1,4.5,4.5
5300,2024-06-22,1,106,1,3.2,3.2
5301,2024-06-22,1,102,1,4.0,4.0
5302,2024-06-22,1,104,1,4.2,4.2
5303,2024-06-22,2,101,1,3.8,3.8
5304,2024-06-22,2,105,1,4.1,4.1
5305,2024-06-22,2,103,1,3.9,3.9
5306,2024-06-22,2,110,1,3.4,3.4
5307,2024-06-22,2,108,1,4.5,4.5
5308,2024-06-22,2,107,1,3.5,3.5
5309,2024-06-22,2,105,1,4.1,4.1
5310,2024-06-22,2,108,2,4.5,9.0
5311,2024-06-22,2,104,2,4.2,8.4
5312,2024-06-22,2,103,1,3.9,3.9
5313,2024-06-22,3,109,2,2.2,4.4
5314,2024-06-22,3,104,1,4.2,4.2
5315,2024-06-22,3,103,2,3.9,7.8
5316,2024-06-22,3,105,2,4.1,8.2
5317,2024-06-22,3,107,2,3.5,7.0
5318,2024-06-22,3,105,1,4.1,4.1
5319,2024-06-22,3,106,1,3.2,3.2
5320,2024-06-22,3,103,1,3.9,3.9
5321,2024-06-22,3,107,1,3.5,3.5
5322,2024-06-22,3,103,1,3.9,3.9
5323,2024-06-22,4,102,2,4.0,8.0
5324,2024-06-22,4,106,1,3.2,3.2
5325,2024-06-22,4,106,1,3.2,3.2
5326,2024-06-22,4,107,2,3.5,7.0
5327,2024-06-22,4,106,2,3.2,6.4
5328,2024-06-22,4,103,2,3.9,7.8
5329,2024-06-22,4,101,1,3.8,3.8
5330,2024-06-22,4,107,1,3.5,3.5
5331,2024-06-22,4,108,3,4.5,13.5
5332,2024-06-22,4,105,1,4.1,4.1
5333,2024-06-22,5,104,2,4.2,8.4
5334,2024-06-22,5,103,1,3.9,3.9
5335,2024-06-22,5,106,1,3.2,3.2
5336,2024-06-22,5,109,1,2.2,2.2
5337,2024-06-22,5,105,1,4.1,4.1
5338,2024-06-22,5,108,1,4.5,4.5
5339,2024-06-22,5,105,1,4.1,4.1
5340,2024-06-22,5,102,2,4.0,8.0
5341,2024-06-22,6,106,1,3.2,3.2
5342,2024-06-22,6,103,1,3.9,3.9
5343,2024-06-22,6,108,2,4.5,9.0
5344,2024-06-22,6,101,2,3.8,7.6
5345,2024-06-22,6,106,1,3.2,3.2
5346,2024-06-22,6,105,1,4.1,4.1
5347,2024-06-22,6,101,1,3.8,3.8
5348,2024-06-22,6,105,1,4.1,4.1
5349,2024-06-22,6,102,1,4.0,4.0
5350,2024-06-22,7,101,1,3.8,3.8
5351,2024-06-22,7,104,2,4.2,8.4
5352,2024-06-22,7,104,1,4.2,4.2
5353,2024-06-22,7,105,1,4.1,4.1
5354,2024-06-22,7,110,3,3.4,10.2
5355,2024-06-22,7,103,2,3.9,7.8
5356,2024-06-22,7,101,1,3.8,3.8
5357,2024-06-22,7,105,1,4.1,4.1
5358,2024-06-22,7,104,1,4.2,4.2
5359,2024-06-22,8,108,1,4.5,4.5
5360,2024-06-22,8,102,1,4.0,4.0
5361,2024-06-22,8,104,2,4.2,8.4
5362,2024-06-22,8,105,1,4.1,4.1
5363,2024-06-22,8,107,1,3.5,3.5
5364,2024-06-22,8,110,1,3.4,3.4
5365,2024-06-22,8,110,2,3.4,6.8
5366,2024-06-22,8,105,1,4.1,4.1
5367,2024-06-22,8,106,1,3.2,3.2
5368,2024-06-22,8,102,3,4.0,12.0
5369,2024-06-22,9,105,1,4.1,4.1
5370,2024-06-22,9,105,2,4.1,8.2
5371,2024-06-22,9,103,2,3.9,7.8
5372,2024-06-22,9,103,1,3.9,3.9
5373,2024-06-22,9,109,3,2.2,6.6
5374,2024-06-22,9,107,3,3.5,10.5
5375,2024-06-22,9,101,2,3.8,7.6
5376,2024-06-22,9,102,1,4.0,4.0
5377,2024-06-22,9,103,2,3.9,7.8
5378,2024-06-22,10,109,1,2.2,2.2
5379,2024-06-22,10,106,2,3.2,6.4
5380,2024-06-22,10,106,1,3.2,3.2
5381,2024-06-22,10,102,1,4.0,4.0
5382,2024-06-22,10,103,1,3.9,3.9
5383,2024-06-22,10,108,1,4.5,4.5
5384,2024-06-22,10,103,1,3.9,3.9
5385,2024-06-22,11,105,1,4.1,4.1
5386,2024-06-22,11,109,1,2.2,2.2
5387,2024-06-22,11,107,1,3.5,3.5
5388,2024-06-22,11,102,1,4.0,4.0
5389,2024-06-22,11,102,2,4.0,8.0
5390,2024-06-22,11,109,2,2.2,4.4
5391,2024-06-22,11,101,1,3.8,3.8
5392,2024-06-22,11,106,1,3.2,3.2
5393,2024-06-22,11,106,1,3.2,3.2
5394,2024-06-22,11,101,1,3.8,3.8
5395,2024-06-22,12,108,1,4.5,4.5
5396,2024-06-22,12,101,1,3.8,3.8
5397,2024-06-22,12,106,1,3.2,3.2
5398,2024-06-22,12,105,1,4.1,4.1
5399,2024-06-22,12,107,1,3.5,3.5
5400,2024-06-22,12,105,1,4.1,4.1
5401,2024-06-22,12,108,1,4.5,4.5
5402,2024-06-22,12,107,1,3.5,3.5
5403,2024-06-23,1,102,1,4.0,4.0
5404,2024-06-23,1,101,1,3.8,3.8
5405,2024-06-23,1,106,1,3.2,3.2
5406,2024-06-23,1,108,2,4.5,9.0
5407,2024-06-23,1,108,1,4.5,4.5
5408,2024-06-23,1,108,1,4.5,4.5
5409,2024-06-23,1,101,1,3.8,3.8
5410,2024-06-23,1,102,3,4.0,12.0
5411,2024-06-23,1,106,1,3.2,3.2
5412,2024-06-23,2,103,1,3.9,3.9
5413,2024-06-23,2,109,3,2.2,6.6
5414,2024-06-23,2,110,1,3.4,3.4
5415,2024-06-23,2,103,2,3.9,7.8
5416,2024-06-23,2,102,2,4.0,8.0
5417,2024-06-23,2,110,2,3.4,6.8
5418,2024-06-23,2,108,1,4.5,4.5
5419,2024-06-23,2,103,1,3.9,3.9
5420,2024-06-23,3,107,1,3.5,3.5
5421,2024-06-23,3,106,2,3.2,6.4
5422,2024-06-23,3,108,1,4.5,4.5
5423,2024-06-23,3,107,1,3.5,3.5
5424,2024-06-23,3,103,1,3.9,3.9
5425,2024-06-23,3,107,1,3.5,3.5
5426,2024-06-23,3,107,1,3.5,3.5
5427,2024-06-23,3,102,1,4.0,4.0
5428,2024-06-23,4,107,1,3.5,3.5
5429,2024-06-23,4,106,2,3.2,6.4
5430,2024-06-23,4,108,1,4.5,4.5
5431,2024-06-23,4,101,1,3.8,3.8
5432,2024-06-23,4,102,1,4.0,4.0
5433,2024-06-23,4,110,2,3.4,6.8
5434,2024-06-23,4,109,1,2.2,2.2
5435,2024-06-23,4,107,1,3.5,3.5
5436,2024-06-23,4,109,1,2.2,2.2
5437,2024-06-23,5,106,1,3.2,3.2
5438,2024-06-23,5,104,1,4.2,4.2
5439,2024-06-23,5,101,1,3.8,3.8
5440,2024-06-23,5,108,2,4.5,9.0
5441,2024-06-23,5,107,1,3.5,3.5
5442,2024-06-23,5,105,1,4.1,4.1
5443,2024-06-23,5,103,1,3.9,3.9
5444,2024-06-23,6,107,1,3.5,3.5
5445,2024-06-23,6,107,2,3.5,7.0
5446,2024-06-23,6,106,1,3.2,3.2
5447,2024-06-23,6,102,1,4.0,4.0
5448,2024-06-23,6,104,2,4.2,8.4
5449,2024-06-23,6,108,1,4.5,4.5
5450,2024-06-23,6,105,2,4.1,8.2
5451,2024-06-23,6,101,2,3.8,7.6
5452,2024-06-23,6,106,1,3.2,3.2
5453,2024-06-23,7,106,2,3.2,6.4
5454,2024-06-23,7,108,1,4.5,4.5
5455,2024-06-23,7,106,1,3.2,3.2
5456,2024-06-23,7,104,1,4.2,4.2
5457,2024-06-23,7,106,1,3.2,3.2
5458,2024-06-23,7,109,1,2.2,2.2
5459,2024-06-23,7,106,1,3.2,3.2
5460,2024-06-23,7,102,1,4.0,4.0
5461,2024-06-23,8,106,1,3.2,3.2
5462,2024-06-23,8,103,2,3.9,7.8
5463,2024-06-23,8,110,1,3.4,3.4
5464,2024-06-23,8,106,1,3.2,3.2
5465,2024-06-23,8,108,1,4.5,4.5
5466,2024-06-23,8,102,1,4.0,4.0
5467,2024-06-23,8,109,1,2.2,2.2
5468,2024-06-23,8,107,1,3.5,3.5
5469,2024-06-23,9,108,2,4.5,9.0
5470,2024-06-23,9,109,2,2.2,4.4
5471,2024-06-23,9,106,1,3.2,3.2
5472,2024-06-23,9,107,1,3.5,3.5
5473,2024-06-23,9,101,1,3.8,3.8
5474,2024-06-23,9,105,2,4.1,8.2
5475,2024-06-23,9,102,1,4.0,4.0
5476,2024-06-23,9,101,2,3.8,7.6
5477,2024-06-23,9,108,1,4.5,4.5
5478,2024-06-23,10,108,1,4.5,4.5
5479,2024-06-23,10,109,1,2.2,2.2
5480,2024-06-23,10,104,2,4.2,8.4
5481,2024-06-23,10,108,2,4.5,9.0
5482,2024-06-23,10,110,1,3.4,3.4
5483,2024-06-23,10,106,2,3.2,6.4
5484,2024-06-23,10,106,2,3.2,6.4
5485,2024-06-23,10,103,1,3.9,3.9
5486,2024-06-23,10,103,1,3.9,3.9
5487,2024-06-23,11,106,3,3.2,9.6
5488,2024-06-23,11,102,1,4.0,4.0
5489,2024-06-23,11,110,1,3.4,3.4
5490,2024-06-23,11,104,1,4.2,4.2
5491,2024-06-23,11,101,2,3.8,7.6
5492,2024-06-23,11,106,1,3.2,3.2
5493,2024-06-23,11,104,1,4.2,4.2
5494,2024-06-23,12,107,1,3.5,3.5
5495,2024-06-23,12,104,1,4.2,4.2
5496,2024-06-23,12,107,1,3.5,3.5
5497,2024-06-23,12,110,1,3.4,3.4
5498,2024-06-23,12,107,1,3.5,3.5
5499,2024-06-23,12,102,1,4.0,4.0
5500,2024-06-23,12,109,1,2.2,2.2
5501,2024-06-23,12,101,2,3.8,7.6
5502,2024-06-23,12,108,1,4.5,4.5
5503,2024-06-24,1,101,1,3.8,3.8
5504,2024-06-24,1,107,3,3.5,10.5
5505,2024-06-24,1,108,1,4.5,4.5
5506,2024-06-24,1,105,1,4.1,4.1
5507,2024-06-24,1,105,1,4.1,4.1
5508,2024-06-24,1,104,2,4.2,8.4
5509,2024-06-24,1,101,1,3.8,3.8
5510,2024-06-24,1,107,1,3.5,3.5
5511,2024-06-24,1,103,1,3.9,3.9
5512,2024-06-24,2,108,1,4.5,4.5
5513,2024-06-24,2,103,2,3.9,7.8
5514,2024-06-24,2,106,1,3.2,3.2
5515,2024-06-24,2,101,1,3.8,3.8
5516,2024-06-24,2,104,1,4.2,4.2
5517,2024-06-24,2,105,1,4.1,4.1
5518,2024-06-24,2,101,2,3.8,7.6
5519,2024-06-24,3,109,1,2.2,2.2
5520,2024-06-24,3,101,1,3.8,3.8
5521,2024-06-24,3,101,1,3.8,3.8
5522,2024-06-24,3,101,3,3.8,11.4
5523,2024-06-24,3,107,1,3.5,3.5
5524,2024-06-24,3,105,1,4.1,4.1
5525,2024-06-24,3,102,1,4.0,4.0
5526,2024-06-24,4,103,1,3.9,3.9
5527,2024-06-24,4,103,1,3.9,3.9
5528,2024-06-24,4,105,1,4.1,4.1
5529,2024-06-24,4,104,1,4.2,4.2
5530,2024-06-24,4,101,3,3.8,11.4
5531,2024-06-24,4,106,1,3.2,3.2
5532,2024-06-24,4,102,2,4.0,8.0
5533,2024-06-24,4,107,1,3.5,3.5
5534,2024-06-24,5,103,1,3.9,3.9
5535,2024-06-24,5,101,1,3.8,3.8
5536,2024-06-24,5,104,1,4.2,4.2
5537,2024-06-24,5,102,1,4.0,4.0
5538,2024-06-24,5,102,1,4.0,4.0
5539,2024-06-24,5,101,2,3.8,7.6
5540,2024-06-24,5,103,1,3.9,3.9
5541,2024-06-24,5,105,1,4.1,4.1
5542,2024-06-24,6,108,2,4.5,9.0
5543,2024-06-24,6,108,1,4.5,4.5
5544,2024-06-24,6,108,1,4.5,4.5
5545,2024-06-24,6,101,1,3.8,3.8
5546,2024-06-24,6,108,1,4.5,4.5
5547,2024-06-24,6,106,1,3.2,3.2
5548,2024-06-24,6,106,2,3.2,6.4
5549,2024-06-24,6,103,2,3.9,7.8
5550,2024-06-24,6,110,2,3.4,6.8
5551,2024-06-24,7,108,1,4.5,4.5
5552,2024-06-24,7,105,1,4.1,4.1
5553,2024-06-24,7,107,1,3.5,3.5
5554,2024-06-24,7,106,1,3.2,3.2
5555,2024-06-24,7,104,1,4.2,4.2
5556,2024-06-24,7,104,1,4.2,4.2
5557,2024-06-24,7,106,1,3.2,3.2
5558,2024-06-24,7,102,1,4.0,4.0
5559,2024-06-24,7,103,3,3.9,11.7
5560,2024-06-24,7,108,1,4.5,4.5
5561,2024-06-24,8,110,2,3.4,6.8
5562,2024-06-24,8,102,1,4.0,4.0
5563,2024-06-24,8,104,1,4.2,4.2
5564,2024-06-24,8,105,2,4.1,8.2
5565,2024-06-24,8,104,1,4.2,4.2
5566,2024-06-24,8,104,1,4.2,4.2
5567,2024-06-24,8,108,2,4.5,9.0
5568,2024-06-24,9,103,2,3.9,7.8
5569,2024-06-24,9,106,1,3.2,3.2
5570,2024-06-24,9,108,1,4.5,4.5
5571,2024-06-24,9,108,1,4.5,4.5
5572,2024-06-24,9,101,1,3.8,3.8
5573,2024-06-24,9,104,1,4.2,4.2
5574,2024-06-24,9,105,2,4.1,8.2
5575,2024-06-24,9,104,3,4.2,12.6
5576,2024-06-24,9,110,1,3.4,3.4
5577,2024-06-24,10,101,1,3.8,3.8
5578,2024-06-24,10,107,1,3.5,3.5
5579,2024-06-24,10,106,1,3.2,3.2
5580,2024-06-24,10,105,1,4.1,4.1
5581,2024-06-24,10,101,1,3.8,3.8
5582,2024-06-24,10,103,1,3.9,3.9
5583,2024-06-24,10,105,1,4.1,4.1
5584,2024-06-24,10,106,2,3.2,6.4
5585,2024-06-24,11,107,1,3.5,3.5
5586,2024-06-24,11,103,1,3.9,3.9
5587,2024-06-24,11,110,1,3.4,3.4
5588,2024-06-24,11,106,1,3.2,3.2
5589,2024-06-24,11,104,1,4.2,4.2
5590,2024-06-24,11,108,2,4.5,9.0
5591,2024-06-24,11,107,1,3.5,3.5
5592,2024-06-24,11,101,1,3.8,3.8
5593,2024-06-24,11,101,1,3.8,3.8
5594,2024-06-24,11,108,1,4.5,4.5
5595,2024-06-24,12,105,2,4.1,8.2
5596,2024-06-24,12,106,1,3.2,3.2
5597,2024-06-24,12,108,1,4.5,4.5
5598,2024-06-24,12,103,1,3.9,3.9
5599,2024-06-24,12,102,1,4.0,4.0
5600,2024-06-24,12,108,1,4.5,4.5
5601,2024-06-24,12,105,1,4.1,4.1
5602,2024-06-24,12,107,1,3.5,3.5
5603,2024-06-24,12,103,1,3.9,3.9
5604,2024-06-25,1,108,1,4.5,4.5
5605,2024-06-25,1,103,1,3.9,3.9
5606,2024-06-25,1,101,1,3.8,3.8
5607,2024-06-25,1,102,1,4.0,4.0
5608,2024-06-25,1,110,1,3.4,3.4
5609,2024-06-25,1,103,1,3.9,3.9
5610,2024-06-25,1,104,1,4.2,4.2
5611,2024-06-25,1,109,1,2.2,2.2
5612,2024-06-25,2,104,1,4.2,4.2
5613,2024-06-25,2,106,3,3.2,9.6
5614,2024-06-25,2,104,3,4.2,12.6
5615,2024-06-25,2,107,1,3.5,3.5
5616,2024-06-25,2,101,1,3.8,3.8
5617,2024-06-25,2,102,1,4.0,4.0
5618,2024-06-25,2,109,1,2.2,2.2
5619,2024-06-25,2,108,1,4.5,4.5
5620,2024-06-25,2,108,1,4.5,4.5
5621,2024-06-25,2,101,1,3.8,3.8
5622,2024-06-25,3,102,1,4.0,4.0
5623,2024-06-25,3,107,1,3.5,3.5
5624,2024-06-25,3,102,1,4.0,4.0
5625,2024-06-25,3,105,1,4.1,4.1
5626,2024-06-25,3,106,2,3.2,6.4
5627,2024-06-25,3,105,2,4.1,8.2
5628,2024-06-25,3,105,1,4.1,4.1
5629,2024-06-25,4,104,2,4.2,8.4
5630,2024-06-25,4,107,1,3.5,3.5
5631,2024-06-25,4,107,2,3.5,7.0
5632,2024-06-25,4,105,2,4.1,8.2
5633,2024-06-25,4,109,2,2.2,4.4
5634,2024-06-25,4,102,1,4.0,4.0
5635,2024-06-25,4,108,1,4.5,4.5
5636,2024-06-25,5,107,2,3.5,7.0
5637,2024-06-25,5,102,1,4.0,4.0
5638,2024-06-25,5,103,2,3.9,7.8
5639,2024-06-25,5,101,2,3.8,7.6
5640,2024-06-25,5,107,1,3.5,3.5
5641,2024-06-25,5,110,1,3.4,3.4
5642,2024-06-25,5,104,1,4.2,4.2
5643,2024-06-25,6,108,1,4.5,4.5
5644,2024-06-25,6,110,1,3.4,3.4
5645,2024-06-25,6,106,1,3.2,3.2
5646,2024-06-25,6,107,2,3.5,7.0
5647,2024-06-25,6,101,1,3.8,3.8
5648,2024-06-25,6,108,1,4.5,4.5
5649,2024-06-25,6,107,3,3.5,10.5
5650,2024-06-25,6,102,2,4.0,8.0
5651,2024-06-25,6,101,1,3.8,3.8
5652,2024-06-25,6,103,1,3.9,3.9
5653,2024-06-25,7,108,2,4.5,9.0
5654,2024-06-25,7,107,1,3.5,3.5
5655,2024-06-25,7,102,3,4.0,12.0
5656,2024-06-25,7,106,1,3.2,3.2
5657,2024-06-25,7,102,1,4.0,4.0
5658,2024-06-25,7,104,1,4.2,4.2
5659,2024-06-25,7,108,1,4.5,4.5
5660,2024-06-25,7,107,1,3.5,3.5
5661,2024-06-25,8,102,2,4.0,8.0
5662,2024-06-25,8,110,2,3.4,6.8
5663,2024-06-25,8,108,1,4.5,4.5
5664,2024-06-25,8,105,1,4.1,4.1
5665,2024-06-25,8,107,1,3.5,3.5
5666,2024-06-25,8,107,1,3.5,3.5
5667,2024-06-25,8,107,2,3.5,7.0
5668,2024-06-25,8,101,1,3.8,3.8
5669,2024-06-25,8,107,2,3.5,7.0
5670,2024-06-25,9,103,2,3.9,7.8
5671,2024-06-25,9,101,1,3.8,3.8
5672,2024-06-25,9,107,2,3.5,7.0
5673,2024-06-25,9,106,2,3.2,6.4
5674,2024-06-25,9,102,1,4.0,4.0
5675,2024-06-25,9,101,1,3.8,3.8
5676,2024-06-25,9,103,1,3.9,3.9
5677,2024-06-25,9,109,1,2.2,2.2
5678,2024-06-25,10,101,1,3.8,3.8
5679,2024-06-25,10,101,3,3.8,11.4
5680,2024-06-25,10,107,3,3.5,10.5
5681,2024-06-25,10,105,1,4.1,4.1
5682,2024-06-25,10,102,1,4.0,4.0
5683,2024-06-25,10,104,1,4.2,4.2
5684,2024-06-25,10,101,1,3.8,3.8
5685,2024-06-25,10,110,1,3.4,3.4
5686,2024-06-25,10,105,3,4.1,12.3
5687,2024-06-25,10,103,1,3.9,3.9
5688,2024-06-25,11,107,1,3.5,3.5
5689,2024-06-25,11,104,1,4.2,4.2
5690,2024-06-25,11,103,1,3.9,3.9
5691,2024-06-25,11,110,2,3.4,6.8
5692,2024-06-25,11,107,1,3.5,3.5
5693,2024-06-25,11,110,2,3.4,6.8
5694,2024-06-25,11,108,2,4.5,9.0
5695,2024-06-25,11,103,1,3.9,3.9
5696,2024-06-25,11,101,1,3.8,3.8
5697,2024-06-25,11,102,1,4.0,4.0
5698,2024-06-25,12,103,1,3.9,3.9
5699,2024-06-25,12,108,1,4.5,4.5
5700,2024-06-25,12,108,1,4.5,4.5
5701,2024-06-25,12,109,1,2.2,2.2
5702,2024-06-25,12,103,1,3.9,3.9
5703,2024-06-25,12,102,2,4.0,8.0
5704,2024-06-25,12,105,1,4.1,4.1
5705,2024-06-25,12,107,1,3.5,3.5
5706,2024-06-25,12,107,1,3.5,3.5
5707,2024-06-25,12,101,2,3.8,7.6
5708,2024-06-26,1,101,1,3.8,3.8
5709,2024-06-26,1,107,1,3.5,3.5
5710,2024-06-26,1,105,1,4.1,4.1
5711,2024-06-26,1,106,1,3.2,3.2
5712,2024-06-26,1,110,2,3.4,6.8
5713,2024-06-26,1,102,1,4.0,4.0
5714,2024-06-26,1,106,1,3.2,3.2
5715,2024-06-26,2,103,1,3.9,3.9
5716,2024-06-26,2,106,2,3.2,6.4
5717,2024-06-26,2,104,1,4.2,4.2
5718,2024-06-26,2,101,1,3.8,3.8
5719,2024-06-26,2,104,2,4.2,8.4
5720,2024-06-26,2,103,1,3.9,3.9
5721,2024-06-26,2,103,3,3.9,11.7
5722,2024-06-26,3,103,1,3.9,3.9
5723,2024-06-26,3,103,2,3.9,7.8
5724,2024-06-26,3,101,2,3.8,7.6
5725,2024-06-26,3,103,2,3.9,7.8
5726,2024-06-26,3,108,1,4.5,4.5
5727,2024-06-26,3,107,1,3.5,3.5
5728,2024-06-26,3,101,2,3.8,7.6
5729,2024-06-26,3,101,1,3.8,3.8
5730,2024-06-26,4,110,1,3.4,3.4
5731,2024-06-26,4,104,2,4.2,8.4
5732,2024-06-26,4,108,1,4.5,4.5
5733,2024-06-26,4,106,1,3.2,3.2
5734,2024-06-26,4,106,1,3.2,3.2
5735,2024-06-26,4,108,1,4.5,4.5
5736,2024-06-26,4,103,1,3.9,3.9
5737,2024-06-26,4,105,2,4.1,8.2
5738,2024-06-26,4,108,1,4.5,4.5
5739,2024-06-26,5,109,2,2.2,4.4
5740,2024-06-26,5,108,1,4.5,4.5
5741,2024-06-26,5,110,1,3.4,3.4
5742,2024-06-26,5,107,1,3.5,3.5
5743,2024-06-26,5,108,1,4.5,4.5
5744,2024-06-26,5,104,2,4.2,8.4
5745,2024-06-26,5,108,1,4.5,4.5
5746,2024-06-26,5,110,1,3.4,3.4
5747,2024-06-26,5,101,2,3.8,7.6
5748,2024-06-26,5,108,1,4.5,4.5
5749,2024-06-26,6,101,1,3.8,3.8
5750,2024-06-26,6,103,1,3.9,3.9
5751,2024-06-26,6,105,2,4.1,8.2
5752,2024-06-26,6,103,1,3.9,3.9
5753,2024-06-26,6,103,2,3.9,7.8
5754,2024-06-26,6,108,2,4.5,9.0
5755,2024-06-26,6,101,1,3.8,3.8
5756,2024-06-26,6,101,1,3.8,3.8
5757,2024-06-26,7,103,1,3.9,3.9
5758,2024-06-26,7,105,1,4.1,4.1
5759,2024-06-26,7,110,1,3.4,3.4
5760,2024-06-26,7,103,1,3.9,3.9
5761,2024-06-26,7,102,1,4.0,4.0
5762,2024-06-26,7,101,2,3.8,7.6
5763,2024-06-26,7,103,1,3.9,3.9
5764,2024-06-26,8,108,2,4.5,9.0
5765,2024-06-26,8,106,2,3.2,6.4
5766,2024-06-26,8,103,1,3.9,3.9
5767,2024-06-26,8,102,1,4.0,4.0
5768,2024-06-26,8,110,2,3.4,6.8
5769,2024-06-26,8,106,1,3.2,3.2
5770,2024-06-26,8,106,1,3.2,3.2
5771,2024-06-26,8,106,1,3.2,3.2
5772,2024-06-26,8,107,2,3.5,7.0
5773,2024-06-26,9,104,1,4.2,4.2
5774,2024-06-26,9,109,1,2.2,2.2
5775,2024-06-26,9,110,1,3.4,3.4
5776,2024-06-26,9,101,2,3.8,7.6
5777,2024-06-26,9,105,1,4.1,4.1
5778,2024-06-26,9,101,1,3.8,3.8
5779,2024-06-26,9,106,3,3.2,9.6
5780,2024-06-26,9,102,1,4.0,4.0
5781,2024-06-26,9,103,2,3.9,7.8
5782,2024-06-26,9,110,2,3.4,6.8
5783,2024-06-26,10,103,1,3.9,3.9
5784,2024-06-26,10,106,1,3.2,3.2
5785,2024-06-26,10,105,1,4.1,4.1
5786,2024-06-26,10,105,1,4.1,4.1
5787,2024-06-26,10,106,1,3.2,3.2
5788,2024-06-26,10,104,1,4.2,4.2
5789,2024-06-26,10,110,2,3.4,6.8
5790,2024-06-26,10,101,1,3.8,3.8
5791,2024-06-26,10,106,1,3.2,3.2
5792,2024-06-26,10,108,1,4.5,4.5
5793,2024-06-26,11,103,1,3.9,3.9
5794,2024-06-26,11,101,1,3.8,3.8
5795,2024-06-26,11,107,1,3.5,3.5
5796,2024-06-26,11,109,1,2.2,2.2
5797,2024-06-26,11,101,1,3.8,3.8
5798,2024-06-26,11,103,1,3.9,3.9
5799,2024-06-26,11,101,2,3.8,7.6
5800,2024-06-26,11,105,3,4.1,12.3
5801,2024-06-26,11,102,1,4.0,4.0
5802,2024-06-26,11,108,1,4.5,4.5
5803,2024-06-26,12,103,1,3.9,3.9
5804,2024-06-26,12,103,1,3.9,3.9
5805,2024-06-26,12,108,1,4.5,4.5
5806,2024-06-26,12,103,1,3.9,3.9
5807,2024-06-26,12,110,1,3.4,3.4
5808,2024-06-26,12,103,2,3.9,7.8
5809,2024-06-26,12,103,1,3.9,3.9
5810,2024-06-26,12,103,2,3.9,7.8
5811,2024-06-26,12,110,1,3.4,3.4
5812,2024-06-26,12,104,1,4.2,4.2
5813,2024-06-27,1,107,1,3.5,3.5
5814,2024-06-27,1,107,1,3.5,3.5
5815,2024-06-27,1,104,2,4.2,8.4
5816,2024-06-27,1,102,1,4.0,4.0
5817,2024-06-27,1,103,1,3.9,3.9
5818,2024-06-27,1,106,1,3.2,3.2
5819,2024-06-27,1,103,2,3.9,7.8
5820,2024-06-27,1,104,1,4.2,4.2
5821,2024-06-27,1,101,1,3.8,3.8
5822,2024-06-27,2,109,2,2.2,4.4
5823,2024-06-27,2,108,2,4.5,9.0
5824,2024-06-27,2,101,1,3.8,3.8
5825,2024-06-27,2,104,1,4.2,4.2
5826,2024-06-27,2,102,1,4.0,4.0
5827,2024-06-27,2,102,1,4.0,4.0
5828,2024-06-27,2,110,1,3.4,3.4
5829,2024-06-27,2,102,2,4.0,8.0
5830,2024-06-27,2,106,1,3.2,3.2
5831,2024-06-27,2,106,1,3.2,3.2
5832,2024-06-27,3,106,3,3.2,9.6
5833,2024-06-27,3,107,1,3.5,3.5
5834,2024-06-27,3,101,1,3.8,3.8
5835,2024-06-27,3,102,1,4.0,4.0
5836,2024-06-27,3,106,1,3.2,3.2
5837,2024-06-27,3,105,1,4.1,4.1
5838,2024-06-27,3,106,3,3.2,9.6
5839,2024-06-27,3,103,2,3.9,7.8
5840,2024-06-27,3,108,1,4.5,4.5
5841,2024-06-27,3,103,1,3.9,3.9
5842,2024-06-27,4,103,1,3.9,3.9
5843,2024-06-27,4,107,1,3.5,3.5
5844,2024-06-27,4,106,2,3.2,6.4
5845,2024-06-27,4,104,1,4.2,4.2
5846,2024-06-27,4,102,2,4.0,8.0
5847,2024-06-27,4,104,3,4.2,12.6
5848,2024-06-27,4,108,2,4.5,9.0
5849,2024-06-27,4,109,2,2.2,4.4
5850,2024-06-27,4,106,1,3.2,3.2
5851,2024-06-27,5,102,1,4.0,4.0
5852,2024-06-27,5,105,1,4.1,4.1
5853,2024-06-27,5,102,2,4.0,8.0
5854,2024-06-27,5,103,1,3.9,3.9
5855,2024-06-27,5,101,1,3.8,3.8
5856,2024-06-27,5,110,1,3.4,3.4
5857,2024-06-27,5,105,3,4.1,12.3
5858,2024-06-27,6,102,1,4.0,4.0
5859,2024-06-27,6,106,3,3.2,9.6
5860,2024-06-27,6,110,2,3.4,6.8
5861,2024-06-27,6,105,3,4.1,12.3
5862,2024-06-27,6,101,1,3.8,3.8
5863,2024-06-27,6,110,1,3.4,3.4
5864,2024-06-27,6,101,1,3.8,3.8
5865,2024-06-27,6,102,2,4.0,8.0
5866,2024-06-27,6,107,1,3.5,3.5
5867,2024-06-27,6,107,1,3.5,3.5
5868,2024-06-27,7,103,1,3.9,3.9
5869,2024-06-27,7,108,1,4.5,4.5
5870,2024-06-27,7,110,1,3.4,3.4
5871,2024-06-27,7,105,1,4.1,4.1
5872,2024-06-27,7,108,1,4.5,4.5
5873,2024-06-27,7,101,3,3.8,11.4
5874,2024-06-27,7,105,1,4.1,4.1
5875,2024-06-27,7,109,1,2.2,2.2
5876,2024-06-27,7,108,2,4.5,9.0
5877,2024-06-27,7,106,1,3.2,3.2
5878,2024-06-27,8,101,1,3.8,3.8
5879,2024-06-27,8,106,1,3.2,3.2
5880,2024-06-27,8,110,1,3.4,3.4
5881,2024-06-27,8,101,3,3.8,11.4
5882,2024-06-27,8,108,1,4.5,4.5
5883,2024-06-27,8,105,2,4.1,8.2
5884,2024-06-27,8,110,2,3.4,6.8
5885,2024-06-27,8,101,2,3.8,7.6
5886,2024-06-27,9,101,1,3.8,3.8
5887,2024-06-27,9,106,2,3.2,6.4
5888,2024-06-27,9,103,1,3.9,3.9
5889,2024-06-27,9,107,1,3.5,3.5
5890,2024-06-27,9,106,1,3.2,3.2
5891,2024-06-27,9,102,1,4.0,4.0
5892,2024-06-27,9,104,2,4.2,8.4
5893,2024-06-27,10,106,2,3.2,6.4
5894,2024-06-27,10,108,1,4.5,4.5
5895,2024-06-27,10,106,1,3.2,3.2
5896,2024-06-27,10,106,1,3.2,3.2
5897,2024-06-27,10,104,3,4.2,12.6
5898,2024-06-27,10,106,1,3.2,3.2
5899,2024-06-27,10,106,1,3.2,3.2
5900,2024-06-27,10,101,2,3.8,7.6
5901,2024-06-27,10,105,1,4.1,4.1
5902,2024-06-27,10,104,3,4.2,12.6
5903,2024-06-27,11,108,2,4.5,9.0
5904,2024-06-27,11,110,1,3.4,3.4
5905,2024-06-27,11,107,1,3.5,3.5
5906,2024-06-27,11,101,1,3.8,3.8
5907,2024-06-27,11,101,1,3.8,3.8
5908,2024-06-27,11,104,1,4.2,4.2
5909,2024-06-27,11,105,2,4.1,8.2
5910,2024-06-27,11,109,1,2.2,2.2
5911,2024-06-27,11,105,1,4.1,4.1
5912,2024-06-27,12,106,3,3.2,9.6
5913,2024-06-27,12,104,1,4.2,4.2
5914,2024-06-27,12,109,1,2.2,2.2
5915,2024-06-27,12,103,1,3.9,3.9
5916,2024-06-27,12,109,1,2.2,2.2
5917,2024-06-27,12,105,1,4.1,4.1
5918,2024-06-27,12,106,1,3.2,3.2
5919,2024-06-28,1,103,1,3.9,3.9
5920,2024-06-28,1,102,1,4.0,4.0
5921,2024-06-28,1,105,1,4.1,4.1
5922,2024-06-28,1,105,1,4.1,4.1
5923,2024-06-28,1,104,1,4.2,4.2
5924,2024-06-28,1,108,2,4.5,9.0
5925,2024-06-28,1,106,1,3.2,3.2
5926,2024-06-28,2,101,1,3.8,3.8
5927,2024-06-28,2,106,1,3.2,3.2
5928,2024-06-28,2,107,2,3.5,7.0
5929,2024-06-28,2,101,1,3.8,3.8
5930,2024-06-28,2,108,1,4.5,4.5
5931,2024-06-28,2,105,1,4.1,4.1
5932,2024-06-28,2,101,1,3.8,3.8
5933,2024-06-28,2,104,2,4.2,8.4
5934,2024-06-28,3,103,1,3.9,3.9
5935,2024-06-28,3,110,1,3.4,3.4
5936,2024-06-28,3,108,1,4.5,4.5
5937,2024-06-28,3,110,1,3.4,3.4
5938,2024-06-28,3,106,1,3.2,3.2
5939,2024-06-28,3,108,2,4.5,9.0
5940,2024-06-28,3,102,1,4.0,4.0
5941,2024-06-28,4,104,2,4.2,8.4
5942,2024-06-28,4,106,1,3.2,3.2
5943,2024-06-28,4,104,1,4.2,4.2
5944,2024-06-28,4,105,2,4.1,8.2
5945,2024-06-28,4,106,1,3.2,3.2
5946,2024-06-28,4,104,2,4.2,8.4
5947,2024-06-28,4,106,1,3.2,3.2
5948,2024-06-28,4,106,1,3.2,3.2
5949,2024-06-28,5,103,1,3.9,3.9
5950,2024-06-28,5,102,2,4.0,8.0
5951,2024-06-28,5,104,1,4.2,4.2
5952,2024-06-28,5,109,1,2.2,2.2
5953,2024-06-28,5,107,1,3.5,3.5
5954,2024-06-28,5,102,1,4.0,4.0
5955,2024-06-28,5,104,1,4.2,4.2
5956,2024-06-28,5,108,1,4.5,4.5
5957,2024-06-28,6,103,1,3.9,3.9
5958,2024-06-28,6,106,1,3.2,3.2
5959,2024-06-28,6,107,2,3.5,7.0
5960,2024-06-28,6,104,1,4.2,4.2
5961,2024-06-28,6,109,1,2.2,2.2
5962,2024-06-28,6,106,2,3.2,6.4
5963,2024-06-28,6,102,2,4.0,8.0
5964,2024-06-28,6,108,1,4.5,4.5
5965,2024-06-28,6,107,1,3.5,3.5
5966,2024-06-28,6,103,1,3.9,3.9
5967,2024-06-28,7,104,1,4.2,4.2
5968,2024-06-28,7,109,1,2.2,2.2
5969,2024-06-28,7,102,3,4.0,12.0
5970,2024-06-28,7,108,1,4.5,4.5
5971,2024-06-28,7,108,1,4.5,4.5
5972,2024-06-28,7,102,1,4.0,4.0
5973,2024-06-28,7,108,1,4.5,4.5
5974,2024-06-28,7,103,1,3.9,3.9
5975,2024-06-28,7,103,1,3.9,3.9
5976,2024-06-28,8,103,1,3.9,3.9
5977,2024-06-28,8,101,1,3.8,3.8
5978,2024-06-28,8,105,2,4.1,8.2
5979,2024-06-28,8,101,1,3.8,3.8
5980,2024-06-28,8,106,2,3.2,6.4
5981,2024-06-28,8,108,1,4.5,4.5
5982,2024-06-28,8,101,1,3.8,3.8
5983,2024-06-28,9,103,3,3.9,11.7
5984,2024-06-28,9,103,2,3.9,7.8
5985,2024-06-28,9,102,1,4.0,4.0
5986,2024-06-28,9,104,1,4.2,4.2
5987,2024-06-28,9,101,1,3.8,3.8
5988,2024-06-28,9,108,1,4.5,4.5
5989,2024-06-28,9,108,3,4.5,13.5
5990,2024-06-28,9,102,1,4.0,4.0
5991,2024-06-28,9,106,1,3.2,3.2
5992,2024-06-28,9,109,1,2.2,2.2
5993,2024-06-28,10,103,1,3.9,3.9
5994,2024-06-28,10,103,1,3.9,3.9
5995,2024-06-28,10,103,1,3.9,3.9
5996,2024-06-28,10,106,1,3.2,3.2
5997,2024-06-28,10,101,1,3.8,3.8
5998,2024-06-28,10,107,3,3.5,10.5
5999,2024-06-28,10,105,1,4.1,4.1
6000,2024-06-28,11,105,2,4.1,8.2
6001,2024-06-28,11,103,2,3.9,7.8
6002,2024-06-28,11,104,1,4.2,4.2
6003,2024-06-28,11,102,1,4.0,4.0
6004,2024-06-28,11,102,1,4.0,4.0
6005,2024-06-28,11,102,1,4.0,4.0
6006,2024-06-28,11,101,1,3.8,3.8
6007,2024-06-28,12,103,1,3.9,3.9
6008,2024-06-28,12,101,1,3.8,3.8
6009,2024-06-28,12,101,1,3.8,3.8
6010,2024-06-28,12,106,1,3.2,3.2
6011,2024-06-28,12,101,2,3.8,7.6
6012,2024-06-28,12,108,1,4.5,4.5
6013,2024-06-28,12,108,1,4.5,4.5
6014,2024-06-28,12,106,1,3.2,3.2
6015,2024-06-28,12,108,2,4.5,9.0
6016,2024-06-29,1,105,2,4.1,8.2
6017,2024-06-29,1,108,1,4.5,4.5
6018,2024-06-29,1,107,1,3.5,3.5
6019,2024-06-29,1,102,2,4.0,8.0
6020,2024-06-29,1,108,1,4.5,4.5
6021,2024-06-29,1,107,1,3.5,3.5
6022,2024-06-29,1,106,2,3.2,6.4
6023,2024-06-29,2,109,2,2.2,4.4
6024,2024-06-29,2,107,1,3.5,3.5
6025,2024-06-29,2,102,2,4.0,8.0
6026,2024-06-29,2,109,2,2.2,4.4
6027,2024-06-29,2,101,1,3.8,3.8
6028,2024-06-29,2,105,1,4.1,4.1
6029,2024-06-29,2,105,1,4.1,4.1
6030,2024-06-29,2,105,2,4.1,8.2
6031,2024-06-29,2,107,1,3.5,3.5
6032,2024-06-29,3,105,1,4.1,4.1
6033,2024-06-29,3,110,2,3.4,6.8
6034,2024-06-29,3,104,1,4.2,4.2
6035,2024-06-29,3,107,1,3.5,3.5
6036,2024-06-29,3,110,3,3.4,10.2
6037,2024-06-29,3,101,2,3.8,7.6
6038,2024-06-29,3,101,1,3.8,3.8
6039,2024-06-29,3,104,1,4.2,4.2
6040,2024-06-29,3,110,1,3.4,3.4
6041,2024-06-29,3,106,2,3.2,6.4
6042,2024-06-29,4,102,1,4.0,4.0
6043,2024-06-29,4,105,1,4.1,4.1
6044,2024-06-29,4,106,1,3.2,3.2
6045,2024-06-29,4,107,1,3.5,3.5
6046,2024-06-29,4,104,1,4.2,4.2
6047,2024-06-29,4,105,1,4.1,4.1
6048,2024-06-29,4,107,1,3.5,3.5
6049,2024-06-29,4,106,2,3.2,6.4
6050,2024-06-29,5,109,1,2.2,2.2
6051,2024-06-29,5,102,1,4.0,4.0
6052,2024-06-29,5,107,1,3.5,3.5
6053,2024-06-29,5,102,1,4.0,4.0
6054,2024-06-29,5,109,1,2.2,2.2
6055,2024-06-29,5,108,1,4.5,4.5
6056,2024-06-29,5,110,2,3.4,6.8
6057,2024-06-29,5,101,1,3.8,3.8
6058,2024-06-29,6,103,1,3.9,3.9
6059,2024-06-29,6,102,2,4.0,8.0
6060,2024-06-29,6,108,2,4.5,9.0
6061,2024-06-29,6,105,1,4.1,4.1
6062,2024-06-29,6,108,2,4.5,9.0
6063,2024-06-29,6,104,1,4.2,4.2
6064,2024-06-29,6,106,2,3.2,6.4
6065,2024-06-29,6,109,1,2.2,2.2
6066,2024-06-29,6,105,2,4.1,8.2
6067,2024-06-29,6,106,2,3.2,6.4
6068,2024-06-29,7,105,1,4.1,4.1
6069,2024-06-29,7,101,1,3.8,3.8
6070,2024-06-29,7,102,2,4.0,8.0
6071,2024-06-29,7,106,2,3.2,6.4
6072,2024-06-29,7,107,2,3.5,7.0
6073,2024-06-29,7,108,1,4.5,4.5
6074,2024-06-29,7,110,1,3.4,3.4
6075,2024-06-29,7,104,1,4.2,4.2
6076,2024-06-29,7,110,2,3.4,6.8
6077,2024-06-29,7,101,1,3.8,3.8
6078,2024-06-29,8,103,2,3.9,7.8
6079,2024-06-29,8,102,1,4.0,4.0
6080,2024-06-29,8,103,1,3.9,3.9
6081,2024-06-29,8,101,2,3.8,7.6
6082,2024-06-29,8,104,1,4.2,4.2
6083,2024-06-29,8,101,1,3.8,3.8
6084,2024-06-29,8,103,1,3.9,3.9
6085,2024-06-29,8,108,2,4.5,9.0
6086,2024-06-29,9,109,1,2.2,2.2
6087,2024-06-29,9,103,1,3.9,3.9
6088,2024-06-29,9,104,1,4.2,4.2
6089,2024-06-29,9,108,1,4.5,4.5
6090,2024-06-29,9,108,1,4.5,4.5
6091,2024-06-29,9,109,1,2.2,2.2
6092,2024-06-29,9,107,1,3.5,3.5
6093,2024-06-29,9,108,1,4.5,4.5
6094,2024-06-29,10,102,2,4.0,8.0
6095,2024-06-29,10,106,2,3.2,6.4
6096,2024-06-29,10,101,1,3.8,3.8
6097,2024-06-29,10,102,3,4.0,12.0
6098,2024-06-29,10,104,2,4.2,8.4
6099,2024-06-29,10,107,1,3.5,3.5
6100,2024-06-29,10,103,1,3.9,3.9
6101,2024-06-29,10,109,2,2.2,4.4
6102,2024-06-29,11,104,1,4.2,4.2
6103,2024-06-29,11,102,1,4.0,4.0
6104,2024-06-29,11,108,1,4.5,4.5
6105,2024-06-29,11,109,1,2.2,2.2
6106,2024-06-29,11,110,1,3.4,3.4
6107,2024-06-29,11,107,2,3.5,7.0
6108,2024-06-29,11,108,2,4.5,9.0
6109,2024-06-29,11,107,1,3.5,3.5
6110,2024-06-29,12,106,1,3.2,3.2
6111,2024-06-29,12,109,3,2.2,6.6
6112,2024-06-29,12,109,3,2.2,6.6
6113,2024-06-29,12,109,1,2.2,2.2
6114,2024-06-29,12,107,1,3.5,3.5
6115,2024-06-29,12,103,3,3.9,11.7
6116,2024-06-29,12,108,1,4.5,4.5
6117,2024-06-29,12,108,1,4.5,4.5
6118,2024-06-29,12,103,3,3.9,11.7
6119,2024-06-29,12,105,1,4.1,4.1
6120,2024-06-30,1,103,1,3.9,3.9
6121,2024-06-30,1,105,2,4.1,8.2
6122,2024-06-30,1,103,1,3.9,3.9
6123,2024-06-30,1,102,1,4.0,4.0
6124,2024-06-30,1,104,2,4.2,8.4
6125,2024-06-30,1,103,1,3.9,3.9
6126,2024-06-30,1,107,2,3.5,7.0
6127,2024-06-30,1,107,1,3.5,3.5
6128,2024-06-30,1,106,1,3.2,3.2
6129,2024-06-30,2,103,1,3.9,3.9
6130,2024-06-30,2,108,1,4.5,4.5
6131,2024-06-30,2,108,1,4.5,4.5
6132,2024-06-30,2,104,1,4.2,4.2
6133,2024-06-30,2,102,1,4.0,4.0
6134,2024-06-30,2,103,1,3.9,3.9
6135,2024-06-30,2,103,1,3.9,3.9
6136,2024-06-30,2,105,3,4.1,12.3
6137,2024-06-30,2,101,1,3.8,3.8
6138,2024-06-30,2,110,1,3.4,3.4
6139,2024-06-30,3,103,1,3.9,3.9
6140,2024-06-30,3,108,3,4.5,13.5
6141,2024-06-30,3,107,1,3.5,3.5
6142,2024-06-30,3,104,1,4.2,4.2
6143,2024-06-30,3,106,1,3.2,3.2
6144,2024-06-30,3,101,1,3.8,3.8
6145,2024-06-30,3,103,1,3.9,3.9
6146,2024-06-30,3,103,1,3.9,3.9
6147,2024-06-30,3,101,1,3.8,3.8
6148,2024-06-30,4,110,1,3.4,3.4
6149,2024-06-30,4,107,1,3.5,3.5
6150,2024-06-30,4,108,1,4.5,4.5
6151,2024-06-30,4,102,1,4.0,4.0
6152,2024-06-30,4,104,2,4.2,8.4
6153,2024-06-30,4,109,1,2.2,2.2
6154,2024-06-30,4,108,2,4.5,9.0
6155,2024-06-30,4,105,1,4.1,4.1
6156,2024-06-30,4,110,1,3.4,3.4
6157,2024-06-30,4,104,2,4.2,8.4
6158,2024-06-30,5,110,1,3.4,3.4
6159,2024-06-30,5,108,2,4.5,9.0
6160,2024-06-30,5,101,1,3.8,3.8
6161,2024-06-30,5,105,1,4.1,4.1
6162,2024-06-30,5,101,1,3.8,3.8
6163,2024-06-30,5,107,2,3.5,7.0
6164,2024-06-30,5,107,2,3.5,7.0
6165,2024-06-30,5,102,1,4.0,4.0
6166,2024-06-30,6,107,1,3.5,3.5
6167,2024-06-30,6,106,1,3.2,3.2
6168,2024-06-30,6,110,1,3.4,3.4
6169,2024-06-30,6,103,2,3.9,7.8
6170,2024-06-30,6,105,1,4.1,4.1
6171,2024-06-30,6,107,2,3.5,7.0
6172,2024-06-30,6,101,1,3.8,3.8
6173,2024-06-30,6,103,3,3.9,11.7
6174,2024-06-30,6,102,1,4.0,4.0
6175,2024-06-30,6,105,1,4.1,4.1
6176,2024-06-30,7,104,1,4.2,4.2
6177,2024-06-30,7,105,1,4.1,4.1
6178,2024-06-30,7,107,1,3.5,3.5
6179,2024-06-30,7,103,1,3.9,3.9
6180,2024-06-30,7,105,1,4.1,4.1
6181,2024-06-30,7,103,1,3.9,3.9
6182,2024-06-30,7,104,1,4.2,4.2
6183,2024-06-30,7,101,1,3.8,3.8
6184,2024-06-30,8,104,1,4.2,4.2
6185,2024-06-30,8,101,2,3.8,7.6
6186,2024-06-30,8,108,1,4.5,4.5
6187,2024-06-30,8,108,2,4.5,9.0
6188,2024-06-30,8,107,2,3.5,7.0
6189,2024-06-30,8,105,1,4.1,4.1
6190,2024-06-30,8,110,2,3.4,6.8
6191,2024-06-30,8,110,1,3.4,3.4
6192,2024-06-30,8,102,2,4.0,8.0
6193,2024-06-30,8,107,1,3.5,3.5
6194,2024-06-30,9,108,1,4.5,4.5
6195,2024-06-30,9,106,2,3.2,6.4
6196,2024-06-30,9,110,1,3.4,3.4
6197,2024-06-30,9,104,1,4.2,4.2
6198,2024-06-30,9,102,1,4.0,4.0
6199,2024-06-30,9,104,1,4.2,4.2
6200,2024-06-30,9,102,1,4.0,4.0
6201,2024-06-30,9,103,1,3.9,3.9
6202,2024-06-30,9,110,1,3.4,3.4
6203,2024-06-30,9,101,3,3.8,11.4
6204,2024-06-30,10,103,1,3.9,3.9
6205,2024-06-30,10,106,1,3.2,3.2
6206,2024-06-30,10,103,1,3.9,3.9
6207,2024-06-30,10,103,2,3.9,7.8
6208,2024-06-30,10,105,2,4.1,8.2
6209,2024-06-30,10,101,1,3.8,3.8
6210,2024-06-30,10,102,1,4.0,4.0
6211,2024-06-30,10,105,1,4.1,4.1
6212,2024-06-30,10,103,1,3.9,3.9
6213,2024-06-30,10,106,1,3.2,3.2
6214,2024-06-30,11,101,1,3.8,3.8
6215,2024-06-30,11,107,2,3.5,7.0
6216,2024-06-30,11,108,1,4.5,4.5
6217,2024-06-30,11,105,1,4.1,4.1
6218,2024-06-30,11,107,3,3.5,10.5
6219,2024-06-30,11,107,3,3.5,10.5
6220,2024-06-30,11,103,1,3.9,3.9
6221,2024-06-30,11,110,1,3.4,3.4
6222,2024-06-30,11,106,1,3.2,3.2
6223,2024-06-30,12,104,1,4.2,4.2
6224,2024-06-30,12,103,1,3.9,3.9
6225,2024-06-30,12,101,1,3.8,3.8
6226,2024-06-30,12,102,1,4.0,4.0
6227,2024-06-30,12,106,1,3.2,3.2
6228,2024-06-30,12,102,1,4.0,4.0
6229,2024-06-30,12,102,1,4.0,4.0
6230,2024-06-30,12,102,1,4.0,4.0
6231,2024-06-30,12,105,1,4.1,4.1
6232,2024-07-01,1,108,2,4.5,9.0
6233,2024-07-01,1,103,1,3.9,3.9
6234,2024-07-01,1,106,1,3.2,3.2
6235,2024-07-01,1,103,3,3.9,11.7
6236,2024-07-01,1,103,1,3.9,3.9
6237,2024-07-01,1,107,1,3.5,3.5
6238,2024-07-01,1,102,1,4.0,4.0
6239,2024-07-01,1,110,1,3.4,3.4
6240,2024-07-01,1,101,1,3.8,3.8
6241,2024-07-01,1,107,2,3.5,7.0
6242,2024-07-01,2,103,1,3.9,3.9
6243,2024-07-01,2,102,1,4.0,4.0
6244,2024-07-01,2,105,1,4.1,4.1
6245,2024-07-01,2,106,1,3.2,3.2
6246,2024-07-01,2,101,1,3.8,3.8
6247,2024-07-01,2,101,1,3.8,3.8
6248,2024-07-01,2,103,3,3.9,11.7
6249,2024-07-01,2,101,1,3.8,3.8
6250,2024-07-01,3,102,1,4.0,4.0
6251,2024-07-01,3,103,1,3.9,3.9
6252,2024-07-01,3,110,1,3.4,3.4
6253,2024-07-01,3,107,2,3.5,7.0
6254,2024-07-01,3,102,1,4.0,4.0
6255,2024-07-01,3,102,1,4.0,4.0
6256,2024-07-01,3,106,1,3.2,3.2
6257,2024-07-01,3,104,1,4.2,4.2
6258,2024-07-01,4,110,2,3.4,6.8
6259,2024-07-01,4,101,1,3.8,3.8
6260,2024-07-01,4,106,1,3.2,3.2
6261,2024-07-01,4,105,1,4.1,4.1
6262,2024-07-01,4,109,1,2.2,2.2
6263,2024-07-01,4,106,1,3.2,3.2
6264,2024-07-01,4,101,2,3.8,7.6
6265,2024-07-01,4,103,1,3.9,3.9
6266,2024-07-01,5,108,1,4.5,4.5
6267,2024-07-01,5,106,2,3.2,6.4
6268,2024-07-01,5,105,1,4.1,4.1
6269,2024-07-01,5,101,1,3.8,3.8
6270,2024-07-01,5,106,2,3.2,6.4
6271,2024-07-01,5,102,1,4.0,4.0
6272,2024-07-01,5,102,1,4.0,4.0
6273,2024-07-01,5,108,1,4.5,4.5
6274,2024-07-01,5,104,1,4.2,4.2
6275,2024-07-01,6,108,2,4.5,9.0
6276,2024-07-01,6,102,2,4.0,8.0
6277,2024-07-01,6,102,2,4.0,8.0
6278,2024-07-01,6,106,2,3.2,6.4
6279,2024-07-01,6,104,1,4.2,4.2
6280,2024-07-01,6,106,2,3.2,6.4
6281,2024-07-01,6,101,1,3.8,3.8
6282,2024-07-01,6,103,1,3.9,3.9
6283,2024-07-01,6,104,1,4.2,4.2
6284,2024-07-01,7,108,1,4.5,4.5
6285,2024-07-01,7,106,1,3.2,3.2
6286,2024-07-01,7,102,1,4.0,4.0
6287,2024-07-01,7,103,2,3.9,7.8
6288,2024-07-01,7,107,1,3.5,3.5
6289,2024-07-01,7,110,1,3.4,3.4
6290,2024-07-01,7,102,1,4.0,4.0
6291,2024-07-01,7,106,1,3.2,3.2
6292,2024-07-01,7,101,2,3.8,7.6
6293,2024-07-01,7,110,1,3.4,3.4
6294,2024-07-01,8,101,1,3.8,3.8
6295,2024-07-01,8,101,1,3.8,3.8
6296,2024-07-01,8,103,1,3.9,3.9
6297,2024-07-01,8,108,2,4.5,9.0
6298,2024-07-01,8,104,2,4.2,8.4
6299,2024-07-01,8,106,1,3.2,3.2
6300,2024-07-01,8,106,3,3.2,9.6
6301,2024-07-01,8,102,2,4.0,8.0
6302,2024-07-01,8,107,1,3.5,3.5
6303,2024-07-01,8,105,1,4.1,4.1
6304,2024-07-01,9,101,1,3.8,3.8
6305,2024-07-01,9,105,2,4.1,8.2
6306,2024-07-01,9,106,1,3.2,3.2
6307,2024-07-01,9,106,2,3.2,6.4
6308,2024-07-01,9,105,1,4.1,4.1
6309,2024-07-01,9,110,1,3.4,3.4
6310,2024-07-01,9,106,2,3.2,6.4
6311,2024-07-01,9,107,1,3.5,3.5
6312,2024-07-01,9,102,2,4.0,8.0
6313,2024-07-01,9,104,1,4.2,4.2
6314,2024-07-01,10,106,1,3.2,3.2
6315,2024-07-01,10,107,1,3.5,3.5
6316,2024-07-01,10,103,1,3.9,3.9
6317,2024-07-01,10,108,1,4.5,4.5
6318,2024-07-01,10,103,1,3.9,3.9
6319,2024-07-01,10,102,1,4.0,4.0
6320,2024-07-01,10,102,1,4.0,4.0
6321,2024-07-01,10,108,1,4.5,4.5
6322,2024-07-01,10,105,1,4.1,4.1
6323,2024-07-01,11,106,2,3.2,6.4
6324,2024-07-01,11,108,2,4.5,9.0
6325,2024-07-01,11,102,1,4.0,4.0
6326,2024-07-01,11,102,1,4.0,4.0
6327,2024-07-01,11,103,1,3.9,3.9
6328,2024-07-01,11,101,1,3.8,3.8
6329,2024-07-01,11,103,2,3.9,7.8
6330,2024-07-01,11,102,1,4.0,4.0
6331,2024-07-01,12,106,1,3.2,3.2
6332,2024-07-01,12,106,2,3.2,6.4
6333,2024-07-01,12,101,2,3.8,7.6
6334,2024-07-01,12,105,1,4.1,4.1
6335,2024-07-01,12,109,1,2.2,2.2
6336,2024-07-01,12,105,1,4.1,4.1
6337,2024-07-01,12,105,1,4.1,4.1
6338,2024-07-01,12,103,1,3.9,3.9
6339,2024-07-02,1,103,1,3.9,3.9
6340,2024-07-02,1,102,2,4.0,8.0
6341,2024-07-02,1,108,1,4.5,4.5
6342,2024-07-02,1,106,1,3.2,3.2
6343,2024-07-02,1,105,1,4.1,4.1
6344,2024-07-02,1,104,2,4.2,8.4
6345,2024-07-02,1,105,1,4.1,4.1
6346,2024-07-02,1,102,1,4.0,4.0
6347,2024-07-02,1,106,1,3.2,3.2
6348,2024-07-02,2,103,1,3.9,3.9
6349,2024-07-02,2,108,2,4.5,9.0
6350,2024-07-02,2,106,1,3.2,3.2
6351,2024-07-02,2,102,1,4.0,4.0
6352,2024-07-02,2,101,1,3.8,3.8
6353,2024-07-02,2,104,1,4.2,4.2
6354,2024-07-02,2,104,1,4.2,4.2
6355,2024-07-02,2,107,1,3.5,3.5
6356,2024-07-02,3,108,3,4.5,13.5
6357,2024-07-02,3,103,1,3.9,3.9
6358,2024-07-02,3,108,1,4.5,4.5
6359,2024-07-02,3,103,1,3.9,3.9
6360,2024-07-02,3,102,1,4.0,4.0
6361,2024-07-02,3,103,1,3.9,3.9
6362,2024-07-02,3,106,1,3.2,3.2
6363,2024-07-02,3,109,1,2.2,2.2
6364,2024-07-02,3,102,1,4.0,4.0
6365,2024-07-02,3,102,1,4.0,4.0
6366,2024-07-02,4,107,1,3.5,3.5
6367,2024-07-02,4,104,1,4.2,4.2
6368,2024-07-02,4,102,1,4.0,4.0
6369,2024-07-02,4,102,2,4.0,8.0
6370,2024-07-02,4,108,2,4.5,9.0
6371,2024-07-02,4,106,1,3.2,3.2
6372,2024-07-02,4,105,1,4.1,4.1
6373,2024-07-02,4,105,2,4.1,8.2
6374,2024-07-02,4,106,2,3.2,6.4
6375,2024-07-02,5,108,1,4.5,4.5
6376,2024-07-02,5,104,1,4.2,4.2
6377,2024-07-02,5,104,1,4.2,4.2
6378,2024-07-02,5,108,3,4.5,13.5
6379,2024-07-02,5,110,1,3.4,3.4
6380,2024-07-02,5,104,1,4.2,4.2
6381,2024-07-02,5,101,1,3.8,3.8
6382,2024-07-02,5,101,1,3.8,3.8
6383,2024-07-02,6,101,1,3.8,3.8
6384,2024-07-02,6,103,1,3.9,3.9
6385,2024-07-02,6,104,1,4.2,4.2
6386,2024-07-02,6,103,1,3.9,3.9
6387,2024-07-02,6,108,1,4.5,4.5
6388,2024-07-02,6,108,2,4.5,9.0
6389,2024-07-02,6,102,1,4.0,4.0
6390,2024-07-02,6,101,1,3.8,3.8
6391,2024-07-02,7,106,1,3.2,3.2
6392,2024-07-02,7,108,1,4.5,4.5
6393,2024-07-02,7,107,1,3.5,3.5
6394,2024-07-02,7,101,1,3.8,3.8
6395,2024-07-02,7,105,1,4.1,4.1
6396,2024-07-02,7,109,1,2.2,2.2
6397,2024-07-02,7,108,2,4.5,9.0
6398,2024-07-02,7,108,1,4.5,4.5
6399,2024-07-02,7,102,1,4.0,4.0
6400,2024-07-02,8,109,1,2.2,2.2
6401,2024-07-02,8,105,1,4.1,4.1
6402,2024-07-02,8,108,2,4.5,9.0
6403,2024-07-02,8,106,1,3.2,3.2
6404,2024-07-02,8,105,1,4.1,4.1
6405,2024-07-02,8,106,1,3.2,3.2
6406,2024-07-02,8,102,1,4.0,4.0
6407,2024-07-02,9,108,1,4.5,4.5
6408,2024-07-02,9,103,1,3.9,3.9
6409,2024-07-02,9,102,1,4.0,4.0
6410,2024-07-02,9,107,1,3.5,3.5
6411,2024-07-02,9,109,2,2.2,4.4
6412,2024-07-02,9,107,1,3.5,3.5
6413,2024-07-02,9,108,2,4.5,9.0
6414,2024-07-02,10,103,1,3.9,3.9
6415,2024-07-02,10,108,1,4.5,4.5
6416,2024-07-02,10,107,1,3.5,3.5
6417,2024-07-02,10,109,2,2.2,4.4
6418,2024-07-02,10,107,1,3.5,3.5
6419,2024-07-02,10,105,2,4.1,8.2
6420,2024-07-02,10,105,1,4.1,4.1
6421,2024-07-02,10,108,2,4.5,9.0
6422,2024-07-02,10,102,1,4.0,4.0
6423,2024-07-02,10,106,1,3.2,3.2
6424,2024-07-02,11,103,1,3.9,3.9
6425,2024-07-02,11,107,2,3.5,7.0
6426,2024-07-02,11,101,1,3.8,3.8
6427,2024-07-02,11,106,1,3.2,3.2
6428,2024-07-02,11,102,1,4.0,4.0
6429,2024-07-02,11,104,1,4.2,4.2
6430,2024-07-02,11,105,1,4.1,4.1
6431,2024-07-02,11,103,1,3.9,3.9
6432,2024-07-02,11,103,2,3.9,7.8
6433,2024-07-02,12,106,1,3.2,3.2
6434,2024-07-02,12,103,1,3.9,3.9
6435,2024-07-02,12,108,1,4.5,4.5
6436,2024-07-02,12,108,3,4.5,13.5
6437,2024-07-02,12,107,3,3.5,10.5
6438,2024-07-02,12,101,2,3.8,7.6
6439,2024-07-02,12,105,2,4.1,8.2
6440,2024-07-02,12,101,1,3.8,3.8
6441,2024-07-03,1,108,1,4.5,4.5
6442,2024-07-03,1,108,1,4.5,4.5
6443,2024-07-03,1,102,1,4.0,4.0
6444,2024-07-03,1,102,2,4.0,8.0
6445,2024-07-03,1,102,3,4.0,12.0
6446,2024-07-03,1,107,1,3.5,3.5
6447,2024-07-03,1,108,2,4.5,9.0
6448,2024-07-03,1,109,1,2.2,2.2
6449,2024-07-03,1,104,1,4.2,4.2
6450,2024-07-03,2,103,2,3.9,7.8
6451,2024-07-03,2,104,1,4.2,4.2
6452,2024-07-03,2,102,1,4.0,4.0
6453,2024-07-03,2,109,1,2.2,2.2
6454,2024-07-03,2,110,1,3.4,3.4
6455,2024-07-03,2,107,1,3.5,3.5
6456,2024-07-03,2,110,1,3.4,3.4
6457,2024-07-03,3,104,1,4.2,4.2
6458,2024-07-03,3,110,2,3.4,6.8
6459,2024-07-03,3,102,2,4.0,8.0
6460,2024-07-03,3,101,1,3.8,3.8
6461,2024-07-03,3,101,1,3.8,3.8
6462,2024-07-03,3,108,1,4.5,4.5
6463,2024-07-03,3,107,1,3.5,3.5
6464,2024-07-03,4,110,1,3.4,3.4
6465,2024-07-03,4,107,1,3.5,3.5
6466,2024-07-03,4,102,1,4.0,4.0
6467,2024-07-03,4,101,1,3.8,3.8
6468,2024-07-03,4,102,2,4.0,8.0
6469,2024-07-03,4,110,1,3.4,3.4
6470,2024-07-03,4,101,1,3.8,3.8
6471,2024-07-03,4,108,1,4.5,4.5
6472,2024-07-03,4,107,1,3.5,3.5
6473,2024-07-03,4,101,2,3.8,7.6
6474,2024-07-03,5,110,1,3.4,3.4
6475,2024-07-03,5,106,1,3.2,3.2
6476,2024-07-03,5,104,1,4.2,4.2
6477,2024-07-03,5,103,1,3.9,3.9
6478,2024-07-03,5,102,1,4.0,4.0
6479,2024-07-03,5,107,1,3.5,3.5
6480,2024-07-03,5,103,1,3.9,3.9
6481,2024-07-03,6,107,1,3.5,3.5
6482,2024-07-03,6,106,1,3.2,3.2
6483,2024-07-03,6,110,1,3.4,3.4
6484,2024-07-03,6,107,1,3.5,3.5
6485,2024-07-03,6,101,1,3.8,3.8
6486,2024-07-03,6,107,1,3.5,3.5
6487,2024-07-03,6,102,1,4.0,4.0
6488,2024-07-03,6,101,2,3.8,7.6
6489,2024-07-03,7,104,1,4.2,4.2
6490,2024-07-03,7,108,1,4.5,4.5
6491,2024-07-03,7,106,2,3.2,6.4
6492,2024-07-03,7,106,1,3.2,3.2
6493,2024-07-03,7,103,1,3.9,3.9
6494,2024-07-03,7,103,1,3.9,3.9
6495,2024-07-03,7,102,1,4.0,4.0
6496,2024-07-03,7,101,1,3.8,3.8
6497,2024-07-03,8,104,1,4.2,4.2
6498,2024-07-03,8,103,1,3.9,3.9
6499,2024-07-03,8,106,1,3.2,3.2
6500,2024-07-03,8,102,1,4.0,4.0
6501,2024-07-03,8,108,1,4.5,4.5
6502,2024-07-03,8,107,1,3.5,3.5
6503,2024-07-03,8,102,2,4.0,8.0
6504,2024-07-03,8,105,1,4.1,4.1
6505,2024-07-03,9,102,1,4.0,4.0
6506,2024-07-03,9,104,2,4.2,8.4
6507,2024-07-03,9,107,2,3.5,7.0
6508,2024-07-03,9,106,1,3.2,3.2
6509,2024-07-03,9,106,1,3.2,3.2
6510,2024-07-03,9,106,1,3.2,3.2
6511,2024-07-03,9,107,1,3.5,3.5
6512,2024-07-03,9,105,2,4.1,8.2
6513,2024-07-03,9,107,1,3.5,3.5
6514,2024-07-03,10,109,1,2.2,2.2
6515,2024-07-03,10,105,2,4.1,8.2
6516,2024-07-03,10,107,1,3.5,3.5
6517,2024-07-03,10,109,1,2.2,2.2
6518,2024-07-03,10,106,1,3.2,3.2
6519,2024-07-03,10,103,1,3.9,3.9
6520,2024-07-03,10,101,1,3.8,3.8
6521,2024-07-03,11,108,1,4.5,4.5
6522,2024-07-03,11,103,1,3.9,3.9
6523,2024-07-03,11,108,1,4.5,4.5
6524,2024-07-03,11,109,1,2.2,2.2
6525,2024-07-03,11,105,1,4.1,4.1
6526,2024-07-03,11,110,1,3.4,3.4
6527,2024-07-03,11,105,2,4.1,8.2
6528,2024-07-03,11,107,1,3.5,3.5
6529,2024-07-03,12,106,2,3.2,6.4
6530,2024-07-03,12,108,1,4.5,4.5
6531,2024-07-03,12,102,1,4.0,4.0
6532,2024-07-03,12,104,2,4.2,8.4
6533,2024-07-03,12,103,1,3.9,3.9
6534,2024-07-03,12,107,2,3.5,7.0
6535,2024-07-03,12,105,2,4.1,8.2
6536,2024-07-03,12,105,2,4.1,8.2
6537,2024-07-03,12,107,2,3.5,7.0
6538,2024-07-04,1,104,1,4.2,4.2
6539,2024-07-04,1,104,1,4.2,4.2
6540,2024-07-04,1,108,1,4.5,4.5
6541,2024-07-04,1,105,2,4.1,8.2
6542,2024-07-04,1,106,2,3.2,6.4
6543,2024-07-04,1,108,3,4.5,13.5
6544,2024-07-04,1,104,1,4.2,4.2
6545,2024-07-04,1,109,2,2.2,4.4
6546,2024-07-04,2,108,1,4.5,4.5
6547,2024-07-04,2,108,1,4.5,4.5
6548,2024-07-04,2,106,1,3.2,3.2
6549,2024-07-04,2,107,1,3.5,3.5
6550,2024-07-04,2,107,2,3.5,7.0
6551,2024-07-04,2,106,2,3.2,6.4
6552,2024-07-04,2,105,1,4.1,4.1
6553,2024-07-04,3,107,3,3.5,10.5
6554,2024-07-04,3,103,1,3.9,3.9
6555,2024-07-04,3,102,1,4.0,4.0
6556,2024-07-04,3,106,1,3.2,3.2
6557,2024-07-04,3,106,1,3.2,3.2
6558,2024-07-04,3,109,2,2.2,4.4
6559,2024-07-04,3,110,1,3.4,3.4
6560,2024-07-04,4,101,1,3.8,3.8
6561,2024-07-04,4,101,1,3.8,3.8
6562,2024-07-04,4,103,2,3.9,7.8
6563,2024-07-04,4,108,1,4.5,4.5
6564,2024-07-04,4,101,2,3.8,7.6
6565,2024-07-04,4,103,1,3.9,3.9
6566,2024-07-04,4,105,2,4.1,8.2
6567,2024-07-04,4,108,1,4.5,4.5
6568,2024-07-04,4,105,1,4.1,4.1
6569,2024-07-04,5,103,1,3.9,3.9
6570,2024-07-04,5,107,1,3.5,3.5
6571,2024-07-04,5,101,2,3.8,7.6
6572,2024-07-04,5,101,1,3.8,3.8
6573,2024-07-04,5,105,1,4.1,4.1
6574,2024-07-04,5,107,1,3.5,3.5
6575,2024-07-04,5,103,1,3.9,3.9
6576,2024-07-04,5,105,1,4.1,4.1
6577,2024-07-04,5,104,1,4.2,4.2
6578,2024-07-04,5,106,1,3.2,3.2
6579,2024-07-04,6,103,1,3.9,3.9
6580,2024-07-04,6,108,2,4.5,9.0
6581,2024-07-04,6,104,1,4.2,4.2
6582,2024-07-04,6,108,1,4.5,4.5
6583,2024-07-04,6,110,1,3.4,3.4
6584,2024-07-04,6,101,1,3.8,3.8
6585,2024-07-04,6,105,2,4.1,8.2
6586,2024-07-04,6,103,1,3.9,3.9
6587,2024-07-04,6,101,1,3.8,3.8
6588,2024-07-04,7,110,1,3.4,3.4
6589,2024-07-04,7,103,2,3.9,7.8
6590,2024-07-04,7,107,1,3.5,3.5
6591,2024-07-04,7,102,3,4.0,12.0
6592,2024-07-04,7,103,1,3.9,3.9
6593,2024-07-04,7,102,3,4.0,12.0
6594,2024-07-04,7,101,1,3.8,3.8
6595,2024-07-04,7,101,2,3.8,7.6
6596,2024-07-04,7,104,1,4.2,4.2
6597,2024-07-04,7,102,1,4.0,4.0
6598,2024-07-04,8,106,2,3.2,6.4
6599,2024-07-04,8,108,2,4.5,9.0
6600,2024-07-04,8,105,1,4.1,4.1
6601,2024-07-04,8,108,2,4.5,9.0
6602,2024-07-04,8,108,2,4.5,9.0
6603,2024-07-04,8,106,1,3.2,3.2
6604,2024-07-04,8,107,2,3.5,7.0
6605,2024-07-04,8,105,2,4.1,8.2
6606,2024-07-04,9,103,1,3.9,3.9
6607,2024-07-04,9,107,1,3.5,3.5
6608,2024-07-04,9,106,2,3.2,6.4
6609,2024-07-04,9,102,2,4.0,8.0
6610,2024-07-04,9,102,2,4.0,8.0
6611,2024-07-04,9,109,2,2.2,4.4
6612,2024-07-04,9,107,2,3.5,7.0
6613,2024-07-04,9,106,1,3.2,3.2
6614,2024-07-04,9,109,1,2.2,2.2
6615,2024-07-04,10,105,1,4.1,4.1
6616,2024-07-04,10,104,1,4.2,4.2
6617,2024-07-04,10,102,2,4.0,8.0
6618,2024-07-04,10,105,1,4.1,4.1
6619,2024-07-04,10,108,1,4.5,4.5
6620,2024-07-04,10,110,1,3.4,3.4
6621,2024-07-04,10,107,3,3.5,10.5
6622,2024-07-04,10,101,1,3.8,3.8
6623,2024-07-04,11,101,3,3.8,11.4
6624,2024-07-04,11,109,1,2.2,2.2
6625,2024-07-04,11,101,2,3.8,7.6
6626,2024-07-04,11,108,1,4.5,4.5
6627,2024-07-04,11,104,1,4.2,4.2
6628,2024-07-04,11,106,1,3.2,3.2
6629,2024-07-04,11,107,1,3.5,3.5
6630,2024-07-04,11,107,1,3.5,3.5
6631,2024-07-04,11,102,1,4.0,4.0
6632,2024-07-04,12,108,1,4.5,4.5
6633,2024-07-04,12,108,1,4.5,4.5
6634,2024-07-04,12,103,2,3.9,7.8
6635,2024-07-04,12,102,1,4.0,4.0
6636,2024-07-04,12,105,1,4.1,4.1
6637,2024-07-04,12,105,2,4.1,8.2
6638,2024-07-04,12,106,1,3.2,3.2
6639,2024-07-04,12,105,2,4.1,8.2
6640,2024-07-05,1,101,1,3.8,3.8
6641,2024-07-05,1,108,1,4.5,4.5
6642,2024-07-05,1,101,1,3.8,3.8
6643,2024-07-05,1,106,1,3.2,3.2
6644,2024-07-05,1,103,1,3.9,3.9
6645,2024-07-05,1,106,1,3.2,3.2
6646,2024-07-05,1,103,1,3.9,3.9
6647,2024-07-05,1,106,1,3.2,3.2
6648,2024-07-05,2,106,1,3.2,3.2
6649,2024-07-05,2,106,1,3.2,3.2
6650,2024-07-05,2,108,1,4.5,4.5
6651,2024-07-05,2,106,1,3.2,3.2
6652,2024-07-05,2,104,1,4.2,4.2
6653,2024-07-05,2,105,1,4.1,4.1
6654,2024-07-05,2,101,1,3.8,3.8
6655,2024-07-05,2,109,1,2.2,2.2
6656,2024-07-05,3,102,1,4.0,4.0
6657,2024-07-05,3,106,1,3.2,3.2
6658,2024-07-05,3,101,1,3.8,3.8
6659,2024-07-05,3,105,1,4.1,4.1
6660,2024-07-05,3,107,2,3.5,7.0
6661,2024-07-05,3,107,1,3.5,3.5
6662,2024-07-05,3,102,1,4.0,4.0
6663,2024-07-05,3,110,1,3.4,3.4
6664,2024-07-05,3,107,1,3.5,3.5
6665,2024-07-05,3,101,1,3.8,3.8
6666,2024-07-05,4,105,1,4.1,4.1
6667,2024-07-05,4,101,2,3.8,7.6
6668,2024-07-05,4,107,2,3.5,7.0
6669,2024-07-05,4,109,1,2.2,2.2
6670,2024-07-05,4,103,1,3.9,3.9
6671,2024-07-05,4,101,1,3.8,3.8
6672,2024-07-05,4,106,1,3.2,3.2
6673,2024-07-05,5,107,1,3.5,3.5
6674,2024-07-05,5,105,2,4.1,8.2
6675,2024-07-05,5,104,1,4.2,4.2
6676,2024-07-05,5,103,1,3.9,3.9
6677,2024-07-05,5,101,2,3.8,7.6
6678,2024-07-05,5,104,1,4.2,4.2
6679,2024-07-05,5,107,1,3.5,3.5
6680,2024-07-05,6,109,1,2.2,2.2
6681,2024-07-05,6,103,1,3.9,3.9
6682,2024-07-05,6,104,1,4.2,4.2
6683,2024-07-05,6,101,1,3.8,3.8
6684,2024-07-05,6,103,1,3.9,3.9
6685,2024-07-05,6,106,2,3.2,6.4
6686,2024-07-05,6,105,3,4.1,12.3
6687,2024-07-05,7,108,2,4.5,9.0
6688,2024-07-05,7,103,1,3.9,3.9
6689,2024-07-05,7,108,1,4.5,4.5
6690,2024-07-05,7,102,1,4.0,4.0
6691,2024-07-05,7,101,1,3.8,3.8
6692,2024-07-05,7,102,1,4.0,4.0
6693,2024-07-05,7,104,1,4.2,4.2
6694,2024-07-05,7,106,3,3.2,9.6
6695,2024-07-05,7,101,1,3.8,3.8
6696,2024-07-05,8,102,1,4.0,4.0
6697,2024-07-05,8,104,1,4.2,4.2
6698,2024-07-05,8,109,2,2.2,4.4
6699,2024-07-05,8,106,1,3.2,3.2
6700,2024-07-05,8,102,1,4.0,4.0
6701,2024-07-05,8,109,1,2.2,2.2
6702,2024-07-05,8,103,3,3.9,11.7
6703,2024-07-05,8,105,1,4.1,4.1
6704,2024-07-05,9,106,1,3.2,3.2
6705,2024-07-05,9,109,1,2.2,2.2
6706,2024-07-05,9,104,2,4.2,8.4
6707,2024-07-05,9,105,1,4.1,4.1
6708,2024-07-05,9,101,1,3.8,3.8
6709,2024-07-05,9,103,1,3.9,3.9
6710,2024-07-05,9,102,1,4.0,4.0
6711,2024-07-05,9,110,1,3.4,3.4
6712,2024-07-05,10,106,1,3.2,3.2
6713,2024-07-05,10,108,3,4.5,13.5
6714,2024-07-05,10,101,1,3.8,3.8
6715,2024-07-05,10,103,3,3.9,11.7
6716,2024-07-05,10,107,1,3.5,3.5
6717,2024-07-05,10,106,2,3.2,6.4
6718,2024-07-05,10,102,1,4.0,4.0
6719,2024-07-05,11,108,1,4.5,4.5
6720,2024-07-05,11,110,1,3.4,3.4
6721,2024-07-05,11,107,1,3.5,3.5
6722,2024-07-05,11,107,1,3.5,3.5
6723,2024-07-05,11,109,2,2.2,4.4
6724,2024-07-05,11,108,1,4.5,4.5
6725,2024-07-05,11,110,1,3.4,3.4
6726,2024-07-05,11,103,2,3.9,7.8
6727,2024-07-05,11,110,1,3.4,3.4
6728,2024-07-05,11,101,2,3.8,7.6
6729,2024-07-05,12,109,2,2.2,4.4
6730,2024-07-05,12,104,1,4.2,4.2
6731,2024-07-05,12,108,1,4.5,4.5
6732,2024-07-05,12,107,1,3.5,3.5
6733,2024-07-05,12,107,1,3.5,3.5
6734,2024-07-05,12,103,1,3.9,3.9
6735,2024-07-05,12,106,1,3.2,3.2
6736,2024-07-05,12,101,1,3.8,3.8
6737,2024-07-06,1,102,1,4.0,4.0
6738,2024-07-06,1,108,1,4.5,4.5
6739,2024-07-06,1,108,1,4.5,4.5
6740,2024-07-06,1,105,1,4.1,4.1
6741,2024-07-06,1,101,1,3.8,3.8
6742,2024-07-06,1,103,1,3.9,3.9
6743,2024-07-06,1,108,2,4.5,9.0
6744,2024-07-06,1,109,2,2.2,4.4
6745,2024-07-06,1,108,1,4.5,4.5
6746,2024-07-06,1,110,3,3.4,10.2
6747,2024-07-06,2,110,1,3.4,3.4
6748,2024-07-06,2,104,1,4.2,4.2
6749,2024-07-06,2,106,1,3.2,3.2
6750,2024-07-06,2,107,1,3.5,3.5
6751,2024-07-06,2,102,1,4.0,4.0
6752,2024-07-06,2,110,3,3.4,10.2
6753,2024-07-06,2,102,1,4.0,4.0
6754,2024-07-06,2,108,3,4.5,13.5
6755,2024-07-06,3,101,1,3.8,3.8
6756,2024-07-06,3,109,2,2.2,4.4
6757,2024-07-06,3,110,1,3.4,3.4
6758,2024-07-06,3,102,1,4.0,4.0
6759,2024-07-06,3,102,1,4.0,4.0
6760,2024-07-06,3,102,1,4.0,4.0
6761,2024-07-06,3,101,1,3.8,3.8
6762,2024-07-06,3,101,1,3.8,3.8
6763,2024-07-06,3,103,2,3.9,7.8
6764,2024-07-06,4,101,1,3.8,3.8
6765,2024-07-06,4,110,1,3.4,3.4
6766,2024-07-06,4,101,1,3.8,3.8
6767,2024-07-06,4,103,1,3.9,3.9
6768,2024-07-06,4,103,1,3.9,3.9
6769,2024-07-06,4,106,3,3.2,9.6
6770,2024-07-06,4,108,2,4.5,9.0
6771,2024-07-06,4,107,1,3.5,3.5
6772,2024-07-06,5,110,1,3.4,3.4
6773,2024-07-06,5,107,1,3.5,3.5
6774,2024-07-06,5,103,1,3.9,3.9
6775,2024-07-06,5,106,1,3.2,3.2
6776,2024-07-06,5,101,1,3.8,3.8
6777,2024-07-06,5,104,3,4.2,12.6
6778,2024-07-06,5,101,1,3.8,3.8
6779,2024-07-06,6,107,1,3.5,3.5
6780,2024-07-06,6,109,1,2.2,2.2
6781,2024-07-06,6,101,1,3.8,3.8
6782,2024-07-06,6,102,1,4.0,4.0
6783,2024-07-06,6,102,3,4.0,12.0
6784,2024-07-06,6,105,1,4.1,4.1
6785,2024-07-06,6,105,2,4.1,8.2
6786,2024-07-06,6,106,2,3.2,6.4
6787,2024-07-06,6,101,3,3.8,11.4
6788,2024-07-06,7,107,2,3.5,7.0
6789,2024-07-06,7,105,2,4.1,8.2
6790,2024-07-06,7,102,2,4.0,8.0
6791,2024-07-06,7,108,1,4.5,4.5
6792,2024-07-06,7,101,1,3.8,3.8
6793,2024-07-06,7,109,2,2.2,4.4
6794,2024-07-06,7,103,1,3.9,3.9
6795,2024-07-06,7,101,1,3.8,3.8
6796,2024-07-06,7,102,2,4.0,8.0
6797,2024-07-06,7,102,1,4.0,4.0
6798,2024-07-06,8,104,1,4.2,4.2
6799,2024-07-06,8,103,1,3.9,3.9
6800,2024-07-06,8,103,2,3.9,7.8
6801,2024-07-06,8,102,1,4.0,4.0
6802,2024-07-06,8,102,1,4.0,4.0
6803,2024-07-06,8,102,1,4.0,4.0
6804,2024-07-06,8,101,1,3.8,3.8
6805,2024-07-06,8,107,2,3.5,7.0
6806,2024-07-06,8,104,1,4.2,4.2
6807,2024-07-06,8,104,2,4.2,8.4
6808,2024-07-06,9,101,1,3.8,3.8
6809,2024-07-06,9,107,1,3.5,3.5
6810,2024-07-06,9,106,1,3.2,3.2
6811,2024-07-06,9,105,1,4.1,4.1
6812,2024-07-06,9,104,3,4.2,12.6
6813,2024-07-06,9,104,1,4.2,4.2
6814,2024-07-06,9,101,3,3.8,11.4
6815,2024-07-06,9,101,2,3.8,7.6
6816,2024-07-06,9,104,1,4.2,4.2
6817,2024-07-06,9,103,1,3.9,3.9
6818,2024-07-06,10,102,1,4.0,4.0
6819,2024-07-06,10,108,1,4.5,4.5
6820,2024-07-06,10,106,1,3.2,3.2
6821,2024-07-06,10,103,1,3.9,3.9
6822,2024-07-06,10,104,3,4.2,12.6
6823,2024-07-06,10,101,3,3.8,11.4
6824,2024-07-06,10,103,1,3.9,3.9
6825,2024-07-06,11,102,1,4.0,4.0
6826,2024-07-06,11,102,2,4.0,8.0
6827,2024-07-06,11,104,1,4.2,4.2
6828,2024-07-06,11,107,1,3.5,3.5
6829,2024-07-06,11,107,2,3.5,7.0
6830,2024-07-06,11,106,2,3.2,6.4
6831,2024-07-06,11,103,2,3.9,7.8
6832,2024-07-06,12,107,1,3.5,3.5
6833,2024-07-06,12,106,1,3.2,3.2
6834,2024-07-06,12,103,1,3.9,3.9
6835,2024-07-06,12,108,1,4.5,4.5
6836,2024-07-06,12,105,2,4.1,8.2
6837,2024-07-06,12,106,1,3.2,3.2
6838,2024-07-06,12,104,1,4.2,4.2
6839,2024-07-06,12,101,1,3.8,3.8
6840,2024-07-07,1,108,2,4.5,9.0
6841,2024-07-07,1,104,1,4.2,4.2
6842,2024-07-07,1,108,2,4.5,9.0
6843,2024-07-07,1,107,1,3.5,3.5
6844,2024-07-07,1,105,1,4.1,4.1
6845,2024-07-07,1,106,2,3.2,6.4
6846,2024-07-07,1,104,1,4.2,4.2
6847,2024-07-07,1,103,2,3.9,7.8
6848,2024-07-07,2,102,2,4.0,8.0
6849,2024-07-07,2,105,1,4.1,4.1
6850,2024-07-07,2,102,2,4.0,8.0
6851,2024-07-07,2,106,2,3.2,6.4
6852,2024-07-07,2,102,1,4.0,4.0
6853,2024-07-07,2,108,1,4.5,4.5
6854,2024-07-07,2,107,2,3.5,7.0
6855,2024-07-07,2,104,1,4.2,4.2
6856,2024-07-07,2,102,1,4.0,4.0
6857,2024-07-07,2,106,2,3.2,6.4
6858,2024-07-07,3,101,1,3.8,3.8
6859,2024-07-07,3,102,1,4.0,4.0
6860,2024-07-07,3,108,1,4.5,4.5
6861,2024-07-07,3,105,1,4.1,4.1
6862,2024-07-07,3,102,1,4.0,4.0
6863,2024-07-07,3,105,1,4.1,4.1
6864,2024-07-07,3,103,2,3.9,7.8
6865,2024-07-07,3,110,1,3.4,3.4
6866,2024-07-07,4,101,1,3.8,3.8
6867,2024-07-07,4,107,2,3.5,7.0
6868,2024-07-07,4,104,1,4.2,4.2
6869,2024-07-07,4,101,1,3.8,3.8
6870,2024-07-07,4,110,2,3.4,6.8
6871,2024-07-07,4,101,1,3.8,3.8
6872,2024-07-07,4,108,1,4.5,4.5
6873,2024-07-07,4,101,1,3.8,3.8
6874,2024-07-07,5,104,1,4.2,4.2
6875,2024-07-07,5,101,1,3.8,3.8
6876,2024-07-07,5,106,2,3.2,6.4
6877,2024-07-07,5,101,1,3.8,3.8
6878,2024-07-07,5,101,1,3.8,3.8
6879,2024-07-07,5,108,1,4.5,4.5
6880,2024-07-07,5,105,1,4.1,4.1
6881,2024-07-07,5,106,1,3.2,3.2
6882,2024-07-07,5,110,1,3.4,3.4
6883,2024-07-07,6,102,1,4.0,4.0
6884,2024-07-07,6,102,2,4.0,8.0
6885,2024-07-07,6,104,1,4.2,4.2
6886,2024-07-07,6,108,2,4.5,9.0
6887,2024-07-07,6,106,1,3.2,3.2
6888,2024-07-07,6,102,1,4.0,4.0
6889,2024-07-07,6,106,1,3.2,3.2
6890,2024-07-07,7,110,1,3.4,3.4
6891,2024-07-07,7,101,1,3.8,3.8
6892,2024-07-07,7,107,1,3.5,3.5
6893,2024-07-07,7,102,1,4.0,4.0
6894,2024-07-07,7,108,1,4.5,4.5
6895,2024-07-07,7,108,1,4.5,4.5
6896,2024-07-07,7,102,1,4.0,4.0
6897,2024-07-07,8,107,2,3.5,7.0
6898,2024-07-07,8,107,2,3.5,7.0
6899,2024-07-07,8,105,1,4.1,4.1
6900,2024-07-07,8,101,1,3.8,3.8
6901,2024-07-07,8,101,1,3.8,3.8
6902,2024-07-07,8,104,1,4.2,4.2
6903,2024-07-07,8,108,1,4.5,4.5
6904,2024-07-07,8,109,1,2.2,2.2
6905,2024-07-07,8,106,1,3.2,3.2
6906,2024-07-07,9,101,1,3.8,3.8
6907,2024-07-07,9,107,1,3.5,3.5
6908,2024-07-07,9,102,1,4.0,4.0
6909,2024-07-07,9,102,1,4.0,4.0
6910,2024-07-07,9,104,1,4.2,4.2
6911,2024-07-07,9,102,1,4.0,4.0
6912,2024-07-07,9,104,2,4.2,8.4
6913,2024-07-07,9,103,2,3.9,7.8
6914,2024-07-07,9,110,1,3.4,3.4
6915,2024-07-07,10,102,1,4.0,4.0
6916,2024-07-07,10,104,1,4.2,4.2
6917,2024-07-07,10,109,2,2.2,4.4
6918,2024-07-07,10,103,3,3.9,11.7
6919,2024-07-07,10,105,1,4.1,4.1
6920,2024-07-07,10,104,1,4.2,4.2
6921,2024-07-07,10,105,1,4.1,4.1
6922,2024-07-07,10,104,2,4.2,8.4
6923,2024-07-07,10,105,1,4.1,4.1
6924,2024-07-07,11,103,1,3.9,3.9
6925,2024-07-07,11,104,1,4.2,4.2
6926,2024-07-07,11,101,1,3.8,3.8
6927,2024-07-07,11,109,1,2.2,2.2
6928,2024-07-07,11,108,1,4.5,4.5
6929,2024-07-07,11,110,1,3.4,3.4
6930,2024-07-07,11,101,1,3.8,3.8
6931,2024-07-07,11,108,1,4.5,4.5
6932,2024-07-07,12,102,1,4.0,4.0
6933,2024-07-07,12,107,1,3.5,3.5
6934,2024-07-07,12,101,1,3.8,3.8
6935,2024-07-07,12,103,2,3.9,7.8
6936,2024-07-07,12,103,1,3.9,3.9
6937,2024-07-07,12,107,1,3.5,3.5
6938,2024-07-07,12,104,1,4.2,4.2
6939,2024-07-07,12,101,1,3.8,3.8
6940,2024-07-07,12,103,1,3.9,3.9
6941,2024-07-07,12,101,2,3.8,7.6
6942,2024-07-08,1,107,1,3.5,3.5
6943,2024-07-08,1,102,1,4.0,4.0
6944,2024-07-08,1,102,1,4.0,4.0
6945,2024-07-08,1,107,1,3.5,3.5
6946,2024-07-08,1,103,1,3.9,3.9
6947,2024-07-08,1,106,1,3.2,3.2
6948,2024-07-08,1,110,3,3.4,10.2
6949,2024-07-08,1,103,2,3.9,7.8
6950,2024-07-08,1,101,2,3.8,7.6
6951,2024-07-08,2,109,1,2.2,2.2
6952,2024-07-08,2,110,1,3.4,3.4
6953,2024-07-08,2,105,2,4.1,8.2
6954,2024-07-08,2,103,1,3.9,3.9
6955,2024-07-08,2,102,2,4.0,8.0
6956,2024-07-08,2,106,2,3.2,6.4
6957,2024-07-08,2,101,1,3.8,3.8
6958,2024-07-08,2,107,1,3.5,3.5
6959,2024-07-08,2,110,1,3.4,3.4
6960,2024-07-08,2,102,2,4.0,8.0
6961,2024-07-08,3,102,1,4.0,4.0
6962,2024-07-08,3,101,2,3.8,7.6
6963,2024-07-08,3,105,2,4.1,8.2
6964,2024-07-08,3,104,2,4.2,8.4
6965,2024-07-08,3,101,3,3.8,11.4
6966,2024-07-08,3,102,2,4.0,8.0
6967,2024-07-08,3,101,1,3.8,3.8
6968,2024-07-08,3,103,1,3.9,3.9
6969,2024-07-08,4,103,1,3.9,3.9
6970,2024-07-08,4,106,1,3.2,3.2
6971,2024-07-08,4,102,1,4.0,4.0
6972,2024-07-08,4,106,2,3.2,6.4
6973,2024-07-08,4,102,1,4.0,4.0
6974,2024-07-08,4,107,3,3.5,10.5
6975,2024-07-08,4,107,1,3.5,3.5
6976,2024-07-08,4,108,1,4.5,4.5
6977,2024-07-08,4,105,2,4.1,8.2
6978,2024-07-08,5,108,1,4.5,4.5
6979,2024-07-08,5,104,1,4.2,4.2
6980,2024-07-08,5,103,1,3.9,3.9
6981,2024-07-08,5,105,1,4.1,4.1
6982,2024-07-08,5,105,1,4.1,4.1
6983,2024-07-08,5,103,1,3.9,3.9
6984,2024-07-08,5,105,2,4.1,8.2
6985,2024-07-08,5,101,1,3.8,3.8
6986,2024-07-08,5,106,1,3.2,3.2
6987,2024-07-08,5,106,1,3.2,3.2
6988,2024-07-08,6,101,2,3.8,7.6
6989,2024-07-08,6,107,2,3.5,7.0
6990,2024-07-08,6,101,1,3.8,3.8
6991,2024-07-08,6,104,1,4.2,4.2
6992,2024-07-08,6,101,1,3.8,3.8
6993,2024-07-08,6,101,1,3.8,3.8
6994,2024-07-08,6,109,1,2.2,2.2
6995,2024-07-08,6,102,2,4.0,8.0
6996,2024-07-08,7,101,1,3.8,3.8
6997,2024-07-08,7,106,3,3.2,9.6
6998,2024-07-08,7,103,1,3.9,3.9
6999,2024-07-08,7,102,1,4.0,4.0
7000,2024-07-08,7,108,1,4.5,4.5
7001,2024-07-08,7,108,1,4.5,4.5
7002,2024-07-08,7,106,2,3.2,6.4
7003,2024-07-08,7,101,1,3.8,3.8
7004,2024-07-08,7,102,1,4.0,4.0
7005,2024-07-08,8,103,1,3.9,3.9
7006,2024-07-08,8,109,1,2.2,2.2
7007,2024-07-08,8,107,2,3.5,7.0
7008,2024-07-08,8,103,1,3.9,3.9
7009,2024-07-08,8,108,1,4.5,4.5
7010,2024-07-08,8,109,3,2.2,6.6
7011,2024-07-08,8,101,3,3.8,11.4
7012,2024-07-08,9,102,1,4.0,4.0
7013,2024-07-08,9,107,1,3.5,3.5
7014,2024-07-08,9,110,1,3.4,3.4
7015,2024-07-08,9,107,1,3.5,3.5
7016,2024-07-08,9,107,1,3.5,3.5
7017,2024-07-08,9,109,1,2.2,2.2
7018,2024-07-08,9,102,1,4.0,4.0
7019,2024-07-08,9,102,1,4.0,4.0
7020,2024-07-08,9,106,2,3.2,6.4
7021,2024-07-08,9,107,1,3.5,3.5
7022,2024-07-08,10,108,1,4.5,4.5
7023,2024-07-08,10,105,1,4.1,4.1
7024,2024-07-08,10,109,2,2.2,4.4
7025,2024-07-08,10,105,2,4.1,8.2
7026,2024-07-08,10,101,1,3.8,3.8
7027,2024-07-08,10,103,2,3.9,7.8
7028,2024-07-08,10,110,2,3.4,6.8
7029,2024-07-08,10,101,1,3.8,3.8
7030,2024-07-08,11,103,1,3.9,3.9
7031,2024-07-08,11,101,1,3.8,3.8
7032,2024-07-08,11,103,2,3.9,7.8
7033,2024-07-08,11,103,1,3.9,3.9
7034,2024-07-08,11,101,1,3.8,3.8
7035,2024-07-08,11,105,1,4.1,4.1
7036,2024-07-08,11,103,3,3.9,11.7
7037,2024-07-08,12,107,2,3.5,7.0
7038,2024-07-08,12,101,1,3.8,3.8
7039,2024-07-08,12,102,1,4.0,4.0
7040,2024-07-08,12,108,2,4.5,9.0
7041,2024-07-08,12,108,1,4.5,4.5
7042,2024-07-08,12,109,1,2.2,2.2
7043,2024-07-08,12,105,1,4.1,4.1
7044,2024-07-08,12,105,2,4.1,8.2
7045,2024-07-08,12,101,2,3.8,7.6
7046,2024-07-09,1,108,1,4.5,4.5
7047,2024-07-09,1,103,2,3.9,7.8
7048,2024-07-09,1,102,1,4.0,4.0
7049,2024-07-09,1,107,1,3.5,3.5
7050,2024-07-09,1,107,1,3.5,3.5
7051,2024-07-09,1,107,1,3.5,3.5
7052,2024-07-09,1,104,3,4.2,12.6
7053,2024-07-09,1,102,1,4.0,4.0
7054,2024-07-09,2,101,1,3.8,3.8
7055,2024-07-09,2,105,1,4.1,4.1
7056,2024-07-09,2,106,1,3.2,3.2
7057,2024-07-09,2,110,1,3.4,3.4
7058,2024-07-09,2,103,1,3.9,3.9
7059,2024-07-09,2,106,1,3.2,3.2
7060,2024-07-09,2,104,1,4.2,4.2
7061,2024-07-09,2,105,1,4.1,4.1
7062,2024-07-09,2,107,1,3.5,3.5
7063,2024-07-09,2,106,1,3.2,3.2
7064,2024-07-09,3,108,1,4.5,4.5
7065,2024-07-09,3,106,2,3.2,6.4
7066,2024-07-09,3,102,1,4.0,4.0
7067,2024-07-09,3,106,1,3.2,3.2
7068,2024-07-09,3,108,1,4.5,4.5
7069,2024-07-09,3,104,2,4.2,8.4
7070,2024-07-09,3,104,1,4.2,4.2
7071,2024-07-09,3,102,2,4.0,8.0
7072,2024-07-09,3,103,1,3.9,3.9
7073,2024-07-09,4,102,2,4.0,8.0
7074,2024-07-09,4,106,1,3.2,3.2
7075,2024-07-09,4,106,1,3.2,3.2
7076,2024-07-09,4,101,1,3.8,3.8
7077,2024-07-09,4,108,1,4.5,4.5
7078,2024-07-09,4,102,2,4.0,8.0
7079,2024-07-09,4,103,1,3.9,3.9
7080,2024-07-09,4,108,1,4.5,4.5
7081,2024-07-09,5,109,1,2.2,2.2
7082,2024-07-09,5,107,1,3.5,3.5
7083,2024-07-09,5,105,2,4.1,8.2
7084,2024-07-09,5,102,2,4.0,8.0
7085,2024-07-09,5,104,1,4.2,4.2
7086,2024-07-09,5,107,1,3.5,3.5
7087,2024-07-09,5,106,1,3.2,3.2
7088,2024-07-09,6,101,1,3.8,3.8
7089,2024-07-09,6,104,2,4.2,8.4
7090,2024-07-09,6,106,3,3.2,9.6
7091,2024-07-09,6,107,1,3.5,3.5
7092,2024-07-09,6,108,1,4.5,4.5
7093,2024-07-09,6,107,1,3.5,3.5
7094,2024-07-09,6,109,1,2.2,2.2
7095,2024-07-09,6,102,1,4.0,4.0
7096,2024-07-09,7,105,1,4.1,4.1
7097,2024-07-09,7,108,1,4.5,4.5
7098,2024-07-09,7,109,1,2.2,2.2
7099,2024-07-09,7,107,1,3.5,3.5
7100,2024-07-09,7,101,2,3.8,7.6
7101,2024-07-09,7,106,1,3.2,3.2
7102,2024-07-09,7,106,1,3.2,3.2
7103,2024-07-09,7,104,2,4.2,8.4
7104,2024-07-09,8,108,1,4.5,4.5
7105,2024-07-09,8,101,1,3.8,3.8
7106,2024-07-09,8,103,1,3.9,3.9
7107,2024-07-09,8,102,1,4.0,4.0
7108,2024-07-09,8,104,1,4.2,4.2
7109,2024-07-09,8,105,2,4.1,8.2
7110,2024-07-09,8,105,1,4.1,4.1
7111,2024-07-09,8,104,1,4.2,4.2
7112,2024-07-09,8,108,1,4.5,4.5
7113,2024-07-09,8,101,1,3.8,3.8
7114,2024-07-09,9,102,1,4.0,4.0
7115,2024-07-09,9,105,1,4.1,4.1
7116,2024-07-09,9,101,1,3.8,3.8
7117,2024-07-09,9,102,1,4.0,4.0
7118,2024-07-09,9,103,2,3.9,7.8
7119,2024-07-09,9,102,1,4.0,4.0
7120,2024-07-09,9,103,1,3.9,3.9
7121,2024-07-09,10,106,1,3.2,3.2
7122,2024-07-09,10,103,1,3.9,3.9
7123,2024-07-09,10,103,1,3.9,3.9
7124,2024-07-09,10,107,1,3.5,3.5
7125,2024-07-09,10,105,1,4.1,4.1
7126,2024-07-09,10,105,1,4.1,4.1
7127,2024-07-09,10,102,2,4.0,8.0
7128,2024-07-09,11,107,2,3.5,7.0
7129,2024-07-09,11,106,1,3.2,3.2
7130,2024-07-09,11,104,1,4.2,4.2
7131,2024-07-09,11,109,1,2.2,2.2
7132,2024-07-09,11,103,1,3.9,3.9
7133,2024-07-09,11,104,2,4.2,8.4
7134,2024-07-09,11,102,2,4.0,8.0
7135,2024-07-09,11,101,1,3.8,3.8
7136,2024-07-09,11,105,1,4.1,4.1
7137,2024-07-09,12,108,1,4.5,4.5
7138,2024-07-09,12,101,1,3.8,3.8
7139,2024-07-09,12,107,1,3.5,3.5
7140,2024-07-09,12,106,1,3.2,3.2
7141,2024-07-09,12,105,1,4.1,4.1
7142,2024-07-09,12,101,1,3.8,3.8
7143,2024-07-09,12,108,1,4.5,4.5
7144,2024-07-09,12,107,1,3.5,3.5
7145,2024-07-09,12,106,1,3.2,3.2
7146,2024-07-09,12,103,1,3.9,3.9
7147,2024-07-10,1,107,2,3.5,7.0
7148,2024-07-10,1,106,1,3.2,3.2
7149,2024-07-10,1,107,1,3.5,3.5
7150,2024-07-10,1,105,1,4.1,4.1
7151,2024-07-10,1,108,1,4.5,4.5
7152,2024-07-10,1,107,1,3.5,3.5
7153,2024-07-10,1,102,1,4.0,4.0
7154,2024-07-10,1,106,1,3.2,3.2
7155,2024-07-10,1,108,2,4.5,9.0
7156,2024-07-10,1,109,1,2.2,2.2
7157,2024-07-10,2,108,1,4.5,4.5
7158,2024-07-10,2,103,1,3.9,3.9
7159,2024-07-10,2,106,2,3.2,6.4
7160,2024-07-10,2,106,1,3.2,3.2
7161,2024-07-10,2,107,2,3.5,7.0
7162,2024-07-10,2,108,2,4.5,9.0
7163,2024-07-10,2,107,1,3.5,3.5
7164,2024-07-10,2,104,2,4.2,8.4
7165,2024-07-10,2,107,2,3.5,7.0
7166,2024-07-10,3,104,2,4.2,8.4
7167,2024-07-10,3,104,1,4.2,4.2
7168,2024-07-10,3,108,2,4.5,9.0
7169,2024-07-10,3,104,1,4.2,4.2
7170,2024-07-10,3,101,2,3.8,7.6
7171,2024-07-10,3,101,1,3.8,3.8
7172,2024-07-10,3,109,1,2.2,2.2
7173,2024-07-10,4,106,1,3.2,3.2
7174,2024-07-10,4,101,1,3.8,3.8
7175,2024-07-10,4,108,1,4.5,4.5
7176,2024-07-10,4,106,1,3.2,3.2
7177,2024-07-10,4,102,1,4.0,4.0
7178,2024-07-10,4,109,1,2.2,2.2
7179,2024-07-10,4,105,1,4.1,4.1
7180,2024-07-10,4,109,1,2.2,2.2
7181,2024-07-10,4,103,1,3.9,3.9
7182,2024-07-10,5,104,3,4.2,12.6
7183,2024-07-10,5,103,2,3.9,7.8
7184,2024-07-10,5,107,1,3.5,3.5
7185,2024-07-10,5,101,1,3.8,3.8
7186,2024-07-10,5,108,1,4.5,4.5
7187,2024-07-10,5,107,1,3.5,3.5
7188,2024-07-10,5,102,1,4.0,4.0
7189,2024-07-10,6,105,3,4.1,12.3
7190,2024-07-10,6,101,1,3.8,3.8
7191,2024-07-10,6,103,1,3.9,3.9
7192,2024-07-10,6,106,1,3.2,3.2
7193,2024-07-10,6,107,2,3.5,7.0
7194,2024-07-10,6,108,1,4.5,4.5
7195,2024-07-10,6,109,1,2.2,2.2
7196,2024-07-10,7,109,1,2.2,2.2
7197,2024-07-10,7,103,3,3.9,11.7
7198,2024-07-10,7,105,1,4.1,4.1
7199,2024-07-10,7,106,1,3.2,3.2
7200,2024-07-10,7,106,1,3.2,3.2
7201,2024-07-10,7,106,1,3.2,3.2
7202,2024-07-10,7,104,1,4.2,4.2
7203,2024-07-10,7,104,1,4.2,4.2
7204,2024-07-10,8,108,1,4.5,4.5
7205,2024-07-10,8,109,1,2.2,2.2
7206,2024-07-10,8,105,3,4.1,12.3
7207,2024-07-10,8,103,1,3.9,3.9
7208,2024-07-10,8,101,1,3.8,3.8
7209,2024-07-10,8,103,1,3.9,3.9
7210,2024-07-10,8,107,2,3.5,7.0
7211,2024-07-10,8,102,1,4.0,4.0
7212,2024-07-10,8,103,1,3.9,3.9
7213,2024-07-10,9,106,1,3.2,3.2
7214,2024-07-10,9,104,3,4.2,12.6
7215,2024-07-10,9,105,1,4.1,4.1
7216,2024-07-10,9,103,1,3.9,3.9
7217,2024-07-10,9,108,1,4.5,4.5
7218,2024-07-10,9,110,2,3.4,6.8
7219,2024-07-10,9,101,1,3.8,3.8
7220,2024-07-10,9,103,2,3.9,7.8
7221,2024-07-10,10,103,2,3.9,7.8
7222,2024-07-10,10,103,1,3.9,3.9
7223,2024-07-10,10,101,3,3.8,11.4
7224,2024-07-10,10,104,1,4.2,4.2
7225,2024-07-10,10,107,1,3.5,3.5
7226,2024-07-10,10,104,1,4.2,4.2
7227,2024-07-10,10,105,1,4.1,4.1
7228,2024-07-10,10,110,1,3.4,3.4
7229,2024-07-10,11,103,1,3.9,3.9
7230,2024-07-10,11,104,1,4.2,4.2
7231,2024-07-10,11,104,1,4.2,4.2
7232,2024-07-10,11,107,2,3.5,7.0
7233,2024-07-10,11,101,3,3.8,11.4
7234,2024-07-10,11,108,1,4.5,4.5
7235,2024-07-10,11,108,1,4.5,4.5
7236,2024-07-10,11,103,1,3.9,3.9
7237,2024-07-10,11,109,1,2.2,2.2
7238,2024-07-10,12,110,1,3.4,3.4
7239,2024-07-10,12,109,1,2.2,2.2
7240,2024-07-10,12,102,2,4.0,8.0
7241,2024-07-10,12,108,3,4.5,13.5
7242,2024-07-10,12,104,1,4.2,4.2
7243,2024-07-10,12,108,2,4.5,9.0
7244,2024-07-10,12,109,1,2.2,2.2
7245,2024-07-10,12,102,1,4.0,4.0
7246,2024-07-10,12,104,1,4.2,4.2
7247,2024-07-11,1,106,1,3.2,3.2
7248,2024-07-11,1,104,3,4.2,12.6
7249,2024-07-11,1,110,1,3.4,3.4
7250,2024-07-11,1,107,1,3.5,3.5
7251,2024-07-11,1,108,1,4.5,4.5
7252,2024-07-11,1,103,1,3.9,3.9
7253,2024-07-11,1,109,1,2.2,2.2
7254,2024-07-11,1,108,1,4.5,4.5
7255,2024-07-11,1,110,1,3.4,3.4
7256,2024-07-11,1,104,1,4.2,4.2
7257,2024-07-11,2,101,1,3.8,3.8
7258,2024-07-11,2,104,1,4.2,4.2
7259,2024-07-11,2,107,2,3.5,7.0
7260,2024-07-11,2,106,1,3.2,3.2
7261,2024-07-11,2,108,1,4.5,4.5
7262,2024-07-11,2,106,1,3.2,3.2
7263,2024-07-11,2,101,1,3.8,3.8
7264,2024-07-11,2,107,1,3.5,3.5
7265,2024-07-11,2,108,1,4.5,4.5
7266,2024-07-11,2,109,2,2.2,4.4
7267,2024-07-11,3,110,1,3.4,3.4
7268,2024-07-11,3,106,2,3.2,6.4
7269,2024-07-11,3,108,1,4.5,4.5
7270,2024-07-11,3,101,1,3.8,3.8
7271,2024-07-11,3,107,1,3.5,3.5
7272,2024-07-11,3,110,1,3.4,3.4
7273,2024-07-11,3,108,1,4.5,4.5
7274,2024-07-11,4,107,1,3.5,3.5
7275,2024-07-11,4,108,2,4.5,9.0
7276,2024-07-11,4,101,1,3.8,3.8
7277,2024-07-11,4,109,1,2.2,2.2
7278,2024-07-11,4,102,2,4.0,8.0
7279,2024-07-11,4,102,3,4.0,12.0
7280,2024-07-11,4,104,1,4.2,4.2
7281,2024-07-11,4,103,1,3.9,3.9
7282,2024-07-11,4,109,1,2.2,2.2
7283,2024-07-11,5,104,2,4.2,8.4
7284,2024-07-11,5,103,1,3.9,3.9
7285,2024-07-11,5,106,1,3.2,3.2
7286,2024-07-11,5,104,2,4.2,8.4
7287,2024-07-11,5,105,3,4.1,12.3
7288,2024-07-11,5,103,2,3.9,7.8
7289,2024-07-11,5,107,2,3.5,7.0
7290,2024-07-11,5,101,2,3.8,7.6
7291,2024-07-11,5,102,1,4.0,4.0
7292,2024-07-11,6,101,1,3.8,3.8
7293,2024-07-11,6,105,2,4.1,8.2
7294,2024-07-11,6,101,1,3.8,3.8
7295,2024-07-11,6,104,1,4.2,4.2
7296,2024-07-11,6,110,1,3.4,3.4
7297,2024-07-11,6,104,3,4.2,12.6
7298,2024-07-11,6,102,2,4.0,8.0
7299,2024-07-11,6,108,1,4.5,4.5
7300,2024-07-11,7,108,1,4.5,4.5
7301,2024-07-11,7,101,1,3.8,3.8
7302,2024-07-11,7,107,2,3.5,7.0
7303,2024-07-11,7,102,1,4.0,4.0
7304,2024-07-11,7,107,1,3.5,3.5
7305,2024-07-11,7,103,3,3.9,11.7
7306,2024-07-11,7,104,2,4.2,8.4
7307,2024-07-11,8,109,1,2.2,2.2
7308,2024-07-11,8,105,1,4.1,4.1
7309,2024-07-11,8,106,2,3.2,6.4
7310,2024-07-11,8,108,1,4.5,4.5
7311,2024-07-11,8,107,1,3.5,3.5
7312,2024-07-11,8,108,1,4.5,4.5
7313,2024-07-11,8,105,1,4.1,4.1
7314,2024-07-11,8,104,3,4.2,12.6
7315,2024-07-11,8,101,1,3.8,3.8
7316,2024-07-11,9,105,1,4.1,4.1
7317,2024-07-11,9,108,1,4.5,4.5
7318,2024-07-11,9,102,1,4.0,4.0
7319,2024-07-11,9,108,1,4.5,4.5
7320,2024-07-11,9,104,2,4.2,8.4
7321,2024-07-11,9,102,2,4.0,8.0
7322,2024-07-11,9,102,1,4.0,4.0
7323,2024-07-11,9,101,1,3.8,3.8
7324,2024-07-11,9,102,1,4.0,4.0
7325,2024-07-11,10,109,1,2.2,2.2
7326,2024-07-11,10,108,1,4.5,4.5
7327,2024-07-11,10,103,1,3.9,3.9
7328,2024-07-11,10,102,1,4.0,4.0
7329,2024-07-11,10,103,1,3.9,3.9
7330,2024-07-11,10,102,2,4.0,8.0
7331,2024-07-11,10,105,1,4.1,4.1
7332,2024-07-11,10,103,1,3.9,3.9
7333,2024-07-11,10,108,1,4.5,4.5
7334,2024-07-11,11,104,1,4.2,4.2
7335,2024-07-11,11,102,1,4.0,4.0
7336,2024-07-11,11,104,2,4.2,8.4
7337,2024-07-11,11,107,1,3.5,3.5
7338,2024-07-11,11,101,2,3.8,7.6
7339,2024-07-11,11,107,1,3.5,3.5
7340,2024-07-11,11,108,2,4.5,9.0
7341,2024-07-11,11,110,1,3.4,3.4
7342,2024-07-11,12,109,1,2.2,2.2
7343,2024-07-11,12,103,1,3.9,3.9
7344,2024-07-11,12,108,1,4.5,4.5
7345,2024-07-11,12,108,1,4.5,4.5
7346,2024-07-11,12,109,1,2.2,2.2
7347,2024-07-11,12,101,2,3.8,7.6
7348,2024-07-11,12,104,1,4.2,4.2
7349,2024-07-11,12,102,1,4.0,4.0
7350,2024-07-11,12,102,1,4.0,4.0
7351,2024-07-11,12,106,1,3.2,3.2
7352,2024-07-12,1,102,2,4.0,8.0
7353,2024-07-12,1,106,1,3.2,3.2
7354,2024-07-12,1,103,2,3.9,7.8
7355,2024-07-12,1,107,1,3.5,3.5
7356,2024-07-12,1,103,1,3.9,3.9
7357,2024-07-12,1,104,2,4.2,8.4
7358,2024-07-12,1,108,2,4.5,9.0
7359,2024-07-12,1,109,1,2.2,2.2
7360,2024-07-12,1,107,1,3.5,3.5
7361,2024-07-12,1,103,1,3.9,3.9
7362,2024-07-12,2,107,2,3.5,7.0
7363,2024-07-12,2,105,3,4.1,12.3
7364,2024-07-12,2,102,1,4.0,4.0
7365,2024-07-12,2,103,1,3.9,3.9
7366,2024-07-12,2,101,3,3.8,11.4
7367,2024-07-12,2,102,1,4.0,4.0
7368,2024-07-12,2,104,1,4.2,4.2
7369,2024-07-12,2,105,1,4.1,4.1
7370,2024-07-12,3,104,1,4.2,4.2
7371,2024-07-12,3,107,1,3.5,3.5
7372,2024-07-12,3,104,1,4.2,4.2
7373,2024-07-12,3,101,1,3.8,3.8
7374,2024-07-12,3,104,1,4.2,4.2
7375,2024-07-12,3,104,1,4.2,4.2
7376,2024-07-12,3,106,2,3.2,6.4
7377,2024-07-12,3,108,1,4.5,4.5
7378,2024-07-12,3,103,1,3.9,3.9
7379,2024-07-12,3,102,1,4.0,4.0
7380,2024-07-12,4,103,1,3.9,3.9
7381,2024-07-12,4,110,1,3.4,3.4
7382,2024-07-12,4,107,1,3.5,3.5
7383,2024-07-12,4,103,2,3.9,7.8
7384,2024-07-12,4,109,1,2.2,2.2
7385,2024-07-12,4,107,1,3.5,3.5
7386,2024-07-12,4,107,1,3.5,3.5
7387,2024-07-12,4,107,2,3.5,7.0
7388,2024-07-12,4,107,2,3.5,7.0
7389,2024-07-12,5,102,1,4.0,4.0
7390,2024-07-12,5,110,1,3.4,3.4
7391,2024-07-12,5,109,1,2.2,2.2
7392,2024-07-12,5,101,1,3.8,3.8
7393,2024-07-12,5,103,1,3.9,3.9
7394,2024-07-12,5,102,1,4.0,4.0
7395,2024-07-12,5,102,2,4.0,8.0
7396,2024-07-12,5,105,1,4.1,4.1
7397,2024-07-12,6,108,1,4.5,4.5
7398,2024-07-12,6,103,1,3.9,3.9
7399,2024-07-12,6,102,1,4.0,4.0
7400,2024-07-12,6,102,1,4.0,4.0
7401,2024-07-12,6,104,1,4.2,4.2
7402,2024-07-12,6,105,1,4.1,4.1
7403,2024-07-12,6,104,2,4.2,8.4
7404,2024-07-12,6,110,1,3.4,3.4
7405,2024-07-12,7,104,1,4.2,4.2
7406,2024-07-12,7,104,1,4.2,4.2
7407,2024-07-12,7,101,1,3.8,3.8
7408,2024-07-12,7,103,1,3.9,3.9
7409,2024-07-12,7,102,2,4.0,8.0
7410,2024-07-12,7,101,1,3.8,3.8
7411,2024-07-12,7,104,1,4.2,4.2
7412,2024-07-12,7,102,1,4.0,4.0
7413,2024-07-12,8,107,1,3.5,3.5
7414,2024-07-12,8,103,1,3.9,3.9
7415,2024-07-12,8,103,1,3.9,3.9
7416,2024-07-12,8,102,1,4.0,4.0
7417,2024-07-12,8,110,1,3.4,3.4
7418,2024-07-12,8,102,1,4.0,4.0
7419,2024-07-12,8,109,2,2.2,4.4
7420,2024-07-12,8,110,1,3.4,3.4
7421,2024-07-12,9,107,1,3.5,3.5
7422,2024-07-12,9,105,2,4.1,8.2
7423,2024-07-12,9,106,2,3.2,6.4
7424,2024-07-12,9,107,1,3.5,3.5
7425,2024-07-12,9,107,1,3.5,3.5
7426,2024-07-12,9,110,1,3.4,3.4
7427,2024-07-12,9,101,3,3.8,11.4
7428,2024-07-12,9,110,2,3.4,6.8
7429,2024-07-12,9,106,1,3.2,3.2
7430,2024-07-12,10,108,1,4.5,4.5
7431,2024-07-12,10,101,1,3.8,3.8
7432,2024-07-12,10,104,1,4.2,4.2
7433,2024-07-12,10,106,1,3.2,3.2
7434,2024-07-12,10,107,1,3.5,3.5
7435,2024-07-12,10,106,1,3.2,3.2
7436,2024-07-12,10,107,1,3.5,3.5
7437,2024-07-12,10,103,2,3.9,7.8
7438,2024-07-12,11,101,2,3.8,7.6
7439,2024-07-12,11,110,1,3.4,3.4
7440,2024-07-12,11,108,1,4.5,4.5
7441,2024-07-12,11,102,2,4.0,8.0
7442,2024-07-12,11,108,1,4.5,4.5
7443,2024-07-12,11,107,1,3.5,3.5
7444,2024-07-12,11,101,1,3.8,3.8
7445,2024-07-12,11,101,1,3.8,3.8
7446,2024-07-12,11,109,1,2.2,2.2
7447,2024-07-12,12,101,1,3.8,3.8
7448,2024-07-12,12,101,3,3.8,11.4
7449,2024-07-12,12,104,1,4.2,4.2
7450,2024-07-12,12,104,2,4.2,8.4
7451,2024-07-12,12,105,2,4.1,8.2
7452,2024-07-12,12,102,1,4.0,4.0
7453,2024-07-12,12,102,1,4.0,4.0
7454,2024-07-12,12,110,1,3.4,3.4
7455,2024-07-13,1,101,1,3.8,3.8
7456,2024-07-13,1,102,2,4.0,8.0
7457,2024-07-13,1,109,1,2.2,2.2
7458,2024-07-13,1,102,3,4.0,12.0
7459,2024-07-13,1,106,2,3.2,6.4
7460,2024-07-13,1,105,1,4.1,4.1
7461,2024-07-13,1,101,1,3.8,3.8
7462,2024-07-13,2,110,2,3.4,6.8
7463,2024-07-13,2,106,2,3.2,6.4
7464,2024-07-13,2,104,1,4.2,4.2
7465,2024-07-13,2,102,2,4.0,8.0
7466,2024-07-13,2,102,1,4.0,4.0
7467,2024-07-13,2,105,1,4.1,4.1
7468,2024-07-13,2,103,2,3.9,7.8
7469,2024-07-13,3,107,1,3.5,3.5
7470,2024-07-13,3,102,1,4.0,4.0
7471,2024-07-13,3,107,1,3.5,3.5
7472,2024-07-13,3,108,1,4.5,4.5
7473,2024-07-13,3,104,1,4.2,4.2
7474,2024-07-13,3,110,2,3.4,6.8
7475,2024-07-13,3,101,1,3.8,3.8
7476,2024-07-13,3,105,1,4.1,4.1
7477,2024-07-13,3,107,2,3.5,7.0
7478,2024-07-13,3,107,1,3.5,3.5
7479,2024-07-13,4,107,1,3.5,3.5
7480,2024-07-13,4,104,1,4.2,4.2
7481,2024-07-13,4,110,1,3.4,3.4
7482,2024-07-13,4,108,1,4.5,4.5
7483,2024-07-13,4,109,1,2.2,2.2
7484,2024-07-13,4,110,1,3.4,3.4
7485,2024-07-13,4,107,2,3.5,7.0
7486,2024-07-13,4,102,1,4.0,4.0
7487,2024-07-13,4,106,1,3.2,3.2
7488,2024-07-13,5,107,1,3.5,3.5
7489,2024-07-13,5,103,1,3.9,3.9
7490,2024-07-13,5,107,1,3.5,3.5
7491,2024-07-13,5,103,1,3.9,3.9
7492,2024-07-13,5,108,2,4.5,9.0
7493,2024-07-13,5,101,1,3.8,3.8
7494,2024-07-13,5,102,1,4.0,4.0
7495,2024-07-13,5,103,1,3.9,3.9
7496,2024-07-13,5,107,1,3.5,3.5
7497,2024-07-13,5,109,1,2.2,2.2
7498,2024-07-13,6,108,1,4.5,4.5
7499,2024-07-13,6,102,1,4.0,4.0
7500,2024-07-13,6,108,1,4.5,4.5
7501,2024-07-13,6,105,1,4.1,4.1
7502,2024-07-13,6,106,2,3.2,6.4
7503,2024-07-13,6,108,1,4.5,4.5
7504,2024-07-13,6,109,1,2.2,2.2
7505,2024-07-13,6,108,1,4.5,4.5
7506,2024-07-13,7,107,1,3.5,3.5
7507,2024-07-13,7,105,1,4.1,4.1
7508,2024-07-13,7,109,1,2.2,2.2
7509,2024-07-13,7,103,1,3.9,3.9
7510,2024-07-13,7,103,3,3.9,11.7
7511,2024-07-13,7,107,1,3.5,3.5
7512,2024-07-13,7,107,1,3.5,3.5
7513,2024-07-13,7,108,1,4.5,4.5
7514,2024-07-13,7,107,1,3.5,3.5
7515,2024-07-13,8,110,1,3.4,3.4
7516,2024-07-13,8,104,1,4.2,4.2
7517,2024-07-13,8,104,1,4.2,4.2
7518,2024-07-13,8,104,1,4.2,4.2
7519,2024-07-13,8,105,2,4.1,8.2
7520,2024-07-13,8,108,1,4.5,4.5
7521,2024-07-13,8,110,1,3.4,3.4
7522,2024-07-13,8,110,1,3.4,3.4
7523,2024-07-13,9,107,1,3.5,3.5
7524,2024-07-13,9,110,1,3.4,3.4
7525,2024-07-13,9,101,1,3.8,3.8
7526,2024-07-13,9,105,1,4.1,4.1
7527,2024-07-13,9,108,2,4.5,9.0
7528,2024-07-13,9,101,1,3.8,3.8
7529,2024-07-13,9,105,1,4.1,4.1
7530,2024-07-13,9,101,2,3.8,7.6
7531,2024-07-13,9,107,1,3.5,3.5
7532,2024-07-13,10,109,1,2.2,2.2
7533,2024-07-13,10,106,1,3.2,3.2
7534,2024-07-13,10,105,1,4.1,4.1
7535,2024-07-13,10,107,2,3.5,7.0
7536,2024-07-13,10,108,1,4.5,4.5
7537,2024-07-13,10,101,1,3.8,3.8
7538,2024-07-13,10,103,1,3.9,3.9
7539,2024-07-13,10,109,2,2.2,4.4
7540,2024-07-13,10,105,1,4.1,4.1
7541,2024-07-13,10,103,1,3.9,3.9
7542,2024-07-13,11,104,1,4.2,4.2
7543,2024-07-13,11,107,1,3.5,3.5
7544,2024-07-13,11,103,1,3.9,3.9
7545,2024-07-13,11,107,1,3.5,3.5
7546,2024-07-13,11,107,1,3.5,3.5
7547,2024-07-13,11,108,2,4.5,9.0
7548,2024-07-13,11,102,1,4.0,4.0
7549,2024-07-13,12,106,1,3.2,3.2
7550,2024-07-13,12,105,1,4.1,4.1
7551,2024-07-13,12,101,1,3.8,3.8
7552,2024-07-13,12,105,2,4.1,8.2
7553,2024-07-13,12,104,1,4.2,4.2
7554,2024-07-13,12,104,1,4.2,4.2
7555,2024-07-13,12,107,1,3.5,3.5
7556,2024-07-13,12,108,1,4.5,4.5
7557,2024-07-14,1,103,1,3.9,3.9
7558,2024-07-14,1,103,2,3.9,7.8
7559,2024-07-14,1,106,3,3.2,9.6
7560,2024-07-14,1,104,1,4.2,4.2
7561,2024-07-14,1,101,1,3.8,3.8
7562,2024-07-14,1,106,1,3.2,3.2
7563,2024-07-14,1,103,1,3.9,3.9
7564,2024-07-14,1,105,1,4.1,4.1
7565,2024-07-14,1,105,3,4.1,12.3
7566,2024-07-14,1,102,1,4.0,4.0
7567,2024-07-14,2,108,1,4.5,4.5
7568,2024-07-14,2,101,1,3.8,3.8
7569,2024-07-14,2,106,2,3.2,6.4
7570,2024-07-14,2,103,1,3.9,3.9
7571,2024-07-14,2,105,1,4.1,4.1
7572,2024-07-14,2,104,1,4.2,4.2
7573,2024-07-14,2,102,1,4.0,4.0
7574,2024-07-14,2,108,1,4.5,4.5
7575,2024-07-14,2,107,1,3.5,3.5
7576,2024-07-14,2,105,1,4.1,4.1
7577,2024-07-14,3,102,1,4.0,4.0
7578,2024-07-14,3,102,1,4.0,4.0
7579,2024-07-14,3,108,3,4.5,13.5
7580,2024-07-14,3,109,1,2.2,2.2
7581,2024-07-14,3,109,1,2.2,2.2
7582,2024-07-14,3,105,2,4.1,8.2
7583,2024-07-14,3,107,2,3.5,7.0
7584,2024-07-14,3,107,1,3.5,3.5
7585,2024-07-14,4,109,1,2.2,2.2
7586,2024-07-14,4,104,1,4.2,4.2
7587,2024-07-14,4,105,1,4.1,4.1
7588,2024-07-14,4,109,3,2.2,6.6
7589,2024-07-14,4,106,1,3.2,3.2
7590,2024-07-14,4,106,1,3.2,3.2
7591,2024-07-14,4,107,1,3.5,3.5
7592,2024-07-14,5,108,1,4.5,4.5
7593,2024-07-14,5,106,1,3.2,3.2
7594,2024-07-14,5,107,3,3.5,10.5
7595,2024-07-14,5,108,1,4.5,4.5
7596,2024-07-14,5,107,1,3.5,3.5
7597,2024-07-14,5,101,1,3.8,3.8
7598,2024-07-14,5,103,1,3.9,3.9
7599,2024-07-14,5,107,1,3.5,3.5
7600,2024-07-14,5,104,1,4.2,4.2
7601,2024-07-14,6,103,1,3.9,3.9
7602,2024-07-14,6,107,1,3.5,3.5
7603,2024-07-14,6,108,1,4.5,4.5
7604,2024-07-14,6,103,1,3.9,3.9
7605,2024-07-14,6,103,1,3.9,3.9
7606,2024-07-14,6,101,2,3.8,7.6
7607,2024-07-14,6,110,1,3.4,3.4
7608,2024-07-14,7,102,1,4.0,4.0
7609,2024-07-14,7,103,2,3.9,7.8
7610,2024-07-14,7,108,2,4.5,9.0
7611,2024-07-14,7,108,2,4.5,9.0
7612,2024-07-14,7,104,2,4.2,8.4
7613,2024-07-14,7,108,1,4.5,4.5
7614,2024-07-14,7,104,1,4.2,4.2
7615,2024-07-14,7,101,1,3.8,3.8
7616,2024-07-14,8,102,1,4.0,4.0
7617,2024-07-14,8,108,1,4.5,4.5
7618,2024-07-14,8,102,1,4.0,4.0
7619,2024-07-14,8,101,1,3.8,3.8
7620,2024-07-14,8,103,1,3.9,3.9
7621,2024-07-14,8,102,2,4.0,8.0
7622,2024-07-14,8,105,1,4.1,4.1
7623,2024-07-14,8,107,2,3.5,7.0
7624,2024-07-14,8,102,1,4.0,4.0
7625,2024-07-14,8,105,1,4.1,4.1
7626,2024-07-14,9,108,2,4.5,9.0
7627,2024-07-14,9,109,1,2.2,2.2
7628,2024-07-14,9,106,2,3.2,6.4
7629,2024-07-14,9,104,2,4.2,8.4
7630,2024-07-14,9,108,2,4.5,9.0
7631,2024-07-14,9,102,1,4.0,4.0
7632,2024-07-14,9,108,2,4.5,9.0
7633,2024-07-14,9,103,2,3.9,7.8
7634,2024-07-14,9,104,1,4.2,4.2
7635,2024-07-14,9,108,2,4.5,9.0
7636,2024-07-14,10,105,1,4.1,4.1
7637,2024-07-14,10,103,1,3.9,3.9
7638,2024-07-14,10,101,1,3.8,3.8
7639,2024-07-14,10,102,3,4.0,12.0
7640,2024-07-14,10,108,1,4.5,4.5
7641,2024-07-14,10,101,3,3.8,11.4
7642,2024-07-14,10,106,1,3.2,3.2
7643,2024-07-14,10,105,1,4.1,4.1
7644,2024-07-14,11,108,1,4.5,4.5
7645,2024-07-14,11,108,1,4.5,4.5
7646,2024-07-14,11,107,1,3.5,3.5
7647,2024-07-14,11,104,1,4.2,4.2
7648,2024-07-14,11,110,1,3.4,3.4
7649,2024-07-14,11,105,1,4.1,4.1
7650,2024-07-14,11,105,1,4.1,4.1
7651,2024-07-14,11,106,2,3.2,6.4
7652,2024-07-14,11,105,3,4.1,12.3
7653,2024-07-14,11,106,1,3.2,3.2
7654,2024-07-14,12,107,1,3.5,3.5
7655,2024-07-14,12,104,2,4.2,8.4
7656,2024-07-14,12,105,1,4.1,4.1
7657,2024-07-14,12,106,1,3.2,3.2
7658,2024-07-14,12,106,1,3.2,3.2
7659,2024-07-14,12,103,1,3.9,3.9
7660,2024-07-14,12,108,1,4.5,4.5
7661,2024-07-14,12,103,2,3.9,7.8
7662,2024-07-15,1,108,1,4.5,4.5
7663,2024-07-15,1,106,1,3.2,3.2
7664,2024-07-15,1,102,2,4.0,8.0
7665,2024-07-15,1,106,1,3.2,3.2
7666,2024-07-15,1,107,1,3.5,3.5
7667,2024-07-15,1,107,1,3.5,3.5
7668,2024-07-15,1,104,1,4.2,4.2
7669,2024-07-15,1,107,1,3.5,3.5
7670,2024-07-15,1,104,1,4.2,4.2
7671,2024-07-15,2,104,2,4.2,8.4
7672,2024-07-15,2,104,1,4.2,4.2
7673,2024-07-15,2,105,1,4.1,4.1
7674,2024-07-15,2,101,1,3.8,3.8
7675,2024-07-15,2,107,1,3.5,3.5
7676,2024-07-15,2,102,2,4.0,8.0
7677,2024-07-15,2,102,2,4.0,8.0
7678,2024-07-15,2,107,1,3.5,3.5
7679,2024-07-15,2,103,1,3.9,3.9
7680,2024-07-15,3,107,1,3.5,3.5
7681,2024-07-15,3,106,1,3.2,3.2
7682,2024-07-15,3,106,1,3.2,3.2
7683,2024-07-15,3,103,3,3.9,11.7
7684,2024-07-15,3,109,2,2.2,4.4
7685,2024-07-15,3,105,3,4.1,12.3
7686,2024-07-15,3,108,1,4.5,4.5
7687,2024-07-15,3,108,2,4.5,9.0
7688,2024-07-15,4,106,1,3.2,3.2
7689,2024-07-15,4,104,1,4.2,4.2
7690,2024-07-15,4,105,1,4.1,4.1
7691,2024-07-15,4,109,1,2.2,2.2
7692,2024-07-15,4,102,2,4.0,8.0
7693,2024-07-15,4,101,1,3.8,3.8
7694,2024-07-15,4,106,1,3.2,3.2
7695,2024-07-15,5,103,1,3.9,3.9
7696,2024-07-15,5,101,1,3.8,3.8
7697,2024-07-15,5,109,2,2.2,4.4
7698,2024-07-15,5,104,1,4.2,4.2
7699,2024-07-15,5,108,1,4.5,4.5
7700,2024-07-15,5,102,1,4.0,4.0
7701,2024-07-15,5,105,1,4.1,4.1
7702,2024-07-15,5,106,1,3.2,3.2
7703,2024-07-15,6,102,2,4.0,8.0
7704,2024-07-15,6,110,2,3.4,6.8
7705,2024-07-15,6,102,2,4.0,8.0
7706,2024-07-15,6,102,1,4.0,4.0
7707,2024-07-15,6,107,1,3.5,3.5
7708,2024-07-15,6,107,1,3.5,3.5
7709,2024-07-15,6,108,1,4.5,4.5
7710,2024-07-15,6,104,1,4.2,4.2
7711,2024-07-15,6,105,1,4.1,4.1
7712,2024-07-15,7,107,1,3.5,3.5
7713,2024-07-15,7,103,1,3.9,3.9
7714,2024-07-15,7,110,1,3.4,3.4
7715,2024-07-15,7,106,2,3.2,6.4
7716,2024-07-15,7,107,2,3.5,7.0
7717,2024-07-15,7,110,2,3.4,6.8
7718,2024-07-15,7,104,1,4.2,4.2
7719,2024-07-15,7,109,1,2.2,2.2
7720,2024-07-15,7,101,3,3.8,11.4
7721,2024-07-15,8,102,1,4.0,4.0
7722,2024-07-15,8,108,1,4.5,4.5
7723,2024-07-15,8,107,1,3.5,3.5
7724,2024-07-15,8,102,1,4.0,4.0
7725,2024-07-15,8,103,1,3.9,3.9
7726,2024-07-15,8,105,1,4.1,4.1
7727,2024-07-15,8,103,1,3.9,3.9
7728,2024-07-15,9,107,1,3.5,3.5
7729,2024-07-15,9,105,1,4.1,4.1
7730,2024-07-15,9,104,1,4.2,4.2
7731,2024-07-15,9,108,1,4.5,4.5
7732,2024-07-15,9,103,1,3.9,3.9
7733,2024-07-15,9,109,1,2.2,2.2
7734,2024-07-15,9,107,1,3.5,3.5
7735,2024-07-15,10,102,1,4.0,4.0
7736,2024-07-15,10,104,2,4.2,8.4
7737,2024-07-15,10,103,1,3.9,3.9
7738,2024-07-15,10,104,1,4.2,4.2
7739,2024-07-15,10,105,1,4.1,4.1
7740,2024-07-15,10,102,2,4.0,8.0
7741,2024-07-15,10,104,1,4.2,4.2
7742,2024-07-15,11,108,1,4.5,4.5
7743,2024-07-15,11,109,1,2.2,2.2
7744,2024-07-15,11,103,1,3.9,3.9
7745,2024-07-15,11,101,1,3.8,3.8
7746,2024-07-15,11,101,3,3.8,11.4
7747,2024-07-15,11,105,3,4.1,12.3
7748,2024-07-15,11,107,2,3.5,7.0
7749,2024-07-15,11,102,2,4.0,8.0
7750,2024-07-15,11,102,1,4.0,4.0
7751,2024-07-15,11,101,1,3.8,3.8
7752,2024-07-15,12,104,1,4.2,4.2
7753,2024-07-15,12,103,1,3.9,3.9
7754,2024-07-15,12,101,3,3.8,11.4
7755,2024-07-15,12,104,1,4.2,4.2
7756,2024-07-15,12,106,1,3.2,3.2
7757,2024-07-15,12,107,1,3.5,3.5
7758,2024-07-15,12,109,2,2.2,4.4
7759,2024-07-15,12,106,1,3.2,3.2
7760,2024-07-15,12,102,1,4.0,4.0
7761,2024-07-15,12,103,1,3.9,3.9
7762,2024-07-16,1,106,2,3.2,6.4
7763,2024-07-16,1,102,1,4.0,4.0
7764,2024-07-16,1,106,1,3.2,3.2
7765,2024-07-16,1,101,1,3.8,3.8
7766,2024-07-16,1,109,2,2.2,4.4
7767,2024-07-16,1,103,1,3.9,3.9
7768,2024-07-16,1,102,1,4.0,4.0
7769,2024-07-16,2,102,1,4.0,4.0
7770,2024-07-16,2,105,1,4.1,4.1
7771,2024-07-16,2,104,1,4.2,4.2
7772,2024-07-16,2,107,1,3.5,3.5
7773,2024-07-16,2,103,1,3.9,3.9
7774,2024-07-16,2,107,1,3.5,3.5
7775,2024-07-16,2,108,1,4.5,4.5
7776,2024-07-16,2,106,1,3.2,3.2
7777,2024-07-16,2,108,1,4.5,4.5
7778,2024-07-16,3,106,1,3.2,3.2
7779,2024-07-16,3,106,1,3.2,3.2
7780,2024-07-16,3,102,3,4.0,12.0
7781,2024-07-16,3,105,1,4.1,4.1
7782,2024-07-16,3,102,2,4.0,8.0
7783,2024-07-16,3,104,1,4.2,4.2
7784,2024-07-16,3,103,1,3.9,3.9
7785,2024-07-16,3,107,1,3.5,3.5
7786,2024-07-16,4,102,1,4.0,4.0
7787,2024-07-16,4,105,1,4.1,4.1
7788,2024-07-16,4,107,2,3.5,7.0
7789,2024-07-16,4,105,1,4.1,4.1
7790,2024-07-16,4,103,1,3.9,3.9
7791,2024-07-16,4,107,1,3.5,3.5
7792,2024-07-16,4,108,1,4.5,4.5
7793,2024-07-16,5,106,1,3.2,3.2
7794,2024-07-16,5,108,2,4.5,9.0
7795,2024-07-16,5,104,1,4.2,4.2
7796,2024-07-16,5,101,1,3.8,3.8
7797,2024-07-16,5,105,3,4.1,12.3
7798,2024-07-16,5,108,2,4.5,9.0
7799,2024-07-16,5,101,2,3.8,7.6
7800,2024-07-16,5,103,1,3.9,3.9
7801,2024-07-16,5,106,1,3.2,3.2
7802,2024-07-16,6,104,1,4.2,4.2
7803,2024-07-16,6,105,1,4.1,4.1
7804,2024-07-16,6,106,1,3.2,3.2
7805,2024-07-16,6,108,2,4.5,9.0
7806,2024-07-16,6,101,1,3.8,3.8
7807,2024-07-16,6,103,1,3.9,3.9
7808,2024-07-16,6,104,1,4.2,4.2
7809,2024-07-16,7,101,1,3.8,3.8
7810,2024-07-16,7,101,1,3.8,3.8
7811,2024-07-16,7,104,2,4.2,8.4
7812,2024-07-16,7,106,1,3.2,3.2
7813,2024-07-16,7,107,3,3.5,10.5
7814,2024-07-16,7,109,1,2.2,2.2
7815,2024-07-16,7,103,1,3.9,3.9
7816,2024-07-16,8,101,3,3.8,11.4
7817,2024-07-16,8,104,1,4.2,4.2
7818,2024-07-16,8,102,1,4.0,4.0
7819,2024-07-16,8,102,2,4.0,8.0
7820,2024-07-16,8,108,1,4.5,4.5
7821,2024-07-16,8,107,1,3.5,3.5
7822,2024-07-16,8,104,1,4.2,4.2
7823,2024-07-16,8,105,1,4.1,4.1
7824,2024-07-16,9,107,1,3.5,3.5
7825,2024-07-16,9,108,1,4.5,4.5
7826,2024-07-16,9,108,2,4.5,9.0
7827,2024-07-16,9,108,1,4.5,4.5
7828,2024-07-16,9,107,3,3.5,10.5
7829,2024-07-16,9,103,2,3.9,7.8
7830,2024-07-16,9,102,1,4.0,4.0
7831,2024-07-16,9,101,3,3.8,11.4
7832,2024-07-16,9,102,2,4.0,8.0
7833,2024-07-16,9,106,1,3.2,3.2
7834,2024-07-16,10,107,1,3.5,3.5
7835,2024-07-16,10,101,1,3.8,3.8
7836,2024-07-16,10,102,1,4.0,4.0
7837,2024-07-16,10,110,2,3.4,6.8
7838,2024-07-16,10,106,3,3.2,9.6
7839,2024-07-16,10,101,1,3.8,3.8
7840,2024-07-16,10,108,2,4.5,9.0
7841,2024-07-16,10,103,1,3.9,3.9
7842,2024-07-16,11,107,1,3.5,3.5
7843,2024-07-16,11,102,2,4.0,8.0
7844,2024-07-16,11,102,1,4.0,4.0
7845,2024-07-16,11,103,1,3.9,3.9
7846,2024-07-16,11,106,2,3.2,6.4
7847,2024-07-16,11,102,1,4.0,4.0
7848,2024-07-16,11,109,1,2.2,2.2
7849,2024-07-16,12,106,1,3.2,3.2
7850,2024-07-16,12,104,1,4.2,4.2
7851,2024-07-16,12,103,1,3.9,3.9
7852,2024-07-16,12,101,1,3.8,3.8
7853,2024-07-16,12,106,1,3.2,3.2
7854,2024-07-16,12,107,1,3.5,3.5
7855,2024-07-16,12,101,3,3.8,11.4
7856,2024-07-16,12,101,1,3.8,3.8
7857,2024-07-16,12,102,1,4.0,4.0
7858,2024-07-16,12,107,2,3.5,7.0
7859,2024-07-17,1,103,1,3.9,3.9
7860,2024-07-17,1,102,1,4.0,4.0
7861,2024-07-17,1,106,2,3.2,6.4
7862,2024-07-17,1,101,2,3.8,7.6
7863,2024-07-17,1,103,1,3.9,3.9
7864,2024-07-17,1,106,3,3.2,9.6
7865,2024-07-17,1,102,1,4.0,4.0
7866,2024-07-17,2,103,1,3.9,3.9
7867,2024-07-17,2,107,1,3.5,3.5
7868,2024-07-17,2,103,1,3.9,3.9
7869,2024-07-17,2,107,1,3.5,3.5
7870,2024-07-17,2,104,2,4.2,8.4
7871,2024-07-17,2,107,1,3.5,3.5
7872,2024-07-17,2,105,1,4.1,4.1
7873,2024-07-17,3,101,1,3.8,3.8
7874,2024-07-17,3,106,1,3.2,3.2
7875,2024-07-17,3,107,1,3.5,3.5
7876,2024-07-17,3,102,1,4.0,4.0
7877,2024-07-17,3,107,1,3.5,3.5
7878,2024-07-17,3,106,1,3.2,3.2
7879,2024-07-17,3,106,1,3.2,3.2
7880,2024-07-17,3,102,1,4.0,4.0
7881,2024-07-17,3,103,1,3.9,3.9
7882,2024-07-17,3,109,1,2.2,2.2
7883,2024-07-17,4,105,1,4.1,4.1
7884,2024-07-17,4,109,2,2.2,4.4
7885,2024-07-17,4,105,2,4.1,8.2
7886,2024-07-17,4,103,1,3.9,3.9
7887,2024-07-17,4,104,2,4.2,8.4
7888,2024-07-17,4,105,1,4.1,4.1
7889,2024-07-17,4,110,1,3.4,3.4
7890,2024-07-17,4,108,1,4.5,4.5
7891,2024-07-17,4,109,3,2.2,6.6
7892,2024-07-17,4,101,1,3.8,3.8
7893,2024-07-17,5,105,2,4.1,8.2
7894,2024-07-17,5,109,1,2.2,2.2
7895,2024-07-17,5,107,2,3.5,7.0
7896,2024-07-17,5,106,1,3.2,3.2
7897,2024-07-17,5,107,1,3.5,3.5
7898,2024-07-17,5,105,1,4.1,4.1
7899,2024-07-17,5,102,2,4.0,8.0
7900,2024-07-17,5,104,1,4.2,4.2
7901,2024-07-17,5,108,2,4.5,9.0
7902,2024-07-17,6,106,3,3.2,9.6
7903,2024-07-17,6,105,2,4.1,8.2
7904,2024-07-17,6,103,1,3.9,3.9
7905,2024-07-17,6,106,2,3.2,6.4
7906,2024-07-17,6,103,3,3.9,11.7
7907,2024-07-17,6,104,1,4.2,4.2
7908,2024-07-17,6,109,1,2.2,2.2
7909,2024-07-17,7,102,1,4.0,4.0
7910,2024-07-17,7,104,1,4.2,4.2
7911,2024-07-17,7,108,1,4.5,4.5
7912,2024-07-17,7,103,1,3.9,3.9
7913,2024-07-17,7,101,1,3.8,3.8
7914,2024-07-17,7,105,1,4.1,4.1
7915,2024-07-17,7,101,1,3.8,3.8
7916,2024-07-17,7,108,1,4.5,4.5
7917,2024-07-17,8,101,1,3.8,3.8
7918,2024-07-17,8,107,1,3.5,3.5
7919,2024-07-17,8,102,2,4.0,8.0
7920,2024-07-17,8,101,2,3.8,7.6
7921,2024-07-17,8,101,2,3.8,7.6
7922,2024-07-17,8,110,1,3.4,3.4
7923,2024-07-17,8,110,2,3.4,6.8
7924,2024-07-17,9,108,1,4.5,4.5
7925,2024-07-17,9,109,2,2.2,4.4
7926,2024-07-17,9,104,1,4.2,4.2
7927,2024-07-17,9,110,3,3.4,10.2
7928,2024-07-17,9,106,1,3.2,3.2
7929,2024-07-17,9,104,1,4.2,4.2
7930,2024-07-17,9,109,2,2.2,4.4
7931,2024-07-17,9,102,1,4.0,4.0
7932,2024-07-17,10,110,1,3.4,3.4
7933,2024-07-17,10,102,2,4.0,8.0
7934,2024-07-17,10,103,2,3.9,7.8
7935,2024-07-17,10,103,1,3.9,3.9
7936,2024-07-17,10,105,2,4.1,8.2
7937,2024-07-17,10,103,1,3.9,3.9
7938,2024-07-17,10,101,1,3.8,3.8
7939,2024-07-17,10,108,1,4.5,4.5
7940,2024-07-17,10,105,1,4.1,4.1
7941,2024-07-17,11,106,1,3.2,3.2
7942,2024-07-17,11,106,1,3.2,3.2
7943,2024-07-17,11,103,1,3.9,3.9
7944,2024-07-17,11,110,1,3.4,3.4
7945,2024-07-17,11,109,2,2.2,4.4
7946,2024-07-17,11,104,1,4.2,4.2
7947,2024-07-17,11,102,3,4.0,12.0
7948,2024-07-17,12,108,1,4.5,4.5
7949,2024-07-17,12,106,1,3.2,3.2
7950,2024-07-17,12,103,2,3.9,7.8
7951,2024-07-17,12,102,1,4.0,4.0
7952,2024-07-17,12,104,1,4.2,4.2
7953,2024-07-17,12,104,1,4.2,4.2
7954,2024-07-17,12,107,1,3.5,3.5
7955,2024-07-17,12,101,1,3.8,3.8
7956,2024-07-17,12,104,1,4.2,4.2
7957,2024-07-17,12,107,1,3.5,3.5
7958,2024-07-18,1,102,1,4.0,4.0
7959,2024-07-18,1,104,1,4.2,4.2
7960,2024-07-18,1,107,1,3.5,3.5
7961,2024-07-18,1,106,1,3.2,3.2
7962,2024-07-18,1,108,1,4.5,4.5
7963,2024-07-18,1,105,1,4.1,4.1
7964,2024-07-18,1,103,2,3.9,7.8
7965,2024-07-18,2,102,2,4.0,8.0
7966,2024-07-18,2,104,1,4.2,4.2
7967,2024-07-18,2,106,1,3.2,3.2
7968,2024-07-18,2,106,1,3.2,3.2
7969,2024-07-18,2,109,1,2.2,2.2
7970,2024-07-18,2,104,1,4.2,4.2
7971,2024-07-18,2,104,1,4.2,4.2
7972,2024-07-18,2,107,1,3.5,3.5
7973,2024-07-18,2,108,1,4.5,4.5
7974,2024-07-18,3,102,2,4.0,8.0
7975,2024-07-18,3,106,1,3.2,3.2
7976,2024-07-18,3,108,2,4.5,9.0
7977,2024-07-18,3,102,1,4.0,4.0
7978,2024-07-18,3,104,3,4.2,12.6
7979,2024-07-18,3,103,1,3.9,3.9
7980,2024-07-18,3,108,1,4.5,4.5
7981,2024-07-18,3,104,2,4.2,8.4
7982,2024-07-18,3,103,2,3.9,7.8
7983,2024-07-18,4,104,1,4.2,4.2
7984,2024-07-18,4,101,1,3.8,3.8
7985,2024-07-18,4,104,1,4.2,4.2
7986,2024-07-18,4,102,3,4.0,12.0
7987,2024-07-18,4,106,1,3.2,3.2
7988,2024-07-18,4,102,1,4.0,4.0
7989,2024-07-18,4,106,1,3.2,3.2
7990,2024-07-18,4,101,2,3.8,7.6
7991,2024-07-18,5,107,2,3.5,7.0
7992,2024-07-18,5,107,1,3.5,3.5
7993,2024-07-18,5,102,2,4.0,8.0
7994,2024-07-18,5,109,2,2.2,4.4
7995,2024-07-18,5,108,1,4.5,4.5
7996,2024-07-18,5,105,1,4.1,4.1
7997,2024-07-18,5,102,1,4.0,4.0
7998,2024-07-18,5,106,1,3.2,3.2
7999,2024-07-18,5,106,1,3.2,3.2
8000,2024-07-18,5,103,1,3.9,3.9
8001,2024-07-18,6,103,1,3.9,3.9
8002,2024-07-18,6,108,1,4.5,4.5
8003,2024-07-18,6,101,1,3.8,3.8
8004,2024-07-18,6,103,1,3.9,3.9
8005,2024-07-18,6,102,1,4.0,4.0
8006,2024-07-18,6,107,3,3.5,10.5
8007,2024-07-18,6,103,1,3.9,3.9
8008,2024-07-18,7,102,2,4.0,8.0
8009,2024-07-18,7,101,1,3.8,3.8
8010,2024-07-18,7,102,1,4.0,4.0
8011,2024-07-18,7,104,1,4.2,4.2
8012,2024-07-18,7,105,1,4.1,4.1
8013,2024-07-18,7,107,1,3.5,3.5
8014,2024-07-18,7,108,1,4.5,4.5
8015,2024-07-18,7,106,1,3.2,3.2
8016,2024-07-18,8,110,3,3.4,10.2
8017,2024-07-18,8,105,1,4.1,4.1
8018,2024-07-18,8,102,1,4.0,4.0
8019,2024-07-18,8,105,1,4.1,4.1
8020,2024-07-18,8,103,1,3.9,3.9
8021,2024-07-18,8,103,1,3.9,3.9
8022,2024-07-18,8,104,1,4.2,4.2
8023,2024-07-18,9,108,1,4.5,4.5
8024,2024-07-18,9,101,1,3.8,3.8
8025,2024-07-18,9,105,1,4.1,4.1
8026,2024-07-18,9,107,1,3.5,3.5
8027,2024-07-18,9,101,1,3.8,3.8
8028,2024-07-18,9,102,1,4.0,4.0
8029,2024-07-18,9,104,1,4.2,4.2
8030,2024-07-18,10,105,1,4.1,4.1
8031,2024-07-18,10,104,2,4.2,8.4
8032,2024-07-18,10,102,2,4.0,8.0
8033,2024-07-18,10,106,1,3.2,3.2
8034,2024-07-18,10,103,1,3.9,3.9
8035,2024-07-18,10,106,1,3.2,3.2
8036,2024-07-18,10,104,2,4.2,8.4
8037,2024-07-18,10,106,1,3.2,3.2
8038,2024-07-18,11,105,1,4.1,4.1
8039,2024-07-18,11,102,2,4.0,8.0
8040,2024-07-18,11,105,1,4.1,4.1
8041,2024-07-18,11,106,2,3.2,6.4
8042,2024-07-18,11,105,1,4.1,4.1
8043,2024-07-18,11,107,2,3.5,7.0
8044,2024-07-18,11,109,1,2.2,2.2
8045,2024-07-18,11,102,1,4.0,4.0
8046,2024-07-18,11,102,2,4.0,8.0
8047,2024-07-18,12,107,1,3.5,3.5
8048,2024-07-18,12,104,2,4.2,8.4
8049,2024-07-18,12,104,1,4.2,4.2
8050,2024-07-18,12,110,2,3.4,6.8
8051,2024-07-18,12,101,1,3.8,3.8
8052,2024-07-18,12,108,1,4.5,4.5
8053,2024-07-18,12,110,1,3.4,3.4
8054,2024-07-18,12,110,1,3.4,3.4
8055,2024-07-19,1,106,1,3.2,3.2
8056,2024-07-19,1,108,1,4.5,4.5
8057,2024-07-19,1,104,1,4.2,4.2
8058,2024-07-19,1,104,1,4.2,4.2
8059,2024-07-19,1,109,3,2.2,6.6
8060,2024-07-19,1,105,1,4.1,4.1
8061,2024-07-19,1,101,1,3.8,3.8
8062,2024-07-19,1,107,2,3.5,7.0
8063,2024-07-19,1,107,1,3.5,3.5
8064,2024-07-19,2,106,1,3.2,3.2
8065,2024-07-19,2,108,1,4.5,4.5
8066,2024-07-19,2,107,1,3.5,3.5
8067,2024-07-19,2,101,1,3.8,3.8
8068,2024-07-19,2,107,1,3.5,3.5
8069,2024-07-19,2,107,2,3.5,7.0
8070,2024-07-19,2,101,1,3.8,3.8
8071,2024-07-19,2,104,1,4.2,4.2
8072,2024-07-19,3,110,2,3.4,6.8
8073,2024-07-19,3,101,2,3.8,7.6
8074,2024-07-19,3,103,1,3.9,3.9
8075,2024-07-19,3,101,1,3.8,3.8
8076,2024-07-19,3,104,1,4.2,4.2
8077,2024-07-19,3,106,2,3.2,6.4
8078,2024-07-19,3,103,1,3.9,3.9
8079,2024-07-19,3,101,2,3.8,7.6
8080,2024-07-19,3,107,1,3.5,3.5
8081,2024-07-19,4,105,1,4.1,4.1
8082,2024-07-19,4,103,1,3.9,3.9
8083,2024-07-19,4,103,1,3.9,3.9
8084,2024-07-19,4,101,3,3.8,11.4
8085,2024-07-19,4,106,1,3.2,3.2
8086,2024-07-19,4,109,2,2.2,4.4
8087,2024-07-19,4,108,1,4.5,4.5
8088,2024-07-19,4,109,1,2.2,2.2
8089,2024-07-19,4,103,1,3.9,3.9
8090,2024-07-19,4,109,1,2.2,2.2
8091,2024-07-19,5,107,1,3.5,3.5
8092,2024-07-19,5,106,2,3.2,6.4
8093,2024-07-19,5,108,1,4.5,4.5
8094,2024-07-19,5,108,1,4.5,4.5
8095,2024-07-19,5,101,2,3.8,7.6
8096,2024-07-19,5,107,1,3.5,3.5
8097,2024-07-19,5,102,2,4.0,8.0
8098,2024-07-19,5,106,1,3.2,3.2
8099,2024-07-19,5,105,1,4.1,4.1
8100,2024-07-19,5,106,1,3.2,3.2
8101,2024-07-19,6,103,1,3.9,3.9
8102,2024-07-19,6,108,2,4.5,9.0
8103,2024-07-19,6,104,1,4.2,4.2
8104,2024-07-19,6,107,1,3.5,3.5
8105,2024-07-19,6,104,1,4.2,4.2
8106,2024-07-19,6,103,1,3.9,3.9
8107,2024-07-19,6,108,1,4.5,4.5
8108,2024-07-19,6,103,1,3.9,3.9
8109,2024-07-19,7,101,1,3.8,3.8
8110,2024-07-19,7,105,1,4.1,4.1
8111,2024-07-19,7,102,1,4.0,4.0
8112,2024-07-19,7,106,1,3.2,3.2
8113,2024-07-19,7,107,1,3.5,3.5
8114,2024-07-19,7,103,1,3.9,3.9
8115,2024-07-19,7,103,1,3.9,3.9
8116,2024-07-19,7,110,1,3.4,3.4
8117,2024-07-19,7,105,2,4.1,8.2
8118,2024-07-19,8,104,1,4.2,4.2
8119,2024-07-19,8,109,1,2.2,2.2
8120,2024-07-19,8,104,1,4.2,4.2
8121,2024-07-19,8,108,1,4.5,4.5
8122,2024-07-19,8,107,1,3.5,3.5
8123,2024-07-19,8,104,1,4.2,4.2
8124,2024-07-19,8,110,3,3.4,10.2
8125,2024-07-19,8,105,1,4.1,4.1
8126,2024-07-19,8,107,2,3.5,7.0
8127,2024-07-19,8,105,1,4.1,4.1
8128,2024-07-19,9,106,1,3.2,3.2
8129,2024-07-19,9,104,1,4.2,4.2
8130,2024-07-19,9,107,3,3.5,10.5
8131,2024-07-19,9,105,1,4.1,4.1
8132,2024-07-19,9,104,1,4.2,4.2
8133,2024-07-19,9,105,1,4.1,4.1
8134,2024-07-19,9,104,1,4.2,4.2
8135,2024-07-19,9,101,1,3.8,3.8
8136,2024-07-19,10,102,1,4.0,4.0
8137,2024-07-19,10,102,2,4.0,8.0
8138,2024-07-19,10,107,1,3.5,3.5
8139,2024-07-19,10,102,1,4.0,4.0
8140,2024-07-19,10,102,1,4.0,4.0
8141,2024-07-19,10,104,1,4.2,4.2
8142,2024-07-19,10,106,1,3.2,3.2
8143,2024-07-19,10,107,1,3.5,3.5
8144,2024-07-19,11,102,1,4.0,4.0
8145,2024-07-19,11,108,1,4.5,4.5
8146,2024-07-19,11,103,1,3.9,3.9
8147,2024-07-19,11,106,1,3.2,3.2
8148,2024-07-19,11,103,1,3.9,3.9
8149,2024-07-19,11,101,3,3.8,11.4
8150,2024-07-19,11,103,1,3.9,3.9
8151,2024-07-19,11,101,1,3.8,3.8
8152,2024-07-19,11,107,1,3.5,3.5
8153,2024-07-19,11,106,1,3.2,3.2
8154,2024-07-19,12,108,2,4.5,9.0
8155,2024-07-19,12,110,1,3.4,3.4
8156,2024-07-19,12,109,1,2.2,2.2
8157,2024-07-19,12,107,1,3.5,3.5
8158,2024-07-19,12,103,1,3.9,3.9
8159,2024-07-19,12,105,1,4.1,4.1
8160,2024-07-19,12,106,1,3.2,3.2
8161,2024-07-19,12,109,1,2.2,2.2
8162,2024-07-20,1,107,1,3.5,3.5
8163,2024-07-20,1,102,1,4.0,4.0
8164,2024-07-20,1,106,1,3.2,3.2
8165,2024-07-20,1,108,1,4.5,4.5
8166,2024-07-20,1,109,2,2.2,4.4
8167,2024-07-20,1,108,2,4.5,9.0
8168,2024-07-20,1,110,1,3.4,3.4
8169,2024-07-20,1,105,1,4.1,4.1
8170,2024-07-20,2,105,1,4.1,4.1
8171,2024-07-20,2,103,1,3.9,3.9
8172,2024-07-20,2,104,1,4.2,4.2
8173,2024-07-20,2,106,1,3.2,3.2
8174,2024-07-20,2,106,1,3.2,3.2
8175,2024-07-20,2,107,2,3.5,7.0
8176,2024-07-20,2,110,1,3.4,3.4
8177,2024-07-20,2,105,1,4.1,4.1
8178,2024-07-20,2,109,1,2.2,2.2
8179,2024-07-20,2,101,2,3.8,7.6
8180,2024-07-20,3,109,1,2.2,2.2
8181,2024-07-20,3,105,1,4.1,4.1
8182,2024-07-20,3,101,2,3.8,7.6
8183,2024-07-20,3,103,1,3.9,3.9
8184,2024-07-20,3,102,1,4.0,4.0
8185,2024-07-20,3,106,1,3.2,3.2
8186,2024-07-20,3,106,1,3.2,3.2
8187,2024-07-20,3,101,1,3.8,3.8
8188,2024-07-20,4,108,1,4.5,4.5
8189,2024-07-20,4,102,2,4.0,8.0
8190,2024-07-20,4,108,2,4.5,9.0
8191,2024-07-20,4,102,1,4.0,4.0
8192,2024-07-20,4,104,1,4.2,4.2
8193,2024-07-20,4,108,1,4.5,4.5
8194,2024-07-20,4,102,1,4.0,4.0
8195,2024-07-20,4,102,1,4.0,4.0
8196,2024-07-20,4,110,3,3.4,10.2
8197,2024-07-20,5,108,2,4.5,9.0
8198,2024-07-20,5,106,2,3.2,6.4
8199,2024-07-20,5,102,1,4.0,4.0
8200,2024-07-20,5,107,1,3.5,3.5
8201,2024-07-20,5,103,1,3.9,3.9
8202,2024-07-20,5,105,1,4.1,4.1
8203,2024-07-20,5,106,3,3.2,9.6
8204,2024-07-20,5,104,1,4.2,4.2
8205,2024-07-20,5,101,1,3.8,3.8
8206,2024-07-20,5,108,1,4.5,4.5
8207,2024-07-20,6,106,1,3.2,3.2
8208,2024-07-20,6,106,1,3.2,3.2
8209,2024-07-20,6,108,2,4.5,9.0
8210,2024-07-20,6,101,1,3.8,3.8
8211,2024-07-20,6,103,1,3.9,3.9
8212,2024-07-20,6,103,1,3.9,3.9
8213,2024-07-20,6,101,1,3.8,3.8
8214,2024-07-20,6,104,1,4.2,4.2
8215,2024-07-20,6,106,2,3.2,6.4
8216,2024-07-20,6,101,1,3.8,3.8
8217,2024-07-20,7,108,2,4.5,9.0
8218,2024-07-20,7,106,1,3.2,3.2
8219,2024-07-20,7,104,2,4.2,8.4
8220,2024-07-20,7,103,3,3.9,11.7
8221,2024-07-20,7,103,3,3.9,11.7
8222,2024-07-20,7,103,3,3.9,11.7
8223,2024-07-20,7,103,2,3.9,7.8
8224,2024-07-20,8,106,1,3.2,3.2
8225,2024-07-20,8,102,1,4.0,4.0
8226,2024-07-20,8,107,1,3.5,3.5
8227,2024-07-20,8,102,1,4.0,4.0
8228,2024-07-20,8,104,1,4.2,4.2
8229,2024-07-20,8,106,3,3.2,9.6
8230,2024-07-20,8,107,1,3.5,3.5
8231,2024-07-20,8,103,1,3.9,3.9
8232,2024-07-20,9,107,2,3.5,7.0
8233,2024-07-20,9,107,2,3.5,7.0
8234,2024-07-20,9,101,1,3.8,3.8
8235,2024-07-20,9,103,2,3.9,7.8
8236,2024-07-20,9,108,1,4.5,4.5
8237,2024-07-20,9,107,1,3.5,3.5
8238,2024-07-20,9,102,1,4.0,4.0
8239,2024-07-20,9,101,1,3.8,3.8
8240,2024-07-20,9,106,1,3.2,3.2
8241,2024-07-20,9,102,1,4.0,4.0
8242,2024-07-20,10,110,1,3.4,3.4
8243,2024-07-20,10,106,1,3.2,3.2
8244,2024-07-20,10,105,1,4.1,4.1
8245,2024-07-20,10,102,1,4.0,4.0
8246,2024-07-20,10,106,1,3.2,3.2
8247,2024-07-20,10,104,1,4.2,4.2
8248,2024-07-20,10,103,1,3.9,3.9
8249,2024-07-20,10,107,1,3.5,3.5
8250,2024-07-20,10,107,2,3.5,7.0
8251,2024-07-20,10,106,1,3.2,3.2
8252,2024-07-20,11,101,1,3.8,3.8
8253,2024-07-20,11,105,1,4.1,4.1
8254,2024-07-20,11,106,1,3.2,3.2
8255,2024-07-20,11,107,1,3.5,3.5
8256,2024-07-20,11,102,3,4.0,12.0
8257,2024-07-20,11,101,1,3.8,3.8
8258,2024-07-20,11,108,2,4.5,9.0
8259,2024-07-20,11,104,1,4.2,4.2
8260,2024-07-20,11,106,2,3.2,6.4
8261,2024-07-20,11,106,1,3.2,3.2
8262,2024-07-20,12,107,1,3.5,3.5
8263,2024-07-20,12,105,1,4.1,4.1
8264,2024-07-20,12,101,2,3.8,7.6
8265,2024-07-20,12,104,1,4.2,4.2
8266,2024-07-20,12,110,1,3.4,3.4
8267,2024-07-20,12,105,1,4.1,4.1
8268,2024-07-20,12,106,1,3.2,3.2
8269,2024-07-20,12,109,1,2.2,2.2
8270,2024-07-20,12,110,2,3.4,6.8
8271,2024-07-21,1,108,1,4.5,4.5
8272,2024-07-21,1,101,2,3.8,7.6
8273,2024-07-21,1,102,1,4.0,4.0
8274,2024-07-21,1,107,2,3.5,7.0
8275,2024-07-21,1,103,1,3.9,3.9
8276,2024-07-21,1,103,1,3.9,3.9
8277,2024-07-21,1,105,1,4.1,4.1
8278,2024-07-21,1,107,1,3.5,3.5
8279,2024-07-21,1,109,1,2.2,2.2
8280,2024-07-21,2,106,1,3.2,3.2
8281,2024-07-21,2,106,1,3.2,3.2
8282,2024-07-21,2,103,1,3.9,3.9
8283,2024-07-21,2,106,1,3.2,3.2
8284,2024-07-21,2,101,1,3.8,3.8
8285,2024-07-21,2,107,1,3.5,3.5
8286,2024-07-21,2,101,2,3.8,7.6
8287,2024-07-21,2,104,2,4.2,8.4
8288,2024-07-21,3,104,1,4.2,4.2
8289,2024-07-21,3,109,1,2.2,2.2
8290,2024-07-21,3,102,2,4.0,8.0
8291,2024-07-21,3,110,1,3.4,3.4
8292,2024-07-21,3,108,1,4.5,4.5
8293,2024-07-21,3,103,1,3.9,3.9
8294,2024-07-21,3,110,1,3.4,3.4
8295,2024-07-21,4,107,1,3.5,3.5
8296,2024-07-21,4,110,2,3.4,6.8
8297,2024-07-21,4,107,1,3.5,3.5
8298,2024-07-21,4,108,2,4.5,9.0
8299,2024-07-21,4,107,1,3.5,3.5
8300,2024-07-21,4,102,1,4.0,4.0
8301,2024-07-21,4,101,1,3.8,3.8
8302,2024-07-21,5,108,1,4.5,4.5
8303,2024-07-21,5,104,1,4.2,4.2
8304,2024-07-21,5,108,1,4.5,4.5
8305,2024-07-21,5,103,2,3.9,7.8
8306,2024-07-21,5,107,1,3.5,3.5
8307,2024-07-21,5,109,2,2.2,4.4
8308,2024-07-21,5,106,1,3.2,3.2
8309,2024-07-21,5,105,1,4.1,4.1
8310,2024-07-21,5,101,2,3.8,7.6
8311,2024-07-21,5,107,1,3.5,3.5
8312,2024-07-21,6,103,2,3.9,7.8
8313,2024-07-21,6,101,2,3.8,7.6
8314,2024-07-21,6,108,1,4.5,4.5
8315,2024-07-21,6,108,1,4.5,4.5
8316,2024-07-21,6,103,1,3.9,3.9
8317,2024-07-21,6,107,2,3.5,7.0
8318,2024-07-21,6,101,2,3.8,7.6
8319,2024-07-21,6,107,2,3.5,7.0
8320,2024-07-21,6,104,1,4.2,4.2
8321,2024-07-21,6,105,1,4.1,4.1
8322,2024-07-21,7,101,1,3.8,3.8
8323,2024-07-21,7,109,1,2.2,2.2
8324,2024-07-21,7,107,1,3.5,3.5
8325,2024-07-21,7,106,2,3.2,6.4
8326,2024-07-21,7,107,1,3.5,3.5
8327,2024-07-21,7,109,1,2.2,2.2
8328,2024-07-21,7,109,1,2.2,2.2
8329,2024-07-21,8,107,1,3.5,3.5
8330,2024-07-21,8,101,1,3.8,3.8
8331,2024-07-21,8,107,3,3.5,10.5
8332,2024-07-21,8,101,3,3.8,11.4
8333,2024-07-21,8,101,1,3.8,3.8
8334,2024-07-21,8,106,2,3.2,6.4
8335,2024-07-21,8,108,1,4.5,4.5
8336,2024-07-21,8,106,2,3.2,6.4
8337,2024-07-21,8,107,1,3.5,3.5
8338,2024-07-21,9,101,1,3.8,3.8
8339,2024-07-21,9,107,3,3.5,10.5
8340,2024-07-21,9,102,1,4.0,4.0
8341,2024-07-21,9,105,1,4.1,4.1
8342,2024-07-21,9,105,2,4.1,8.2
8343,2024-07-21,9,107,1,3.5,3.5
8344,2024-07-21,9,102,1,4.0,4.0
8345,2024-07-21,10,108,1,4.5,4.5
8346,2024-07-21,10,101,1,3.8,3.8
8347,2024-07-21,10,106,2,3.2,6.4
8348,2024-07-21,10,108,1,4.5,4.5
8349,2024-07-21,10,101,1,3.8,3.8
8350,2024-07-21,10,107,1,3.5,3.5
8351,2024-07-21,10,104,1,4.2,4.2
8352,2024-07-21,10,107,1,3.5,3.5
8353,2024-07-21,11,104,1,4.2,4.2
8354,2024-07-21,11,102,1,4.0,4.0
8355,2024-07-21,11,101,2,3.8,7.6
8356,2024-07-21,11,107,1,3.5,3.5
8357,2024-07-21,11,104,2,4.2,8.4
8358,2024-07-21,11,101,1,3.8,3.8
8359,2024-07-21,11,105,1,4.1,4.1
8360,2024-07-21,11,105,1,4.1,4.1
8361,2024-07-21,12,106,1,3.2,3.2
8362,2024-07-21,12,103,2,3.9,7.8
8363,2024-07-21,12,101,2,3.8,7.6
8364,2024-07-21,12,106,1,3.2,3.2
8365,2024-07-21,12,104,1,4.2,4.2
8366,2024-07-21,12,102,1,4.0,4.0
8367,2024-07-21,12,108,1,4.5,4.5
8368,2024-07-22,1,110,1,3.4,3.4
8369,2024-07-22,1,106,2,3.2,6.4
8370,2024-07-22,1,109,1,2.2,2.2
8371,2024-07-22,1,103,2,3.9,7.8
8372,2024-07-22,1,104,1,4.2,4.2
8373,2024-07-22,1,101,1,3.8,3.8
8374,2024-07-22,1,106,1,3.2,3.2
8375,2024-07-22,1,106,1,3.2,3.2
8376,2024-07-22,2,103,1,3.9,3.9
8377,2024-07-22,2,103,1,3.9,3.9
8378,2024-07-22,2,101,1,3.8,3.8
8379,2024-07-22,2,107,1,3.5,3.5
8380,2024-07-22,2,103,1,3.9,3.9
8381,2024-07-22,2,107,1,3.5,3.5
8382,2024-07-22,2,108,1,4.5,4.5
8383,2024-07-22,2,108,2,4.5,9.0
8384,2024-07-22,2,102,1,4.0,4.0
8385,2024-07-22,3,101,2,3.8,7.6
8386,2024-07-22,3,106,1,3.2,3.2
8387,2024-07-22,3,107,1,3.5,3.5
8388,2024-07-22,3,107,1,3.5,3.5
8389,2024-07-22,3,103,1,3.9,3.9
8390,2024-07-22,3,107,1,3.5,3.5
8391,2024-07-22,3,105,2,4.1,8.2
8392,2024-07-22,3,109,2,2.2,4.4
8393,2024-07-22,3,105,1,4.1,4.1
8394,2024-07-22,4,108,1,4.5,4.5
8395,2024-07-22,4,103,1,3.9,3.9
8396,2024-07-22,4,103,1,3.9,3.9
8397,2024-07-22,4,106,2,3.2,6.4
8398,2024-07-22,4,105,1,4.1,4.1
8399,2024-07-22,4,104,1,4.2,4.2
8400,2024-07-22,4,108,1,4.5,4.5
8401,2024-07-22,5,105,1,4.1,4.1
8402,2024-07-22,5,108,2,4.5,9.0
8403,2024-07-22,5,101,1,3.8,3.8
8404,2024-07-22,5,101,1,3.8,3.8
8405,2024-07-22,5,109,1,2.2,2.2
8406,2024-07-22,5,108,2,4.5,9.0
8407,2024-07-22,5,102,1,4.0,4.0
8408,2024-07-22,6,108,2,4.5,9.0
8409,2024-07-22,6,106,1,3.2,3.2
8410,2024-07-22,6,102,1,4.0,4.0
8411,2024-07-22,6,104,1,4.2,4.2
8412,2024-07-22,6,101,1,3.8,3.8
8413,2024-07-22,6,106,1,3.2,3.2
8414,2024-07-22,6,107,1,3.5,3.5
8415,2024-07-22,7,108,1,4.5,4.5
8416,2024-07-22,7,102,1,4.0,4.0
8417,2024-07-22,7,101,2,3.8,7.6
8418,2024-07-22,7,108,1,4.5,4.5
8419,2024-07-22,7,101,2,3.8,7.6
8420,2024-07-22,7,101,1,3.8,3.8
8421,2024-07-22,7,104,1,4.2,4.2
8422,2024-07-22,7,101,1,3.8,3.8
8423,2024-07-22,7,104,1,4.2,4.2
8424,2024-07-22,8,103,1,3.9,3.9
8425,2024-07-22,8,106,2,3.2,6.4
8426,2024-07-22,8,108,1,4.5,4.5
8427,2024-07-22,8,107,1,3.5,3.5
8428,2024-07-22,8,106,1,3.2,3.2
8429,2024-07-22,8,108,1,4.5,4.5
8430,2024-07-22,8,110,3,3.4,10.2
8431,2024-07-22,8,108,1,4.5,4.5
8432,2024-07-22,9,107,1,3.5,3.5
8433,2024-07-22,9,101,1,3.8,3.8
8434,2024-07-22,9,103,1,3.9,3.9
8435,2024-07-22,9,107,2,3.5,7.0
8436,2024-07-22,9,105,1,4.1,4.1
8437,2024-07-22,9,106,2,3.2,6.4
8438,2024-07-22,9,108,1,4.5,4.5
8439,2024-07-22,9,102,1,4.0,4.0
8440,2024-07-22,9,104,2,4.2,8.4
8441,2024-07-22,10,108,1,4.5,4.5
8442,2024-07-22,10,102,1,4.0,4.0
8443,2024-07-22,10,105,1,4.1,4.1
8444,2024-07-22,10,104,1,4.2,4.2
8445,2024-07-22,10,105,1,4.1,4.1
8446,2024-07-22,10,104,1,4.2,4.2
8447,2024-07-22,10,108,1,4.5,4.5
8448,2024-07-22,11,106,1,3.2,3.2
8449,2024-07-22,11,104,1,4.2,4.2
8450,2024-07-22,11,107,2,3.5,7.0
8451,2024-07-22,11,104,2,4.2,8.4
8452,2024-07-22,11,105,1,4.1,4.1
8453,2024-07-22,11,103,2,3.9,7.8
8454,2024-07-22,11,105,2,4.1,8.2
8455,2024-07-22,11,103,1,3.9,3.9
8456,2024-07-22,12,106,1,3.2,3.2
8457,2024-07-22,12,107,1,3.5,3.5
8458,2024-07-22,12,104,1,4.2,4.2
8459,2024-07-22,12,109,1,2.2,2.2
8460,2024-07-22,12,104,1,4.2,4.2
8461,2024-07-22,12,103,1,3.9,3.9
8462,2024-07-22,12,103,1,3.9,3.9
8463,2024-07-22,12,108,1,4.5,4.5
8464,2024-07-22,12,102,1,4.0,4.0
8465,2024-07-23,1,107,1,3.5,3.5
8466,2024-07-23,1,105,1,4.1,4.1
8467,2024-07-23,1,109,1,2.2,2.2
8468,2024-07-23,1,106,1,3.2,3.2
8469,2024-07-23,1,101,1,3.8,3.8
8470,2024-07-23,1,108,1,4.5,4.5
8471,2024-07-23,1,108,2,4.5,9.0
8472,2024-07-23,2,106,1,3.2,3.2
8473,2024-07-23,2,103,3,3.9,11.7
8474,2024-07-23,2,108,1,4.5,4.5
8475,2024-07-23,2,104,1,4.2,4.2
8476,2024-07-23,2,107,1,3.5,3.5
8477,2024-07-23,2,109,1,2.2,2.2
8478,2024-07-23,2,109,1,2.2,2.2
8479,2024-07-23,2,102,1,4.0,4.0
8480,2024-07-23,2,105,1,4.1,4.1
8481,2024-07-23,3,103,1,3.9,3.9
8482,2024-07-23,3,107,1,3.5,3.5
8483,2024-07-23,3,107,1,3.5,3.5
8484,2024-07-23,3,105,2,4.1,8.2
8485,2024-07-23,3,105,1,4.1,4.1
8486,2024-07-23,3,104,1,4.2,4.2
8487,2024-07-23,3,109,1,2.2,2.2
8488,2024-07-23,3,102,1,4.0,4.0
8489,2024-07-23,4,107,1,3.5,3.5
8490,2024-07-23,4,108,1,4.5,4.5
8491,2024-07-23,4,106,1,3.2,3.2
8492,2024-07-23,4,105,1,4.1,4.1
8493,2024-07-23,4,102,1,4.0,4.0
8494,2024-07-23,4,103,1,3.9,3.9
8495,2024-07-23,4,110,1,3.4,3.4
8496,2024-07-23,4,102,1,4.0,4.0
8497,2024-07-23,4,108,1,4.5,4.5
8498,2024-07-23,4,104,1,4.2,4.2
8499,2024-07-23,5,104,1,4.2,4.2
8500,2024-07-23,5,109,1,2.2,2.2
8501,2024-07-23,5,101,1,3.8,3.8
8502,2024-07-23,5,101,1,3.8,3.8
8503,2024-07-23,5,104,2,4.2,8.4
8504,2024-07-23,5,106,1,3.2,3.2
8505,2024-07-23,5,108,1,4.5,4.5
8506,2024-07-23,5,109,1,2.2,2.2
8507,2024-07-23,6,101,2,3.8,7.6
8508,2024-07-23,6,103,1,3.9,3.9
8509,2024-07-23,6,102,1,4.0,4.0
8510,2024-07-23,6,108,1,4.5,4.5
8511,2024-07-23,6,105,1,4.1,4.1
8512,2024-07-23,6,102,2,4.0,8.0
8513,2024-07-23,6,106,1,3.2,3.2
8514,2024-07-23,6,109,1,2.2,2.2
8515,2024-07-23,6,108,1,4.5,4.5
8516,2024-07-23,7,102,2,4.0,8.0
8517,2024-07-23,7,106,1,3.2,3.2
8518,2024-07-23,7,103,1,3.9,3.9
8519,2024-07-23,7,103,2,3.9,7.8
8520,2024-07-23,7,103,2,3.9,7.8
8521,2024-07-23,7,110,2,3.4,6.8
8522,2024-07-23,7,106,2,3.2,6.4
8523,2024-07-23,7,103,3,3.9,11.7
8524,2024-07-23,8,104,1,4.2,4.2
8525,2024-07-23,8,104,1,4.2,4.2
8526,2024-07-23,8,102,1,4.0,4.0
8527,2024-07-23,8,103,1,3.9,3.9
8528,2024-07-23,8,102,1,4.0,4.0
8529,2024-07-23,8,108,1,4.5,4.5
8530,2024-07-23,8,107,1,3.5,3.5
8531,2024-07-23,8,105,2,4.1,8.2
8532,2024-07-23,9,107,1,3.5,3.5
8533,2024-07-23,9,103,1,3.9,3.9
8534,2024-07-23,9,102,2,4.0,8.0
8535,2024-07-23,9,103,1,3.9,3.9
8536,2024-07-23,9,108,1,4.5,4.5
8537,2024-07-23,9,104,1,4.2,4.2
8538,2024-07-23,9,109,1,2.2,2.2
8539,2024-07-23,10,101,1,3.8,3.8
8540,2024-07-23,10,106,2,3.2,6.4
8541,2024-07-23,10,105,1,4.1,4.1
8542,2024-07-23,10,103,1,3.9,3.9
8543,2024-07-23,10,101,1,3.8,3.8
8544,2024-07-23,10,101,1,3.8,3.8
8545,2024-07-23,10,108,2,4.5,9.0
8546,2024-07-23,11,103,1,3.9,3.9
8547,2024-07-23,11,108,1,4.5,4.5
8548,2024-07-23,11,107,1,3.5,3.5
8549,2024-07-23,11,103,1,3.9,3.9
8550,2024-07-23,11,101,1,3.8,3.8
8551,2024-07-23,11,105,1,4.1,4.1
8552,2024-07-23,11,103,2,3.9,7.8
8553,2024-07-23,11,103,3,3.9,11.7
8554,2024-07-23,11,103,1,3.9,3.9
8555,2024-07-23,12,103,1,3.9,3.9
8556,2024-07-23,12,104,1,4.2,4.2
8557,2024-07-23,12,107,1,3.5,3.5
8558,2024-07-23,12,110,3,3.4,10.2
8559,2024-07-23,12,103,1,3.9,3.9
8560,2024-07-23,12,102,1,4.0,4.0
8561,2024-07-23,12,104,2,4.2,8.4
8562,2024-07-23,12,105,1,4.1,4.1
8563,2024-07-23,12,107,2,3.5,7.0
8564,2024-07-24,1,108,1,4.5,4.5
8565,2024-07-24,1,109,1,2.2,2.2
8566,2024-07-24,1,101,1,3.8,3.8
8567,2024-07-24,1,102,1,4.0,4.0
8568,2024-07-24,1,103,1,3.9,3.9
8569,2024-07-24,1,109,1,2.2,2.2
8570,2024-07-24,1,102,1,4.0,4.0
8571,2024-07-24,2,105,1,4.1,4.1
8572,2024-07-24,2,108,1,4.5,4.5
8573,2024-07-24,2,102,1,4.0,4.0
8574,2024-07-24,2,101,1,3.8,3.8
8575,2024-07-24,2,104,1,4.2,4.2
8576,2024-07-24,2,103,2,3.9,7.8
8577,2024-07-24,2,107,1,3.5,3.5
8578,2024-07-24,2,106,1,3.2,3.2
8579,2024-07-24,2,104,1,4.2,4.2
8580,2024-07-24,2,102,1,4.0,4.0
8581,2024-07-24,3,108,1,4.5,4.5
8582,2024-07-24,3,110,1,3.4,3.4
8583,2024-07-24,3,105,1,4.1,4.1
8584,2024-07-24,3,108,1,4.5,4.5
8585,2024-07-24,3,105,2,4.1,8.2
8586,2024-07-24,3,101,1,3.8,3.8
8587,2024-07-24,3,103,2,3.9,7.8
8588,2024-07-24,3,107,1,3.5,3.5
8589,2024-07-24,3,102,2,4.0,8.0
8590,2024-07-24,4,107,1,3.5,3.5
8591,2024-07-24,4,108,1,4.5,4.5
8592,2024-07-24,4,110,1,3.4,3.4
8593,2024-07-24,4,107,2,3.5,7.0
8594,2024-07-24,4,106,1,3.2,3.2
8595,2024-07-24,4,108,2,4.5,9.0
8596,2024-07-24,4,105,1,4.1,4.1
8597,2024-07-24,5,107,1,3.5,3.5
8598,2024-07-24,5,102,1,4.0,4.0
8599,2024-07-24,5,104,1,4.2,4.2
8600,2024-07-24,5,108,1,4.5,4.5
8601,2024-07-24,5,103,2,3.9,7.8
8602,2024-07-24,5,102,3,4.0,12.0
8603,2024-07-24,5,108,1,4.5,4.5
8604,2024-07-24,6,105,1,4.1,4.1
8605,2024-07-24,6,108,1,4.5,4.5
8606,2024-07-24,6,105,1,4.1,4.1
8607,2024-07-24,6,104,2,4.2,8.4
8608,2024-07-24,6,107,1,3.5,3.5
8609,2024-07-24,6,102,1,4.0,4.0
8610,2024-07-24,6,109,1,2.2,2.2
8611,2024-07-24,6,108,1,4.5,4.5
8612,2024-07-24,6,110,1,3.4,3.4
8613,2024-07-24,6,105,1,4.1,4.1
8614,2024-07-24,7,102,1,4.0,4.0
8615,2024-07-24,7,107,2,3.5,7.0
8616,2024-07-24,7,107,1,3.5,3.5
8617,2024-07-24,7,103,2,3.9,7.8
8618,2024-07-24,7,106,1,3.2,3.2
8619,2024-07-24,7,102,1,4.0,4.0
8620,2024-07-24,7,107,1,3.5,3.5
8621,2024-07-24,7,102,1,4.0,4.0
8622,2024-07-24,7,110,2,3.4,6.8
8623,2024-07-24,8,108,2,4.5,9.0
8624,2024-07-24,8,102,1,4.0,4.0
8625,2024-07-24,8,103,1,3.9,3.9
8626,2024-07-24,8,101,2,3.8,7.6
8627,2024-07-24,8,105,2,4.1,8.2
8628,2024-07-24,8,104,2,4.2,8.4
8629,2024-07-24,8,106,1,3.2,3.2
8630,2024-07-24,8,101,1,3.8,3.8
8631,2024-07-24,8,109,1,2.2,2.2
8632,2024-07-24,8,107,1,3.5,3.5
8633,2024-07-24,9,107,1,3.5,3.5
8634,2024-07-24,9,108,1,4.5,4.5
8635,2024-07-24,9,108,1,4.5,4.5
8636,2024-07-24,9,108,1,4.5,4.5
8637,2024-07-24,9,106,1,3.2,3.2
8638,2024-07-24,9,103,1,3.9,3.9
8639,2024-07-24,9,101,1,3.8,3.8
8640,2024-07-24,9,101,1,3.8,3.8
8641,2024-07-24,10,106,3,3.2,9.6
8642,2024-07-24,10,106,1,3.2,3.2
8643,2024-07-24,10,103,2,3.9,7.8
8644,2024-07-24,10,103,1,3.9,3.9
8645,2024-07-24,10,105,2,4.1,8.2
8646,2024-07-24,10,101,1,3.8,3.8
8647,2024-07-24,10,104,2,4.2,8.4
8648,2024-07-24,10,106,1,3.2,3.2
8649,2024-07-24,10,106,1,3.2,3.2
8650,2024-07-24,10,103,2,3.9,7.8
8651,2024-07-24,11,108,1,4.5,4.5
8652,2024-07-24,11,101,1,3.8,3.8
8653,2024-07-24,11,101,1,3.8,3.8
8654,2024-07-24,11,106,1,3.2,3.2
8655,2024-07-24,11,106,1,3.2,3.2
8656,2024-07-24,11,101,2,3.8,7.6
8657,2024-07-24,11,102,1,4.0,4.0
8658,2024-07-24,11,106,1,3.2,3.2
8659,2024-07-24,11,107,1,3.5,3.5
8660,2024-07-24,11,105,1,4.1,4.1
8661,2024-07-24,12,107,2,3.5,7.0
8662,2024-07-24,12,110,1,3.4,3.4
8663,2024-07-24,12,108,1,4.5,4.5
8664,2024-07-24,12,103,1,3.9,3.9
8665,2024-07-24,12,102,2,4.0,8.0
8666,2024-07-24,12,105,2,4.1,8.2
8667,2024-07-24,12,106,3,3.2,9.6
8668,2024-07-24,12,107,1,3.5,3.5
8669,2024-07-24,12,105,1,4.1,4.1
8670,2024-07-24,12,101,1,3.8,3.8
8671,2024-07-25,1,105,1,4.1,4.1
8672,2024-07-25,1,107,1,3.5,3.5
8673,2024-07-25,1,102,2,4.0,8.0
8674,2024-07-25,1,108,2,4.5,9.0
8675,2024-07-25,1,103,1,3.9,3.9
8676,2024-07-25,1,103,1,3.9,3.9
8677,2024-07-25,1,108,1,4.5,4.5
8678,2024-07-25,1,105,1,4.1,4.1
8679,2024-07-25,1,104,1,4.2,4.2
8680,2024-07-25,1,107,1,3.5,3.5
8681,2024-07-25,2,107,1,3.5,3.5
8682,2024-07-25,2,101,2,3.8,7.6
8683,2024-07-25,2,106,2,3.2,6.4
8684,2024-07-25,2,104,1,4.2,4.2
8685,2024-07-25,2,109,2,2.2,4.4
8686,2024-07-25,2,102,1,4.0,4.0
8687,2024-07-25,2,109,1,2.2,2.2
8688,2024-07-25,2,107,1,3.5,3.5
8689,2024-07-25,2,107,2,3.5,7.0
8690,2024-07-25,3,103,2,3.9,7.8
8691,2024-07-25,3,105,2,4.1,8.2
8692,2024-07-25,3,109,1,2.2,2.2
8693,2024-07-25,3,107,1,3.5,3.5
8694,2024-07-25,3,107,2,3.5,7.0
8695,2024-07-25,3,102,1,4.0,4.0
8696,2024-07-25,3,107,1,3.5,3.5
8697,2024-07-25,4,105,1,4.1,4.1
8698,2024-07-25,4,107,1,3.5,3.5
8699,2024-07-25,4,107,1,3.5,3.5
8700,2024-07-25,4,107,1,3.5,3.5
8701,2024-07-25,4,103,1,3.9,3.9
8702,2024-07-25,4,104,1,4.2,4.2
8703,2024-07-25,4,103,1,3.9,3.9
8704,2024-07-25,5,104,1,4.2,4.2
8705,2024-07-25,5,101,1,3.8,3.8
8706,2024-07-25,5,101,1,3.8,3.8
8707,2024-07-25,5,102,2,4.0,8.0
8708,2024-07-25,5,107,1,3.5,3.5
8709,2024-07-25,5,104,1,4.2,4.2
8710,2024-07-25,5,104,1,4.2,4.2
8711,2024-07-25,6,104,2,4.2,8.4
8712,2024-07-25,6,105,1,4.1,4.1
8713,2024-07-25,6,105,2,4.1,8.2
8714,2024-07-25,6,103,2,3.9,7.8
8715,2024-07-25,6,103,1,3.9,3.9
8716,2024-07-25,6,102,1,4.0,4.0
8717,2024-07-25,6,106,1,3.2,3.2
8718,2024-07-25,7,107,1,3.5,3.5
8719,2024-07-25,7,109,2,2.2,4.4
8720,2024-07-25,7,103,1,3.9,3.9
8721,2024-07-25,7,102,3,4.0,12.0
8722,2024-07-25,7,105,1,4.1,4.1
8723,2024-07-25,7,110,1,3.4,3.4
8724,2024-07-25,7,101,3,3.8,11.4
8725,2024-07-25,7,109,1,2.2,2.2
8726,2024-07-25,7,101,1,3.8,3.8
8727,2024-07-25,8,102,2,4.0,8.0
8728,2024-07-25,8,104,1,4.2,4.2
8729,2024-07-25,8,110,1,3.4,3.4
8730,2024-07-25,8,107,1,3.5,3.5
8731,2024-07-25,8,103,2,3.9,7.8
8732,2024-07-25,8,103,1,3.9,3.9
8733,2024-07-25,8,108,2,4.5,9.0
8734,2024-07-25,8,101,3,3.8,11.4
8735,2024-07-25,8,107,1,3.5,3.5
8736,2024-07-25,9,105,2,4.1,8.2
8737,2024-07-25,9,103,1,3.9,3.9
8738,2024-07-25,9,108,1,4.5,4.5
8739,2024-07-25,9,104,1,4.2,4.2
8740,2024-07-25,9,106,1,3.2,3.2
8741,2024-07-25,9,109,2,2.2,4.4
8742,2024-07-25,9,106,1,3.2,3.2
8743,2024-07-25,10,101,1,3.8,3.8
8744,2024-07-25,10,107,1,3.5,3.5
8745,2024-07-25,10,106,3,3.2,9.6
8746,2024-07-25,10,108,1,4.5,4.5
8747,2024-07-25,10,101,1,3.8,3.8
8748,2024-07-25,10,101,1,3.8,3.8
8749,2024-07-25,10,110,1,3.4,3.4
8750,2024-07-25,10,101,1,3.8,3.8
8751,2024-07-25,11,104,3,4.2,12.6
8752,2024-07-25,11,101,1,3.8,3.8
8753,2024-07-25,11,107,1,3.5,3.5
8754,2024-07-25,11,104,1,4.2,4.2
8755,2024-07-25,11,101,1,3.8,3.8
8756,2024-07-25,11,107,1,3.5,3.5
8757,2024-07-25,11,105,1,4.1,4.1
8758,2024-07-25,11,105,1,4.1,4.1
8759,2024-07-25,11,107,3,3.5,10.5
8760,2024-07-25,12,103,1,3.9,3.9
8761,2024-07-25,12,103,1,3.9,3.9
8762,2024-07-25,12,105,1,4.1,4.1
8763,2024-07-25,12,102,1,4.0,4.0
8764,2024-07-25,12,109,1,2.2,2.2
8765,2024-07-25,12,110,3,3.4,10.2
8766,2024-07-25,12,104,1,4.2,4.2
8767,2024-07-25,12,108,1,4.5,4.5
8768,2024-07-25,12,106,1,3.2,3.2
8769,2024-07-26,1,106,1,3.2,3.2
8770,2024-07-26,1,103,2,3.9,7.8
8771,2024-07-26,1,101,1,3.8,3.8
8772,2024-07-26,1,105,1,4.1,4.1
8773,2024-07-26,1,108,1,4.5,4.5
8774,2024-07-26,1,104,1,4.2,4.2
8775,2024-07-26,1,102,1,4.0,4.0
8776,2024-07-26,1,108,1,4.5,4.5
8777,2024-07-26,2,103,1,3.9,3.9
8778,2024-07-26,2,108,1,4.5,4.5
8779,2024-07-26,2,110,1,3.4,3.4
8780,2024-07-26,2,108,1,4.5,4.5
8781,2024-07-26,2,101,1,3.8,3.8
8782,2024-07-26,2,103,1,3.9,3.9
8783,2024-07-26,2,110,1,3.4,3.4
8784,2024-07-26,3,107,2,3.5,7.0
8785,2024-07-26,3,106,1,3.2,3.2
8786,2024-07-26,3,102,1,4.0,4.0
8787,2024-07-26,3,109,1,2.2,2.2
8788,2024-07-26,3,109,1,2.2,2.2
8789,2024-07-26,3,103,2,3.9,7.8
8790,2024-07-26,3,105,1,4.1,4.1
8791,2024-07-26,3,106,2,3.2,6.4
8792,2024-07-26,3,107,1,3.5,3.5
8793,2024-07-26,3,107,2,3.5,7.0
8794,2024-07-26,4,105,1,4.1,4.1
8795,2024-07-26,4,107,1,3.5,3.5
8796,2024-07-26,4,107,2,3.5,7.0
8797,2024-07-26,4,108,1,4.5,4.5
8798,2024-07-26,4,102,3,4.0,12.0
8799,2024-07-26,4,101,1,3.8,3.8
8800,2024-07-26,4,105,1,4.1,4.1
8801,2024-07-26,4,103,1,3.9,3.9
8802,2024-07-26,4,105,1,4.1,4.1
8803,2024-07-26,5,103,3,3.9,11.7
8804,2024-07-26,5,109,1,2.2,2.2
8805,2024-07-26,5,104,1,4.2,4.2
8806,2024-07-26,5,101,2,3.8,7.6
8807,2024-07-26,5,101,3,3.8,11.4
8808,2024-07-26,5,106,1,3.2,3.2
8809,2024-07-26,5,102,1,4.0,4.0
8810,2024-07-26,5,108,2,4.5,9.0
8811,2024-07-26,5,109,2,2.2,4.4
8812,2024-07-26,5,106,1,3.2,3.2
8813,2024-07-26,6,103,1,3.9,3.9
8814,2024-07-26,6,108,1,4.5,4.5
8815,2024-07-26,6,110,1,3.4,3.4
8816,2024-07-26,6,108,1,4.5,4.5
8817,2024-07-26,6,103,1,3.9,3.9
8818,2024-07-26,6,102,2,4.0,8.0
8819,2024-07-26,6,107,1,3.5,3.5
8820,2024-07-26,6,104,1,4.2,4.2
8821,2024-07-26,7,110,1,3.4,3.4
8822,2024-07-26,7,108,1,4.5,4.5
8823,2024-07-26,7,103,1,3.9,3.9
8824,2024-07-26,7,105,2,4.1,8.2
8825,2024-07-26,7,107,2,3.5,7.0
8826,2024-07-26,7,105,2,4.1,8.2
8827,2024-07-26,7,103,1,3.9,3.9
8828,2024-07-26,8,104,2,4.2,8.4
8829,2024-07-26,8,101,1,3.8,3.8
8830,2024-07-26,8,109,1,2.2,2.2
8831,2024-07-26,8,102,1,4.0,4.0
8832,2024-07-26,8,105,1,4.1,4.1
8833,2024-07-26,8,108,2,4.5,9.0
8834,2024-07-26,8,105,1,4.1,4.1
8835,2024-07-26,8,105,1,4.1,4.1
8836,2024-07-26,9,105,1,4.1,4.1
8837,2024-07-26,9,108,1,4.5,4.5
8838,2024-07-26,9,101,1,3.8,3.8
8839,2024-07-26,9,102,1,4.0,4.0
8840,2024-07-26,9,103,1,3.9,3.9
8841,2024-07-26,9,108,1,4.5,4.5
8842,2024-07-26,9,105,3,4.1,12.3
8843,2024-07-26,9,103,1,3.9,3.9
8844,2024-07-26,10,110,1,3.4,3.4
8845,2024-07-26,10,109,1,2.2,2.2
8846,2024-07-26,10,101,2,3.8,7.6
8847,2024-07-26,10,108,1,4.5,4.5
8848,2024-07-26,10,105,1,4.1,4.1
8849,2024-07-26,10,107,2,3.5,7.0
8850,2024-07-26,10,102,2,4.0,8.0
8851,2024-07-26,10,104,1,4.2,4.2
8852,2024-07-26,10,105,1,4.1,4.1
8853,2024-07-26,11,109,1,2.2,2.2
8854,2024-07-26,11,103,1,3.9,3.9
8855,2024-07-26,11,101,1,3.8,3.8
8856,2024-07-26,11,101,1,3.8,3.8
8857,2024-07-26,11,108,1,4.5,4.5
8858,2024-07-26,11,106,2,3.2,6.4
8859,2024-07-26,11,103,1,3.9,3.9
8860,2024-07-26,12,103,1,3.9,3.9
8861,2024-07-26,12,105,1,4.1,4.1
8862,2024-07-26,12,108,2,4.5,9.0
8863,2024-07-26,12,104,3,4.2,12.6
8864,2024-07-26,12,108,3,4.5,13.5
8865,2024-07-26,12,101,1,3.8,3.8
8866,2024-07-26,12,101,1,3.8,3.8
8867,2024-07-26,12,106,1,3.2,3.2
8868,2024-07-27,1,105,1,4.1,4.1
8869,2024-07-27,1,106,2,3.2,6.4
8870,2024-07-27,1,102,1,4.0,4.0
8871,2024-07-27,1,101,1,3.8,3.8
8872,2024-07-27,1,106,1,3.2,3.2
8873,2024-07-27,1,105,2,4.1,8.2
8874,2024-07-27,1,107,1,3.5,3.5
8875,2024-07-27,1,101,1,3.8,3.8
8876,2024-07-27,2,107,2,3.5,7.0
8877,2024-07-27,2,107,1,3.5,3.5
8878,2024-07-27,2,103,1,3.9,3.9
8879,2024-07-27,2,107,1,3.5,3.5
8880,2024-07-27,2,108,1,4.5,4.5
8881,2024-07-27,2,104,1,4.2,4.2
8882,2024-07-27,2,102,3,4.0,12.0
8883,2024-07-27,2,108,2,4.5,9.0
8884,2024-07-27,2,101,2,3.8,7.6
8885,2024-07-27,3,105,1,4.1,4.1
8886,2024-07-27,3,101,1,3.8,3.8
8887,2024-07-27,3,104,2,4.2,8.4
8888,2024-07-27,3,105,1,4.1,4.1
8889,2024-07-27,3,103,1,3.9,3.9
8890,2024-07-27,3,104,2,4.2,8.4
8891,2024-07-27,3,106,1,3.2,3.2
8892,2024-07-27,3,108,1,4.5,4.5
8893,2024-07-27,3,103,1,3.9,3.9
8894,2024-07-27,3,105,1,4.1,4.1
8895,2024-07-27,4,102,1,4.0,4.0
8896,2024-07-27,4,101,1,3.8,3.8
8897,2024-07-27,4,105,1,4.1,4.1
8898,2024-07-27,4,103,2,3.9,7.8
8899,2024-07-27,4,105,1,4.1,4.1
8900,2024-07-27,4,105,1,4.1,4.1
8901,2024-07-27,4,105,1,4.1,4.1
8902,2024-07-27,4,101,1,3.8,3.8
8903,2024-07-27,4,103,1,3.9,3.9
8904,2024-07-27,5,107,1,3.5,3.5
8905,2024-07-27,5,108,1,4.5,4.5
8906,2024-07-27,5,105,2,4.1,8.2
8907,2024-07-27,5,106,3,3.2,9.6
8908,2024-07-27,5,108,1,4.5,4.5
8909,2024-07-27,5,106,1,3.2,3.2
8910,2024-07-27,5,109,1,2.2,2.2
8911,2024-07-27,5,101,1,3.8,3.8
8912,2024-07-27,6,104,1,4.2,4.2
8913,2024-07-27,6,102,1,4.0,4.0
8914,2024-07-27,6,104,2,4.2,8.4
8915,2024-07-27,6,107,1,3.5,3.5
8916,2024-07-27,6,103,1,3.9,3.9
8917,2024-07-27,6,104,1,4.2,4.2
8918,2024-07-27,6,110,3,3.4,10.2
8919,2024-07-27,6,102,1,4.0,4.0
8920,2024-07-27,6,103,3,3.9,11.7
8921,2024-07-27,6,107,1,3.5,3.5
8922,2024-07-27,7,107,1,3.5,3.5
8923,2024-07-27,7,107,1,3.5,3.5
8924,2024-07-27,7,108,1,4.5,4.5
8925,2024-07-27,7,104,2,4.2,8.4
8926,2024-07-27,7,108,2,4.5,9.0
8927,2024-07-27,7,107,1,3.5,3.5
8928,2024-07-27,7,102,1,4.0,4.0
8929,2024-07-27,7,105,1,4.1,4.1
8930,2024-07-27,7,103,2,3.9,7.8
8931,2024-07-27,8,106,2,3.2,6.4
8932,2024-07-27,8,104,1,4.2,4.2
8933,2024-07-27,8,108,1,4.5,4.5
8934,2024-07-27,8,101,1,3.8,3.8
8935,2024-07-27,8,103,3,3.9,11.7
8936,2024-07-27,8,104,1,4.2,4.2
8937,2024-07-27,8,110,1,3.4,3.4
8938,2024-07-27,8,108,1,4.5,4.5
8939,2024-07-27,8,103,1,3.9,3.9
8940,2024-07-27,9,106,1,3.2,3.2
8941,2024-07-27,9,102,1,4.0,4.0
8942,2024-07-27,9,106,1,3.2,3.2
8943,2024-07-27,9,103,2,3.9,7.8
8944,2024-07-27,9,101,1,3.8,3.8
8945,2024-07-27,9,106,1,3.2,3.2
8946,2024-07-27,9,101,1,3.8,3.8
8947,2024-07-27,9,102,1,4.0,4.0
8948,2024-07-27,9,107,1,3.5,3.5
8949,2024-07-27,10,104,2,4.2,8.4
8950,2024-07-27,10,103,1,3.9,3.9
8951,2024-07-27,10,109,1,2.2,2.2
8952,2024-07-27,10,108,2,4.5,9.0
8953,2024-07-27,10,103,2,3.9,7.8
8954,2024-07-27,10,110,1,3.4,3.4
8955,2024-07-27,10,107,3,3.5,10.5
8956,2024-07-27,10,107,3,3.5,10.5
8957,2024-07-27,10,105,1,4.1,4.1
8958,2024-07-27,10,106,1,3.2,3.2
8959,2024-07-27,11,103,1,3.9,3.9
8960,2024-07-27,11,101,3,3.8,11.4
8961,2024-07-27,11,102,2,4.0,8.0
8962,2024-07-27,11,108,1,4.5,4.5
8963,2024-07-27,11,101,1,3.8,3.8
8964,2024-07-27,11,110,1,3.4,3.4
8965,2024-07-27,11,108,1,4.5,4.5
8966,2024-07-27,11,104,1,4.2,4.2
8967,2024-07-27,11,108,1,4.5,4.5
8968,2024-07-27,11,104,3,4.2,12.6
8969,2024-07-27,12,104,1,4.2,4.2
8970,2024-07-27,12,108,1,4.5,4.5
8971,2024-07-27,12,102,1,4.0,4.0
8972,2024-07-27,12,102,2,4.0,8.0
8973,2024-07-27,12,105,1,4.1,4.1
8974,2024-07-27,12,101,1,3.8,3.8
8975,2024-07-27,12,110,1,3.4,3.4
8976,2024-07-27,12,110,1,3.4,3.4
8977,2024-07-27,12,108,2,4.5,9.0
8978,2024-07-28,1,103,2,3.9,7.8
8979,2024-07-28,1,105,2,4.1,8.2
8980,2024-07-28,1,101,1,3.8,3.8
8981,2024-07-28,1,109,1,2.2,2.2
8982,2024-07-28,1,106,1,3.2,3.2
8983,2024-07-28,1,102,1,4.0,4.0
8984,2024-07-28,1,102,2,4.0,8.0
8985,2024-07-28,2,108,2,4.5,9.0
8986,2024-07-28,2,105,1,4.1,4.1
8987,2024-07-28,2,103,1,3.9,3.9
8988,2024-07-28,2,109,1,2.2,2.2
8989,2024-07-28,2,107,1,3.5,3.5
8990,2024-07-28,2,109,1,2.2,2.2
8991,2024-07-28,2,108,1,4.5,4.5
8992,2024-07-28,2,108,1,4.5,4.5
8993,2024-07-28,3,105,1,4.1,4.1
8994,2024-07-28,3,110,1,3.4,3.4
8995,2024-07-28,3,103,1,3.9,3.9
8996,2024-07-28,3,103,1,3.9,3.9
8997,2024-07-28,3,108,1,4.5,4.5
8998,2024-07-28,3,101,1,3.8,3.8
8999,2024-07-28,3,107,2,3.5,7.0
9000,2024-07-28,3,103,1,3.9,3.9
9001,2024-07-28,4,110,1,3.4,3.4
9002,2024-07-28,4,101,1,3.8,3.8
9003,2024-07-28,4,109,1,2.2,2.2
9004,2024-07-28,4,104,2,4.2,8.4
9005,2024-07-28,4,101,1,3.8,3.8
9006,2024-07-28,4,107,2,3.5,7.0
9007,2024-07-28,4,105,1,4.1,4.1
9008,2024-07-28,5,110,1,3.4,3.4
9009,2024-07-28,5,109,2,2.2,4.4
9010,2024-07-28,5,105,1,4.1,4.1
9011,2024-07-28,5,105,1,4.1,4.1
9012,2024-07-28,5,102,1,4.0,4.0
9013,2024-07-28,5,101,1,3.8,3.8
9014,2024-07-28,5,105,1,4.1,4.1
9015,2024-07-28,6,102,2,4.0,8.0
9016,2024-07-28,6,101,2,3.8,7.6
9017,2024-07-28,6,107,2,3.5,7.0
9018,2024-07-28,6,107,1,3.5,3.5
9019,2024-07-28,6,105,1,4.1,4.1
9020,2024-07-28,6,107,1,3.5,3.5
9021,2024-07-28,6,108,2,4.5,9.0
9022,2024-07-28,6,106,1,3.2,3.2
9023,2024-07-28,6,109,3,2.2,6.6
9024,2024-07-28,7,106,1,3.2,3.2
9025,2024-07-28,7,103,3,3.9,11.7
9026,2024-07-28,7,108,1,4.5,4.5
9027,2024-07-28,7,103,1,3.9,3.9
9028,2024-07-28,7,108,1,4.5,4.5
9029,2024-07-28,7,103,1,3.9,3.9
9030,2024-07-28,7,104,1,4.2,4.2
9031,2024-07-28,7,102,2,4.0,8.0
9032,2024-07-28,7,101,1,3.8,3.8
9033,2024-07-28,7,104,2,4.2,8.4
9034,2024-07-28,8,110,2,3.4,6.8
9035,2024-07-28,8,101,1,3.8,3.8
9036,2024-07-28,8,106,1,3.2,3.2
9037,2024-07-28,8,105,2,4.1,8.2
9038,2024-07-28,8,104,2,4.2,8.4
9039,2024-07-28,8,109,1,2.2,2.2
9040,2024-07-28,8,109,2,2.2,4.4
9041,2024-07-28,8,106,1,3.2,3.2
9042,2024-07-28,8,106,1,3.2,3.2
9043,2024-07-28,9,105,2,4.1,8.2
9044,2024-07-28,9,105,2,4.1,8.2
9045,2024-07-28,9,104,2,4.2,8.4
9046,2024-07-28,9,106,1,3.2,3.2
9047,2024-07-28,9,101,1,3.8,3.8
9048,2024-07-28,9,109,1,2.2,2.2
9049,2024-07-28,9,104,1,4.2,4.2
9050,2024-07-28,9,103,3,3.9,11.7
9051,2024-07-28,9,107,1,3.5,3.5
9052,2024-07-28,10,110,2,3.4,6.8
9053,2024-07-28,10,107,1,3.5,3.5
9054,2024-07-28,10,109,2,2.2,4.4
9055,2024-07-28,10,106,1,3.2,3.2
9056,2024-07-28,10,105,2,4.1,8.2
9057,2024-07-28,10,107,1,3.5,3.5
9058,2024-07-28,10,103,1,3.9,3.9
9059,2024-07-28,11,102,1,4.0,4.0
9060,2024-07-28,11,108,1,4.5,4.5
9061,2024-07-28,11,106,1,3.2,3.2
9062,2024-07-28,11,105,1,4.1,4.1
9063,2024-07-28,11,107,1,3.5,3.5
9064,2024-07-28,11,107,2,3.5,7.0
9065,2024-07-28,11,102,1,4.0,4.0
9066,2024-07-28,11,103,2,3.9,7.8
9067,2024-07-28,11,110,1,3.4,3.4
9068,2024-07-28,12,108,2,4.5,9.0
9069,2024-07-28,12,106,1,3.2,3.2
9070,2024-07-28,12,103,2,3.9,7.8
9071,2024-07-28,12,108,1,4.5,4.5
9072,2024-07-28,12,102,2,4.0,8.0
9073,2024-07-28,12,102,1,4.0,4.0
9074,2024-07-28,12,103,1,3.9,3.9
9075,2024-07-28,12,104,1,4.2,4.2
9076,2024-07-29,1,106,2,3.2,6.4
9077,2024-07-29,1,105,1,4.1,4.1
9078,2024-07-29,1,107,1,3.5,3.5
9079,2024-07-29,1,103,2,3.9,7.8
9080,2024-07-29,1,107,2,3.5,7.0
9081,2024-07-29,1,107,2,3.5,7.0
9082,2024-07-29,1,104,1,4.2,4.2
9083,2024-07-29,1,103,1,3.9,3.9
9084,2024-07-29,1,102,1,4.0,4.0
9085,2024-07-29,1,107,1,3.5,3.5
9086,2024-07-29,2,103,2,3.9,7.8
9087,2024-07-29,2,102,1,4.0,4.0
9088,2024-07-29,2,103,1,3.9,3.9
9089,2024-07-29,2,109,2,2.2,4.4
9090,2024-07-29,2,108,1,4.5,4.5
9091,2024-07-29,2,110,1,3.4,3.4
9092,2024-07-29,2,102,1,4.0,4.0
9093,2024-07-29,2,104,2,4.2,8.4
9094,2024-07-29,2,110,1,3.4,3.4
9095,2024-07-29,2,105,2,4.1,8.2
9096,2024-07-29,3,102,2,4.0,8.0
9097,2024-07-29,3,107,1,3.5,3.5
9098,2024-07-29,3,104,1,4.2,4.2
9099,2024-07-29,3,107,1,3.5,3.5
9100,2024-07-29,3,102,1,4.0,4.0
9101,2024-07-29,3,107,1,3.5,3.5
9102,2024-07-29,3,106,2,3.2,6.4
9103,2024-07-29,3,107,1,3.5,3.5
9104,2024-07-29,3,107,1,3.5,3.5
9105,2024-07-29,3,106,1,3.2,3.2
9106,2024-07-29,4,101,1,3.8,3.8
9107,2024-07-29,4,106,1,3.2,3.2
9108,2024-07-29,4,103,1,3.9,3.9
9109,2024-07-29,4,102,1,4.0,4.0
9110,2024-07-29,4,108,2,4.5,9.0
9111,2024-07-29,4,107,1,3.5,3.5
9112,2024-07-29,4,109,1,2.2,2.2
9113,2024-07-29,4,103,1,3.9,3.9
9114,2024-07-29,5,102,1,4.0,4.0
9115,2024-07-29,5,104,1,4.2,4.2
9116,2024-07-29,5,103,1,3.9,3.9
9117,2024-07-29,5,104,1,4.2,4.2
9118,2024-07-29,5,105,1,4.1,4.1
9119,2024-07-29,5,108,1,4.5,4.5
9120,2024-07-29,5,105,1,4.1,4.1
9121,2024-07-29,5,103,1,3.9,3.9
9122,2024-07-29,6,102,1,4.0,4.0
9123,2024-07-29,6,101,1,3.8,3.8
9124,2024-07-29,6,101,3,3.8,11.4
9125,2024-07-29,6,105,3,4.1,12.3
9126,2024-07-29,6,104,1,4.2,4.2
9127,2024-07-29,6,107,1,3.5,3.5
9128,2024-07-29,6,107,1,3.5,3.5
9129,2024-07-29,7,106,1,3.2,3.2
9130,2024-07-29,7,106,1,3.2,3.2
9131,2024-07-29,7,101,2,3.8,7.6
9132,2024-07-29,7,101,1,3.8,3.8
9133,2024-07-29,7,107,1,3.5,3.5
9134,2024-07-29,7,109,3,2.2,6.6
9135,2024-07-29,7,108,1,4.5,4.5
9136,2024-07-29,8,107,1,3.5,3.5
9137,2024-07-29,8,107,1,3.5,3.5
9138,2024-07-29,8,106,1,3.2,3.2
9139,2024-07-29,8,102,1,4.0,4.0
9140,2024-07-29,8,106,1,3.2,3.2
9141,2024-07-29,8,103,1,3.9,3.9
9142,2024-07-29,8,101,1,3.8,3.8
9143,2024-07-29,8,101,1,3.8,3.8
9144,2024-07-29,8,105,1,4.1,4.1
9145,2024-07-29,8,103,1,3.9,3.9
9146,2024-07-29,9,103,1,3.9,3.9
9147,2024-07-29,9,109,1,2.2,2.2
9148,2024-07-29,9,108,2,4.5,9.0
9149,2024-07-29,9,102,1,4.0,4.0
9150,2024-07-29,9,105,1,4.1,4.1
9151,2024-07-29,9,102,1,4.0,4.0
9152,2024-07-29,9,108,1,4.5,4.5
9153,2024-07-29,9,107,1,3.5,3.5
9154,2024-07-29,9,102,1,4.0,4.0
9155,2024-07-29,9,106,1,3.2,3.2
9156,2024-07-29,10,108,1,4.5,4.5
9157,2024-07-29,10,101,1,3.8,3.8
9158,2024-07-29,10,106,1,3.2,3.2
9159,2024-07-29,10,110,1,3.4,3.4
9160,2024-07-29,10,104,1,4.2,4.2
9161,2024-07-29,10,107,1,3.5,3.5
9162,2024-07-29,10,104,1,4.2,4.2
9163,2024-07-29,10,103,1,3.9,3.9
9164,2024-07-29,10,101,2,3.8,7.6
9165,2024-07-29,10,107,1,3.5,3.5
9166,2024-07-29,11,102,1,4.0,4.0
9167,2024-07-29,11,103,1,3.9,3.9
9168,2024-07-29,11,104,1,4.2,4.2
9169,2024-07-29,11,104,1,4.2,4.2
9170,2024-07-29,11,108,1,4.5,4.5
9171,2024-07-29,11,107,1,3.5,3.5
9172,2024-07-29,11,101,1,3.8,3.8
9173,2024-07-29,11,106,1,3.2,3.2
9174,2024-07-29,12,105,1,4.1,4.1
9175,2024-07-29,12,101,3,3.8,11.4
9176,2024-07-29,12,104,2,4.2,8.4
9177,2024-07-29,12,106,2,3.2,6.4
9178,2024-07-29,12,108,1,4.5,4.5
9179,2024-07-29,12,110,1,3.4,3.4
9180,2024-07-29,12,110,2,3.4,6.8
9181,2024-07-29,12,106,1,3.2,3.2
9182,2024-07-30,1,108,1,4.5,4.5
9183,2024-07-30,1,101,3,3.8,11.4
9184,2024-07-30,1,110,1,3.4,3.4
9185,2024-07-30,1,110,1,3.4,3.4
9186,2024-07-30,1,102,2,4.0,8.0
9187,2024-07-30,1,102,2,4.0,8.0
9188,2024-07-30,1,106,1,3.2,3.2
9189,2024-07-30,1,101,1,3.8,3.8
9190,2024-07-30,2,106,1,3.2,3.2
9191,2024-07-30,2,107,1,3.5,3.5
9192,2024-07-30,2,103,1,3.9,3.9
9193,2024-07-30,2,107,1,3.5,3.5
9194,2024-07-30,2,107,1,3.5,3.5
9195,2024-07-30,2,103,2,3.9,7.8
9196,2024-07-30,2,108,2,4.5,9.0
9197,2024-07-30,2,104,1,4.2,4.2
9198,2024-07-30,3,104,1,4.2,4.2
9199,2024-07-30,3,105,1,4.1,4.1
9200,2024-07-30,3,104,2,4.2,8.4
9201,2024-07-30,3,108,1,4.5,4.5
9202,2024-07-30,3,107,2,3.5,7.0
9203,2024-07-30,3,108,1,4.5,4.5
9204,2024-07-30,3,103,2,3.9,7.8
9205,2024-07-30,3,109,1,2.2,2.2
9206,2024-07-30,3,106,1,3.2,3.2
9207,2024-07-30,3,105,1,4.1,4.1
9208,2024-07-30,4,105,2,4.1,8.2
9209,2024-07-30,4,104,1,4.2,4.2
9210,2024-07-30,4,101,2,3.8,7.6
9211,2024-07-30,4,103,1,3.9,3.9
9212,2024-07-30,4,106,1,3.2,3.2
9213,2024-07-30,4,103,3,3.9,11.7
9214,2024-07-30,4,110,1,3.4,3.4
9215,2024-07-30,4,103,1,3.9,3.9
9216,2024-07-30,4,104,1,4.2,4.2
9217,2024-07-30,4,110,1,3.4,3.4
9218,2024-07-30,5,104,2,4.2,8.4
9219,2024-07-30,5,108,1,4.5,4.5
9220,2024-07-30,5,109,1,2.2,2.2
9221,2024-07-30,5,103,3,3.9,11.7
9222,2024-07-30,5,102,1,4.0,4.0
9223,2024-07-30,5,108,1,4.5,4.5
9224,2024-07-30,5,108,2,4.5,9.0
9225,2024-07-30,5,108,1,4.5,4.5
9226,2024-07-30,5,107,2,3.5,7.0
9227,2024-07-30,6,109,2,2.2,4.4
9228,2024-07-30,6,101,1,3.8,3.8
9229,2024-07-30,6,106,1,3.2,3.2
9230,2024-07-30,6,104,1,4.2,4.2
9231,2024-07-30,6,103,1,3.9,3.9
9232,2024-07-30,6,106,1,3.2,3.2
9233,2024-07-30,6,108,1,4.5,4.5
9234,2024-07-30,7,107,1,3.5,3.5
9235,2024-07-30,7,107,1,3.5,3.5
9236,2024-07-30,7,105,1,4.1,4.1
9237,2024-07-30,7,107,1,3.5,3.5
9238,2024-07-30,7,106,1,3.2,3.2
9239,2024-07-30,7,103,1,3.9,3.9
9240,2024-07-30,7,105,1,4.1,4.1
9241,2024-07-30,7,108,1,4.5,4.5
9242,2024-07-30,7,105,2,4.1,8.2
9243,2024-07-30,8,109,1,2.2,2.2
9244,2024-07-30,8,101,1,3.8,3.8
9245,2024-07-30,8,104,1,4.2,4.2
9246,2024-07-30,8,108,2,4.5,9.0
9247,2024-07-30,8,106,2,3.2,6.4
9248,2024-07-30,8,106,1,3.2,3.2
9249,2024-07-30,8,106,1,3.2,3.2
9250,2024-07-30,8,103,1,3.9,3.9
9251,2024-07-30,8,101,2,3.8,7.6
9252,2024-07-30,9,101,1,3.8,3.8
9253,2024-07-30,9,106,1,3.2,3.2
9254,2024-07-30,9,110,1,3.4,3.4
9255,2024-07-30,9,106,1,3.2,3.2
9256,2024-07-30,9,105,1,4.1,4.1
9257,2024-07-30,9,107,1,3.5,3.5
9258,2024-07-30,9,106,1,3.2,3.2
9259,2024-07-30,9,101,1,3.8,3.8
9260,2024-07-30,10,104,1,4.2,4.2
9261,2024-07-30,10,101,2,3.8,7.6
9262,2024-07-30,10,104,1,4.2,4.2
9263,2024-07-30,10,105,1,4.1,4.1
9264,2024-07-30,10,107,1,3.5,3.5
9265,2024-07-30,10,107,1,3.5,3.5
9266,2024-07-30,10,108,1,4.5,4.5
9267,2024-07-30,11,104,1,4.2,4.2
9268,2024-07-30,11,107,2,3.5,7.0
9269,2024-07-30,11,106,1,3.2,3.2
9270,2024-07-30,11,104,2,4.2,8.4
9271,2024-07-30,11,106,1,3.2,3.2
9272,2024-07-30,11,108,3,4.5,13.5
9273,2024-07-30,11,101,1,3.8,3.8
9274,2024-07-30,11,108,1,4.5,4.5
9275,2024-07-30,11,107,2,3.5,7.0
9276,2024-07-30,12,107,1,3.5,3.5
9277,2024-07-30,12,107,1,3.5,3.5
9278,2024-07-30,12,110,1,3.4,3.4
9279,2024-07-30,12,103,1,3.9,3.9
9280,2024-07-30,12,102,1,4.0,4.0
9281,2024-07-30,12,102,1,4.0,4.0
9282,2024-07-30,12,104,1,4.2,4.2
9283,2024-07-31,1,108,1,4.5,4.5
9284,2024-07-31,1,101,2,3.8,7.6
9285,2024-07-31,1,102,2,4.0,8.0
9286,2024-07-31,1,102,1,4.0,4.0
9287,2024-07-31,1,103,1,3.9,3.9
9288,2024-07-31,1,105,1,4.1,4.1
9289,2024-07-31,1,105,1,4.1,4.1
9290,2024-07-31,1,101,1,3.8,3.8
9291,2024-07-31,1,107,1,3.5,3.5
9292,2024-07-31,2,108,1,4.5,4.5
9293,2024-07-31,2,102,2,4.0,8.0
9294,2024-07-31,2,104,2,4.2,8.4
9295,2024-07-31,2,108,1,4.5,4.5
9296,2024-07-31,2,108,1,4.5,4.5
9297,2024-07-31,2,103,1,3.9,3.9
9298,2024-07-31,2,102,1,4.0,4.0
9299,2024-07-31,3,109,1,2.2,2.2
9300,2024-07-31,3,105,1,4.1,4.1
9301,2024-07-31,3,107,2,3.5,7.0
9302,2024-07-31,3,109,3,2.2,6.6
9303,2024-07-31,3,108,1,4.5,4.5
9304,2024-07-31,3,102,2,4.0,8.0
9305,2024-07-31,3,104,1,4.2,4.2
9306,2024-07-31,3,101,1,3.8,3.8
9307,2024-07-31,3,110,1,3.4,3.4
9308,2024-07-31,3,103,3,3.9,11.7
9309,2024-07-31,4,107,1,3.5,3.5
9310,2024-07-31,4,107,1,3.5,3.5
9311,2024-07-31,4,104,1,4.2,4.2
9312,2024-07-31,4,103,1,3.9,3.9
9313,2024-07-31,4,103,1,3.9,3.9
9314,2024-07-31,4,108,1,4.5,4.5
9315,2024-07-31,4,108,1,4.5,4.5
9316,2024-07-31,5,102,1,4.0,4.0
9317,2024-07-31,5,103,1,3.9,3.9
9318,2024-07-31,5,104,1,4.2,4.2
9319,2024-07-31,5,104,2,4.2,8.4
9320,2024-07-31,5,105,1,4.1,4.1
9321,2024-07-31,5,103,1,3.9,3.9
9322,2024-07-31,5,104,1,4.2,4.2
9323,2024-07-31,5,102,1,4.0,4.0
9324,2024-07-31,5,107,2,3.5,7.0
9325,2024-07-31,6,109,2,2.2,4.4
9326,2024-07-31,6,101,2,3.8,7.6
9327,2024-07-31,6,106,1,3.2,3.2
9328,2024-07-31,6,103,1,3.9,3.9
9329,2024-07-31,6,102,1,4.0,4.0
9330,2024-07-31,6,106,1,3.2,3.2
9331,2024-07-31,6,105,1,4.1,4.1
9332,2024-07-31,6,103,1,3.9,3.9
9333,2024-07-31,7,105,1,4.1,4.1
9334,2024-07-31,7,107,1,3.5,3.5
9335,2024-07-31,7,102,1,4.0,4.0
9336,2024-07-31,7,101,1,3.8,3.8
9337,2024-07-31,7,106,3,3.2,9.6
9338,2024-07-31,7,110,1,3.4,3.4
9339,2024-07-31,7,101,3,3.8,11.4
9340,2024-07-31,7,101,1,3.8,3.8
9341,2024-07-31,7,106,1,3.2,3.2
9342,2024-07-31,7,108,2,4.5,9.0
9343,2024-07-31,8,105,1,4.1,4.1
9344,2024-07-31,8,104,1,4.2,4.2
9345,2024-07-31,8,101,1,3.8,3.8
9346,2024-07-31,8,107,1,3.5,3.5
9347,2024-07-31,8,103,1,3.9,3.9
9348,2024-07-31,8,101,1,3.8,3.8
9349,2024-07-31,8,103,1,3.9,3.9
9350,2024-07-31,8,109,1,2.2,2.2
9351,2024-07-31,8,110,1,3.4,3.4
9352,2024-07-31,8,110,1,3.4,3.4
9353,2024-07-31,9,105,1,4.1,4.1
9354,2024-07-31,9,108,1,4.5,4.5
9355,2024-07-31,9,103,2,3.9,7.8
9356,2024-07-31,9,102,1,4.0,4.0
9357,2024-07-31,9,108,1,4.5,4.5
9358,2024-07-31,9,101,1,3.8,3.8
9359,2024-07-31,9,102,1,4.0,4.0
9360,2024-07-31,9,105,1,4.1,4.1
9361,2024-07-31,9,106,1,3.2,3.2
9362,2024-07-31,10,108,1,4.5,4.5
9363,2024-07-31,10,102,1,4.0,4.0
9364,2024-07-31,10,104,2,4.2,8.4
9365,2024-07-31,10,104,1,4.2,4.2
9366,2024-07-31,10,105,1,4.1,4.1
9367,2024-07-31,10,104,2,4.2,8.4
9368,2024-07-31,10,101,1,3.8,3.8
9369,2024-07-31,11,107,1,3.5,3.5
9370,2024-07-31,11,103,1,3.9,3.9
9371,2024-07-31,11,101,1,3.8,3.8
9372,2024-07-31,11,105,2,4.1,8.2
9373,2024-07-31,11,107,1,3.5,3.5
9374,2024-07-31,11,101,1,3.8,3.8
9375,2024-07-31,11,109,1,2.2,2.2
9376,2024-07-31,11,105,1,4.1,4.1
9377,2024-07-31,11,102,1,4.0,4.0
9378,2024-07-31,12,101,1,3.8,3.8
9379,2024-07-31,12,101,2,3.8,7.6
9380,2024-07-31,12,101,1,3.8,3.8
9381,2024-07-31,12,104,2,4.2,8.4
9382,2024-07-31,12,108,2,4.5,9.0
9383,2024-07-31,12,107,1,3.5,3.5
9384,2024-07-31,12,102,1,4.0,4.0
9385,2024-08-01,1,108,2,4.5,9.0
9386,2024-08-01,1,101,2,3.8,7.6
9387,2024-08-01,1,108,1,4.5,4.5
9388,2024-08-01,1,102,3,4.0,12.0
9389,2024-08-01,1,106,2,3.2,6.4
9390,2024-08-01,1,107,1,3.5,3.5
9391,2024-08-01,1,106,1,3.2,3.2
9392,2024-08-01,2,101,1,3.8,3.8
9393,2024-08-01,2,101,1,3.8,3.8
9394,2024-08-01,2,103,1,3.9,3.9
9395,2024-08-01,2,102,2,4.0,8.0
9396,2024-08-01,2,106,1,3.2,3.2
9397,2024-08-01,2,107,2,3.5,7.0
9398,2024-08-01,2,107,1,3.5,3.5
9399,2024-08-01,3,105,1,4.1,4.1
9400,2024-08-01,3,106,2,3.2,6.4
9401,2024-08-01,3,110,1,3.4,3.4
9402,2024-08-01,3,108,1,4.5,4.5
9403,2024-08-01,3,101,1,3.8,3.8
9404,2024-08-01,3,102,2,4.0,8.0
9405,2024-08-01,3,105,1,4.1,4.1
9406,2024-08-01,4,105,1,4.1,4.1
9407,2024-08-01,4,107,1,3.5,3.5
9408,2024-08-01,4,101,2,3.8,7.6
9409,2024-08-01,4,110,1,3.4,3.4
9410,2024-08-01,4,108,2,4.5,9.0
9411,2024-08-01,4,104,1,4.2,4.2
9412,2024-08-01,4,103,1,3.9,3.9
9413,2024-08-01,4,103,3,3.9,11.7
9414,2024-08-01,5,103,1,3.9,3.9
9415,2024-08-01,5,101,2,3.8,7.6
9416,2024-08-01,5,101,1,3.8,3.8
9417,2024-08-01,5,107,1,3.5,3.5
9418,2024-08-01,5,103,1,3.9,3.9
9419,2024-08-01,5,102,1,4.0,4.0
9420,2024-08-01,5,106,1,3.2,3.2
9421,2024-08-01,5,110,1,3.4,3.4
9422,2024-08-01,5,101,1,3.8,3.8
9423,2024-08-01,6,105,2,4.1,8.2
9424,2024-08-01,6,102,1,4.0,4.0
9425,2024-08-01,6,110,1,3.4,3.4
9426,2024-08-01,6,103,1,3.9,3.9
9427,2024-08-01,6,108,2,4.5,9.0
9428,2024-08-01,6,108,1,4.5,4.5
9429,2024-08-01,6,101,2,3.8,7.6
9430,2024-08-01,6,101,1,3.8,3.8
9431,2024-08-01,7,110,2,3.4,6.8
9432,2024-08-01,7,101,1,3.8,3.8
9433,2024-08-01,7,109,1,2.2,2.2
9434,2024-08-01,7,102,1,4.0,4.0
9435,2024-08-01,7,106,1,3.2,3.2
9436,2024-08-01,7,101,1,3.8,3.8
9437,2024-08-01,7,107,2,3.5,7.0
9438,2024-08-01,8,101,1,3.8,3.8
9439,2024-08-01,8,102,1,4.0,4.0
9440,2024-08-01,8,110,1,3.4,3.4
9441,2024-08-01,8,107,1,3.5,3.5
9442,2024-08-01,8,103,1,3.9,3.9
9443,2024-08-01,8,103,1,3.9,3.9
9444,2024-08-01,8,110,1,3.4,3.4
9445,2024-08-01,9,101,1,3.8,3.8
9446,2024-08-01,9,106,1,3.2,3.2
9447,2024-08-01,9,104,2,4.2,8.4
9448,2024-08-01,9,107,1,3.5,3.5
9449,2024-08-01,9,108,1,4.5,4.5
9450,2024-08-01,9,107,1,3.5,3.5
9451,2024-08-01,9,104,3,4.2,12.6
9452,2024-08-01,9,108,2,4.5,9.0
9453,2024-08-01,10,102,1,4.0,4.0
9454,2024-08-01,10,107,2,3.5,7.0
9455,2024-08-01,10,106,1,3.2,3.2
9456,2024-08-01,10,104,2,4.2,8.4
9457,2024-08-01,10,103,2,3.9,7.8
9458,2024-08-01,10,108,1,4.5,4.5
9459,2024-08-01,10,103,1,3.9,3.9
9460,2024-08-01,10,107,1,3.5,3.5
9461,2024-08-01,11,108,1,4.5,4.5
9462,2024-08-01,11,106,1,3.2,3.2
9463,2024-08-01,11,101,2,3.8,7.6
9464,2024-08-01,11,105,1,4.1,4.1
9465,2024-08-01,11,101,1,3.8,3.8
9466,2024-08-01,11,106,1,3.2,3.2
9467,2024-08-01,11,102,1,4.0,4.0
9468,2024-08-01,11,103,1,3.9,3.9
9469,2024-08-01,11,101,1,3.8,3.8
9470,2024-08-01,11,108,1,4.5,4.5
9471,2024-08-01,12,107,1,3.5,3.5
9472,2024-08-01,12,103,1,3.9,3.9
9473,2024-08-01,12,106,1,3.2,3.2
9474,2024-08-01,12,103,1,3.9,3.9
9475,2024-08-01,12,104,2,4.2,8.4
9476,2024-08-01,12,103,1,3.9,3.9
9477,2024-08-01,12,107,1,3.5,3.5
9478,2024-08-01,12,110,1,3.4,3.4
9479,2024-08-01,12,106,1,3.2,3.2
9480,2024-08-02,1,108,1,4.5,4.5
9481,2024-08-02,1,101,1,3.8,3.8
9482,2024-08-02,1,101,1,3.8,3.8
9483,2024-08-02,1,106,1,3.2,3.2
9484,2024-08-02,1,106,2,3.2,6.4
9485,2024-08-02,1,105,1,4.1,4.1
9486,2024-08-02,1,106,1,3.2,3.2
9487,2024-08-02,1,108,1,4.5,4.5
9488,2024-08-02,2,101,2,3.8,7.6
9489,2024-08-02,2,103,1,3.9,3.9
9490,2024-08-02,2,104,1,4.2,4.2
9491,2024-08-02,2,102,2,4.0,8.0
9492,2024-08-02,2,108,1,4.5,4.5
9493,2024-08-02,2,108,2,4.5,9.0
9494,2024-08-02,2,107,1,3.5,3.5
9495,2024-08-02,3,102,1,4.0,4.0
9496,2024-08-02,3,105,1,4.1,4.1
9497,2024-08-02,3,110,2,3.4,6.8
9498,2024-08-02,3,102,2,4.0,8.0
9499,2024-08-02,3,110,1,3.4,3.4
9500,2024-08-02,3,101,1,3.8,3.8
9501,2024-08-02,3,103,1,3.9,3.9
9502,2024-08-02,3,106,1,3.2,3.2
9503,2024-08-02,4,105,2,4.1,8.2
9504,2024-08-02,4,102,1,4.0,4.0
9505,2024-08-02,4,108,1,4.5,4.5
9506,2024-08-02,4,101,1,3.8,3.8
9507,2024-08-02,4,108,1,4.5,4.5
9508,2024-08-02,4,107,1,3.5,3.5
9509,2024-08-02,4,103,1,3.9,3.9
9510,2024-08-02,5,105,1,4.1,4.1
9511,2024-08-02,5,101,1,3.8,3.8
9512,2024-08-02,5,108,1,4.5,4.5
9513,2024-08-02,5,106,1,3.2,3.2
9514,2024-08-02,5,109,2,2.2,4.4
9515,2024-08-02,5,105,2,4.1,8.2
9516,2024-08-02,5,109,1,2.2,2.2
9517,2024-08-02,6,105,1,4.1,4.1
9518,2024-08-02,6,107,2,3.5,7.0
9519,2024-08-02,6,101,1,3.8,3.8
9520,2024-08-02,6,110,2,3.4,6.8
9521,2024-08-02,6,103,1,3.9,3.9
9522,2024-08-02,6,106,2,3.2,6.4
9523,2024-08-02,6,107,2,3.5,7.0
9524,2024-08-02,6,107,1,3.5,3.5
9525,2024-08-02,7,101,1,3.8,3.8
9526,2024-08-02,7,104,1,4.2,4.2
9527,2024-08-02,7,105,1,4.1,4.1
9528,2024-08-02,7,105,1,4.1,4.1
9529,2024-08-02,7,103,1,3.9,3.9
9530,2024-08-02,7,108,2,4.5,9.0
9531,2024-08-02,7,106,2,3.2,6.4
9532,2024-08-02,8,109,1,2.2,2.2
9533,2024-08-02,8,104,1,4.2,4.2
9534,2024-08-02,8,103,1,3.9,3.9
9535,2024-08-02,8,104,1,4.2,4.2
9536,2024-08-02,8,101,2,3.8,7.6
9537,2024-08-02,8,110,1,3.4,3.4
9538,2024-08-02,8,101,1,3.8,3.8
9539,2024-08-02,8,103,2,3.9,7.8
9540,2024-08-02,8,102,1,4.0,4.0
9541,2024-08-02,8,108,3,4.5,13.5
9542,2024-08-02,9,108,1,4.5,4.5
9543,2024-08-02,9,109,1,2.2,2.2
9544,2024-08-02,9,105,2,4.1,8.2
9545,2024-08-02,9,102,1,4.0,4.0
9546,2024-08-02,9,109,1,2.2,2.2
9547,2024-08-02,9,104,1,4.2,4.2
9548,2024-08-02,9,104,3,4.2,12.6
9549,2024-08-02,9,110,1,3.4,3.4
9550,2024-08-02,9,107,1,3.5,3.5
9551,2024-08-02,9,105,2,4.1,8.2
9552,2024-08-02,10,102,2,4.0,8.0
9553,2024-08-02,10,101,1,3.8,3.8
9554,2024-08-02,10,101,1,3.8,3.8
9555,2024-08-02,10,104,1,4.2,4.2
9556,2024-08-02,10,109,1,2.2,2.2
9557,2024-08-02,10,102,3,4.0,12.0
9558,2024-08-02,10,108,1,4.5,4.5
9559,2024-08-02,11,106,2,3.2,6.4
9560,2024-08-02,11,108,1,4.5,4.5
9561,2024-08-02,11,103,1,3.9,3.9
9562,2024-08-02,11,107,2,3.5,7.0
9563,2024-08-02,11,102,1,4.0,4.0
9564,2024-08-02,11,101,1,3.8,3.8
9565,2024-08-02,11,106,1,3.2,3.2
9566,2024-08-02,11,102,1,4.0,4.0
9567,2024-08-02,12,104,1,4.2,4.2
9568,2024-08-02,12,106,1,3.2,3.2
9569,2024-08-02,12,101,1,3.8,3.8
9570,2024-08-02,12,107,1,3.5,3.5
9571,2024-08-02,12,106,1,3.2,3.2
9572,2024-08-02,12,104,1,4.2,4.2
9573,2024-08-02,12,102,1,4.0,4.0
9574,2024-08-03,1,106,1,3.2,3.2
9575,2024-08-03,1,103,1,3.9,3.9
9576,2024-08-03,1,101,3,3.8,11.4
9577,2024-08-03,1,101,1,3.8,3.8
9578,2024-08-03,1,103,1,3.9,3.9
9579,2024-08-03,1,101,1,3.8,3.8
9580,2024-08-03,1,108,1,4.5,4.5
9581,2024-08-03,1,110,2,3.4,6.8
9582,2024-08-03,1,107,2,3.5,7.0
9583,2024-08-03,2,108,1,4.5,4.5
9584,2024-08-03,2,107,1,3.5,3.5
9585,2024-08-03,2,102,2,4.0,8.0
9586,2024-08-03,2,108,1,4.5,4.5
9587,2024-08-03,2,108,1,4.5,4.5
9588,2024-08-03,2,101,2,3.8,7.6
9589,2024-08-03,2,102,2,4.0,8.0
9590,2024-08-03,2,101,1,3.8,3.8
9591,2024-08-03,3,105,1,4.1,4.1
9592,2024-08-03,3,107,1,3.5,3.5
9593,2024-08-03,3,108,1,4.5,4.5
9594,2024-08-03,3,103,1,3.9,3.9
9595,2024-08-03,3,104,1,4.2,4.2
9596,2024-08-03,3,104,1,4.2,4.2
9597,2024-08-03,3,107,1,3.5,3.5
9598,2024-08-03,3,105,2,4.1,8.2
9599,2024-08-03,3,107,1,3.5,3.5
9600,2024-08-03,3,110,1,3.4,3.4
9601,2024-08-03,4,101,1,3.8,3.8
9602,2024-08-03,4,104,1,4.2,4.2
9603,2024-08-03,4,103,2,3.9,7.8
9604,2024-08-03,4,103,1,3.9,3.9
9605,2024-08-03,4,105,1,4.1,4.1
9606,2024-08-03,4,102,1,4.0,4.0
9607,2024-08-03,4,110,1,3.4,3.4
9608,2024-08-03,4,105,1,4.1,4.1
9609,2024-08-03,5,106,2,3.2,6.4
9610,2024-08-03,5,102,2,4.0,8.0
9611,2024-08-03,5,107,1,3.5,3.5
9612,2024-08-03,5,104,1,4.2,4.2
9613,2024-08-03,5,108,1,4.5,4.5
9614,2024-08-03,5,104,1,4.2,4.2
9615,2024-08-03,5,104,3,4.2,12.6
9616,2024-08-03,5,102,2,4.0,8.0
9617,2024-08-03,6,108,1,4.5,4.5
9618,2024-08-03,6,107,1,3.5,3.5
9619,2024-08-03,6,107,2,3.5,7.0
9620,2024-08-03,6,103,3,3.9,11.7
9621,2024-08-03,6,103,1,3.9,3.9
9622,2024-08-03,6,107,1,3.5,3.5
9623,2024-08-03,6,104,1,4.2,4.2
9624,2024-08-03,7,107,1,3.5,3.5
9625,2024-08-03,7,104,1,4.2,4.2
9626,2024-08-03,7,102,3,4.0,12.0
9627,2024-08-03,7,106,1,3.2,3.2
9628,2024-08-03,7,102,1,4.0,4.0
9629,2024-08-03,7,110,2,3.4,6.8
9630,2024-08-03,7,103,1,3.9,3.9
9631,2024-08-03,7,109,1,2.2,2.2
9632,2024-08-03,7,110,3,3.4,10.2
9633,2024-08-03,8,109,2,2.2,4.4
9634,2024-08-03,8,102,1,4.0,4.0
9635,2024-08-03,8,109,1,2.2,2.2
9636,2024-08-03,8,102,1,4.0,4.0
9637,2024-08-03,8,107,1,3.5,3.5
9638,2024-08-03,8,109,1,2.2,2.2
9639,2024-08-03,8,104,1,4.2,4.2
9640,2024-08-03,8,104,1,4.2,4.2
9641,2024-08-03,8,110,1,3.4,3.4
9642,2024-08-03,8,109,1,2.2,2.2
9643,2024-08-03,9,108,1,4.5,4.5
9644,2024-08-03,9,102,1,4.0,4.0
9645,2024-08-03,9,109,1,2.2,2.2
9646,2024-08-03,9,108,1,4.5,4.5
9647,2024-08-03,9,105,2,4.1,8.2
9648,2024-08-03,9,102,1,4.0,4.0
9649,2024-08-03,9,110,1,3.4,3.4
9650,2024-08-03,9,102,2,4.0,8.0
9651,2024-08-03,9,110,1,3.4,3.4
9652,2024-08-03,9,103,2,3.9,7.8
9653,2024-08-03,10,107,1,3.5,3.5
9654,2024-08-03,10,108,1,4.5,4.5
9655,2024-08-03,10,108,1,4.5,4.5
9656,2024-08-03,10,102,1,4.0,4.0
9657,2024-08-03,10,108,1,4.5,4.5
9658,2024-08-03,10,107,1,3.5,3.5
9659,2024-08-03,10,106,1,3.2,3.2
9660,2024-08-03,11,106,1,3.2,3.2
9661,2024-08-03,11,107,1,3.5,3.5
9662,2024-08-03,11,102,2,4.0,8.0
9663,2024-08-03,11,109,1,2.2,2.2
9664,2024-08-03,11,103,1,3.9,3.9
9665,2024-08-03,11,103,2,3.9,7.8
9666,2024-08-03,11,103,1,3.9,3.9
9667,2024-08-03,11,109,1,2.2,2.2
9668,2024-08-03,12,105,1,4.1,4.1
9669,2024-08-03,12,108,1,4.5,4.5
9670,2024-08-03,12,104,1,4.2,4.2
9671,2024-08-03,12,104,3,4.2,12.6
9672,2024-08-03,12,107,2,3.5,7.0
9673,2024-08-03,12,106,3,3.2,9.6
9674,2024-08-03,12,106,2,3.2,6.4
9675,2024-08-03,12,107,3,3.5,10.5
9676,2024-08-03,12,103,1,3.9,3.9
9677,2024-08-03,12,103,1,3.9,3.9
9678,2024-08-04,1,104,1,4.2,4.2
9679,2024-08-04,1,101,1,3.8,3.8
9680,2024-08-04,1,107,1,3.5,3.5
9681,2024-08-04,1,101,1,3.8,3.8
9682,2024-08-04,1,107,1,3.5,3.5
9683,2024-08-04,1,108,2,4.5,9.0
9684,2024-08-04,1,106,1,3.2,3.2
9685,2024-08-04,2,110,1,3.4,3.4
9686,2024-08-04,2,101,1,3.8,3.8
9687,2024-08-04,2,107,2,3.5,7.0
9688,2024-08-04,2,102,1,4.0,4.0
9689,2024-08-04,2,106,1,3.2,3.2
9690,2024-08-04,2,109,1,2.2,2.2
9691,2024-08-04,2,105,1,4.1,4.1
9692,2024-08-04,2,106,1,3.2,3.2
9693,2024-08-04,3,102,1,4.0,4.0
9694,2024-08-04,3,109,2,2.2,4.4
9695,2024-08-04,3,101,1,3.8,3.8
9696,2024-08-04,3,104,1,4.2,4.2
9697,2024-08-04,3,110,2,3.4,6.8
9698,2024-08-04,3,108,1,4.5,4.5
9699,2024-08-04,3,105,1,4.1,4.1
9700,2024-08-04,3,103,1,3.9,3.9
9701,2024-08-04,3,109,3,2.2,6.6
9702,2024-08-04,4,104,2,4.2,8.4
9703,2024-08-04,4,102,1,4.0,4.0
9704,2024-08-04,4,101,1,3.8,3.8
9705,2024-08-04,4,103,1,3.9,3.9
9706,2024-08-04,4,108,1,4.5,4.5
9707,2024-08-04,4,105,1,4.1,4.1
9708,2024-08-04,4,106,1,3.2,3.2
9709,2024-08-04,4,110,1,3.4,3.4
9710,2024-08-04,5,106,1,3.2,3.2
9711,2024-08-04,5,105,1,4.1,4.1
9712,2024-08-04,5,105,2,4.1,8.2
9713,2024-08-04,5,108,1,4.5,4.5
9714,2024-08-04,5,106,1,3.2,3.2
9715,2024-08-04,5,104,1,4.2,4.2
9716,2024-08-04,5,107,1,3.5,3.5
9717,2024-08-04,5,104,1,4.2,4.2
9718,2024-08-04,5,106,1,3.2,3.2
9719,2024-08-04,6,106,2,3.2,6.4
9720,2024-08-04,6,104,1,4.2,4.2
9721,2024-08-04,6,106,1,3.2,3.2
9722,2024-08-04,6,105,1,4.1,4.1
9723,2024-08-04,6,105,2,4.1,8.2
9724,2024-08-04,6,103,2,3.9,7.8
9725,2024-08-04,6,104,3,4.2,12.6
9726,2024-08-04,6,106,1,3.2,3.2
9727,2024-08-04,6,101,1,3.8,3.8
9728,2024-08-04,6,107,1,3.5,3.5
9729,2024-08-04,7,106,1,3.2,3.2
9730,2024-08-04,7,108,1,4.5,4.5
9731,2024-08-04,7,108,2,4.5,9.0
9732,2024-08-04,7,108,2,4.5,9.0
9733,2024-08-04,7,103,1,3.9,3.9
9734,2024-08-04,7,109,1,2.2,2.2
9735,2024-08-04,7,106,1,3.2,3.2
9736,2024-08-04,7,101,2,3.8,7.6
9737,2024-08-04,7,101,2,3.8,7.6
9738,2024-08-04,7,101,1,3.8,3.8
9739,2024-08-04,8,105,1,4.1,4.1
9740,2024-08-04,8,107,1,3.5,3.5
9741,2024-08-04,8,107,1,3.5,3.5
9742,2024-08-04,8,105,2,4.1,8.2
9743,2024-08-04,8,106,1,3.2,3.2
9744,2024-08-04,8,101,1,3.8,3.8
9745,2024-08-04,8,104,3,4.2,12.6
9746,2024-08-04,8,109,1,2.2,2.2
9747,2024-08-04,8,106,2,3.2,6.4
9748,2024-08-04,8,103,1,3.9,3.9
9749,2024-08-04,9,102,1,4.0,4.0
9750,2024-08-04,9,103,1,3.9,3.9
9751,2024-08-04,9,106,1,3.2,3.2
9752,2024-08-04,9,107,1,3.5,3.5
9753,2024-08-04,9,107,2,3.5,7.0
9754,2024-08-04,9,109,1,2.2,2.2
9755,2024-08-04,9,103,1,3.9,3.9
9756,2024-08-04,9,102,1,4.0,4.0
9757,2024-08-04,9,104,1,4.2,4.2
9758,2024-08-04,10,105,1,4.1,4.1
9759,2024-08-04,10,106,3,3.2,9.6
9760,2024-08-04,10,103,1,3.9,3.9
9761,2024-08-04,10,106,1,3.2,3.2
9762,2024-08-04,10,103,1,3.9,3.9
9763,2024-08-04,10,108,2,4.5,9.0
9764,2024-08-04,10,102,1,4.0,4.0
9765,2024-08-04,10,103,2,3.9,7.8
9766,2024-08-04,10,102,1,4.0,4.0
9767,2024-08-04,11,102,1,4.0,4.0
9768,2024-08-04,11,105,1,4.1,4.1
9769,2024-08-04,11,105,1,4.1,4.1
9770,2024-08-04,11,101,1,3.8,3.8
9771,2024-08-04,11,108,1,4.5,4.5
9772,2024-08-04,11,102,3,4.0,12.0
9773,2024-08-04,11,107,1,3.5,3.5
9774,2024-08-04,11,103,1,3.9,3.9
9775,2024-08-04,11,106,2,3.2,6.4
9776,2024-08-04,12,103,1,3.9,3.9
9777,2024-08-04,12,110,1,3.4,3.4
9778,2024-08-04,12,104,1,4.2,4.2
9779,2024-08-04,12,108,1,4.5,4.5
9780,2024-08-04,12,101,1,3.8,3.8
9781,2024-08-04,12,103,1,3.9,3.9
9782,2024-08-04,12,103,2,3.9,7.8
9783,2024-08-04,12,107,2,3.5,7.0
9784,2024-08-04,12,101,1,3.8,3.8
9785,2024-08-05,1,108,2,4.5,9.0
9786,2024-08-05,1,105,1,4.1,4.1
9787,2024-08-05,1,102,3,4.0,12.0
9788,2024-08-05,1,108,1,4.5,4.5
9789,2024-08-05,1,104,1,4.2,4.2
9790,2024-08-05,1,101,1,3.8,3.8
9791,2024-08-05,1,101,1,3.8,3.8
9792,2024-08-05,1,109,1,2.2,2.2
9793,2024-08-05,1,104,1,4.2,4.2
9794,2024-08-05,1,106,1,3.2,3.2
9795,2024-08-05,2,104,1,4.2,4.2
9796,2024-08-05,2,102,1,4.0,4.0
9797,2024-08-05,2,108,1,4.5,4.5
9798,2024-08-05,2,106,1,3.2,3.2
9799,2024-08-05,2,103,1,3.9,3.9
9800,2024-08-05,2,110,1,3.4,3.4
9801,2024-08-05,2,108,1,4.5,4.5
9802,2024-08-05,3,108,1,4.5,4.5
9803,2024-08-05,3,109,2,2.2,4.4
9804,2024-08-05,3,105,1,4.1,4.1
9805,2024-08-05,3,101,1,3.8,3.8
9806,2024-08-05,3,105,1,4.1,4.1
9807,2024-08-05,3,102,1,4.0,4.0
9808,2024-08-05,3,102,2,4.0,8.0
9809,2024-08-05,3,102,1,4.0,4.0
9810,2024-08-05,3,108,2,4.5,9.0
9811,2024-08-05,3,101,1,3.8,3.8
9812,2024-08-05,4,107,2,3.5,7.0
9813,2024-08-05,4,105,1,4.1,4.1
9814,2024-08-05,4,103,2,3.9,7.8
9815,2024-08-05,4,106,2,3.2,6.4
9816,2024-08-05,4,102,2,4.0,8.0
9817,2024-08-05,4,107,1,3.5,3.5
9818,2024-08-05,4,107,1,3.5,3.5
9819,2024-08-05,4,107,1,3.5,3.5
9820,2024-08-05,5,103,1,3.9,3.9
9821,2024-08-05,5,104,3,4.2,12.6
9822,2024-08-05,5,108,1,4.5,4.5
9823,2024-08-05,5,101,1,3.8,3.8
9824,2024-08-05,5,105,1,4.1,4.1
9825,2024-08-05,5,108,1,4.5,4.5
9826,2024-08-05,5,102,1,4.0,4.0
9827,2024-08-05,6,102,1,4.0,4.0
9828,2024-08-05,6,101,1,3.8,3.8
9829,2024-08-05,6,110,2,3.4,6.8
9830,2024-08-05,6,108,1,4.5,4.5
9831,2024-08-05,6,108,1,4.5,4.5
9832,2024-08-05,6,108,1,4.5,4.5
9833,2024-08-05,6,101,1,3.8,3.8
9834,2024-08-05,6,105,1,4.1,4.1
9835,2024-08-05,7,103,1,3.9,3.9
9836,2024-08-05,7,108,1,4.5,4.5
9837,2024-08-05,7,109,2,2.2,4.4
9838,2024-08-05,7,101,1,3.8,3.8
9839,2024-08-05,7,107,1,3.5,3.5
9840,2024-08-05,7,107,1,3.5,3.5
9841,2024-08-05,7,102,2,4.0,8.0
9842,2024-08-05,7,101,2,3.8,7.6
9843,2024-08-05,8,109,1,2.2,2.2
9844,2024-08-05,8,101,2,3.8,7.6
9845,2024-08-05,8,107,3,3.5,10.5
9846,2024-08-05,8,103,1,3.9,3.9
9847,2024-08-05,8,105,1,4.1,4.1
9848,2024-08-05,8,101,2,3.8,7.6
9849,2024-08-05,8,110,1,3.4,3.4
9850,2024-08-05,8,110,3,3.4,10.2
9851,2024-08-05,8,106,1,3.2,3.2
9852,2024-08-05,8,101,1,3.8,3.8
9853,2024-08-05,9,107,2,3.5,7.0
9854,2024-08-05,9,106,1,3.2,3.2
9855,2024-08-05,9,107,1,3.5,3.5
9856,2024-08-05,9,105,1,4.1,4.1
9857,2024-08-05,9,105,2,4.1,8.2
9858,2024-08-05,9,102,1,4.0,4.0
9859,2024-08-05,9,102,2,4.0,8.0
9860,2024-08-05,10,101,1,3.8,3.8
9861,2024-08-05,10,106,1,3.2,3.2
9862,2024-08-05,10,108,3,4.5,13.5
9863,2024-08-05,10,104,1,4.2,4.2
9864,2024-08-05,10,110,1,3.4,3.4
9865,2024-08-05,10,104,3,4.2,12.6
9866,2024-08-05,10,107,1,3.5,3.5
9867,2024-08-05,11,104,1,4.2,4.2
9868,2024-08-05,11,108,1,4.5,4.5
9869,2024-08-05,11,103,1,3.9,3.9
9870,2024-08-05,11,108,1,4.5,4.5
9871,2024-08-05,11,101,3,3.8,11.4
9872,2024-08-05,11,105,1,4.1,4.1
9873,2024-08-05,11,101,2,3.8,7.6
9874,2024-08-05,11,102,1,4.0,4.0
9875,2024-08-05,12,102,1,4.0,4.0
9876,2024-08-05,12,106,1,3.2,3.2
9877,2024-08-05,12,103,1,3.9,3.9
9878,2024-08-05,12,107,1,3.5,3.5
9879,2024-08-05,12,102,3,4.0,12.0
9880,2024-08-05,12,103,1,3.9,3.9
9881,2024-08-05,12,109,1,2.2,2.2
9882,2024-08-05,12,106,1,3.2,3.2
9883,2024-08-05,12,105,1,4.1,4.1
9884,2024-08-05,12,106,1,3.2,3.2
9885,2024-08-06,1,103,1,3.9,3.9
9886,2024-08-06,1,104,1,4.2,4.2
9887,2024-08-06,1,104,2,4.2,8.4
9888,2024-08-06,1,105,1,4.1,4.1
9889,2024-08-06,1,103,2,3.9,7.8
9890,2024-08-06,1,102,1,4.0,4.0
9891,2024-08-06,1,105,1,4.1,4.1
9892,2024-08-06,2,101,1,3.8,3.8
9893,2024-08-06,2,108,1,4.5,4.5
9894,2024-08-06,2,101,2,3.8,7.6
9895,2024-08-06,2,110,1,3.4,3.4
9896,2024-08-06,2,102,2,4.0,8.0
9897,2024-08-06,2,107,1,3.5,3.5
9898,2024-08-06,2,108,2,4.5,9.0
9899,2024-08-06,2,103,2,3.9,7.8
9900,2024-08-06,2,110,1,3.4,3.4
9901,2024-08-06,3,101,1,3.8,3.8
9902,2024-08-06,3,108,1,4.5,4.5
9903,2024-08-06,3,108,2,4.5,9.0
9904,2024-08-06,3,104,1,4.2,4.2
9905,2024-08-06,3,101,1,3.8,3.8
9906,2024-08-06,3,105,1,4.1,4.1
9907,2024-08-06,3,109,2,2.2,4.4
9908,2024-08-06,4,104,1,4.2,4.2
9909,2024-08-06,4,105,1,4.1,4.1
9910,2024-08-06,4,102,1,4.0,4.0
9911,2024-08-06,4,109,1,2.2,2.2
9912,2024-08-06,4,105,1,4.1,4.1
9913,2024-08-06,4,102,1,4.0,4.0
9914,2024-08-06,4,103,1,3.9,3.9
9915,2024-08-06,4,103,1,3.9,3.9
9916,2024-08-06,4,103,1,3.9,3.9
9917,2024-08-06,4,108,1,4.5,4.5
9918,2024-08-06,5,102,1,4.0,4.0
9919,2024-08-06,5,109,2,2.2,4.4
9920,2024-08-06,5,107,1,3.5,3.5
9921,2024-08-06,5,106,1,3.2,3.2
9922,2024-08-06,5,102,1,4.0,4.0
9923,2024-08-06,5,107,1,3.5,3.5
9924,2024-08-06,5,110,1,3.4,3.4
9925,2024-08-06,5,106,1,3.2,3.2
9926,2024-08-06,5,102,2,4.0,8.0
9927,2024-08-06,5,103,1,3.9,3.9
9928,2024-08-06,6,103,3,3.9,11.7
9929,2024-08-06,6,102,1,4.0,4.0
9930,2024-08-06,6,104,3,4.2,12.6
9931,2024-08-06,6,107,1,3.5,3.5
9932,2024-08-06,6,101,1,3.8,3.8
9933,2024-08-06,6,109,1,2.2,2.2
9934,2024-08-06,6,108,2,4.5,9.0
9935,2024-08-06,6,103,1,3.9,3.9
9936,2024-08-06,6,105,1,4.1,4.1
9937,2024-08-06,7,102,1,4.0,4.0
9938,2024-08-06,7,110,1,3.4,3.4
9939,2024-08-06,7,104,1,4.2,4.2
9940,2024-08-06,7,108,2,4.5,9.0
9941,2024-08-06,7,109,1,2.2,2.2
9942,2024-08-06,7,107,1,3.5,3.5
9943,2024-08-06,7,110,1,3.4,3.4
9944,2024-08-06,8,106,1,3.2,3.2
9945,2024-08-06,8,102,1,4.0,4.0
9946,2024-08-06,8,107,3,3.5,10.5
9947,2024-08-06,8,104,1,4.2,4.2
9948,2024-08-06,8,103,1,3.9,3.9
9949,2024-08-06,8,101,1,3.8,3.8
9950,2024-08-06,8,106,2,3.2,6.4
9951,2024-08-06,8,103,1,3.9,3.9
9952,2024-08-06,8,103,2,3.9,7.8
9953,2024-08-06,8,105,1,4.1,4.1
9954,2024-08-06,9,102,1,4.0,4.0
9955,2024-08-06,9,103,2,3.9,7.8
9956,2024-08-06,9,103,1,3.9,3.9
9957,2024-08-06,9,110,2,3.4,6.8
9958,2024-08-06,9,102,2,4.0,8.0
9959,2024-08-06,9,102,1,4.0,4.0
9960,2024-08-06,9,103,1,3.9,3.9
9961,2024-08-06,9,102,1,4.0,4.0
9962,2024-08-06,10,110,1,3.4,3.4
9963,2024-08-06,10,107,1,3.5,3.5
9964,2024-08-06,10,110,1,3.4,3.4
9965,2024-08-06,10,105,1,4.1,4.1
9966,2024-08-06,10,105,1,4.1,4.1
9967,2024-08-06,10,103,1,3.9,3.9
9968,2024-08-06,10,106,1,3.2,3.2
9969,2024-08-06,10,107,1,3.5,3.5
9970,2024-08-06,10,105,2,4.1,8.2
9971,2024-08-06,11,106,1,3.2,3.2
9972,2024-08-06,11,103,2,3.9,7.8
9973,2024-08-06,11,101,2,3.8,7.6
9974,2024-08-06,11,108,1,4.5,4.5
9975,2024-08-06,11,104,1,4.2,4.2
9976,2024-08-06,11,101,1,3.8,3.8
9977,2024-08-06,11,106,1,3.2,3.2
9978,2024-08-06,11,110,1,3.4,3.4
9979,2024-08-06,12,101,2,3.8,7.6
9980,2024-08-06,12,103,1,3.9,3.9
9981,2024-08-06,12,108,2,4.5,9.0
9982,2024-08-06,12,104,1,4.2,4.2
9983,2024-08-06,12,106,1,3.2,3.2
9984,2024-08-06,12,103,1,3.9,3.9
9985,2024-08-06,12,106,1,3.2,3.2
9986,2024-08-06,12,101,1,3.8,3.8
9987,2024-08-06,12,102,1,4.0,4.0
9988,2024-08-07,1,107,1,3.5,3.5
9989,2024-08-07,1,106,1,3.2,3.2
9990,2024-08-07,1,103,1,3.9,3.9
9991,2024-08-07,1,106,1,3.2,3.2
9992,2024-08-07,1,106,1,3.2,3.2
9993,2024-08-07,1,108,1,4.5,4.5
9994,2024-08-07,1,107,2,3.5,7.0
9995,2024-08-07,1,105,1,4.1,4.1
9996,2024-08-07,2,110,1,3.4,3.4
9997,2024-08-07,2,103,2,3.9,7.8
9998,2024-08-07,2,101,1,3.8,3.8
9999,2024-08-07,2,103,3,3.9,11.7
10000,2024-08-07,2,103,1,3.9,3.9
10001,2024-08-07,2,104,1,4.2,4.2
10002,2024-08-07,2,108,1,4.5,4.5
10003,2024-08-07,2,102,1,4.0,4.0
10004,2024-08-07,3,102,1,4.0,4.0
10005,2024-08-07,3,106,2,3.2,6.4
10006,2024-08-07,3,101,1,3.8,3.8
10007,2024-08-07,3,108,1,4.5,4.5
10008,2024-08-07,3,101,1,3.8,3.8
10009,2024-08-07,3,102,1,4.0,4.0
10010,2024-08-07,3,103,3,3.9,11.7
10011,2024-08-07,3,103,1,3.9,3.9
10012,2024-08-07,3,108,1,4.5,4.5
10013,2024-08-07,3,105,1,4.1,4.1
10014,2024-08-07,4,106,1,3.2,3.2
10015,2024-08-07,4,106,1,3.2,3.2
10016,2024-08-07,4,101,1,3.8,3.8
10017,2024-08-07,4,104,1,4.2,4.2
10018,2024-08-07,4,109,2,2.2,4.4
10019,2024-08-07,4,108,1,4.5,4.5
10020,2024-08-07,4,102,3,4.0,12.0
10021,2024-08-07,5,109,1,2.2,2.2
10022,2024-08-07,5,108,1,4.5,4.5
10023,2024-08-07,5,108,1,4.5,4.5
10024,2024-08-07,5,105,1,4.1,4.1
10025,2024-08-07,5,101,1,3.8,3.8
10026,2024-08-07,5,106,1,3.2,3.2
10027,2024-08-07,5,106,1,3.2,3.2
10028,2024-08-07,6,107,1,3.5,3.5
10029,2024-08-07,6,105,2,4.1,8.2
10030,2024-08-07,6,105,1,4.1,4.1
10031,2024-08-07,6,107,1,3.5,3.5
10032,2024-08-07,6,106,1,3.2,3.2
10033,2024-08-07,6,107,1,3.5,3.5
10034,2024-08-07,6,102,2,4.0,8.0
10035,2024-08-07,6,102,1,4.0,4.0
10036,2024-08-07,6,102,3,4.0,12.0
10037,2024-08-07,7,103,1,3.9,3.9
10038,2024-08-07,7,107,2,3.5,7.0
10039,2024-08-07,7,107,3,3.5,10.5
10040,2024-08-07,7,109,2,2.2,4.4
10041,2024-08-07,7,107,2,3.5,7.0
10042,2024-08-07,7,102,1,4.0,4.0
10043,2024-08-07,7,104,1,4.2,4.2
10044,2024-08-07,8,105,1,4.1,4.1
10045,2024-08-07,8,108,1,4.5,4.5
10046,2024-08-07,8,106,1,3.2,3.2
10047,2024-08-07,8,102,1,4.0,4.0
10048,2024-08-07,8,108,2,4.5,9.0
10049,2024-08-07,8,108,1,4.5,4.5
10050,2024-08-07,8,110,1,3.4,3.4
10051,2024-08-07,8,106,1,3.2,3.2
10052,2024-08-07,8,101,2,3.8,7.6
10053,2024-08-07,9,103,2,3.9,7.8
10054,2024-08-07,9,103,1,3.9,3.9
10055,2024-08-07,9,104,1,4.2,4.2
10056,2024-08-07,9,106,1,3.2,3.2
10057,2024-08-07,9,106,2,3.2,6.4
10058,2024-08-07,9,104,1,4.2,4.2
10059,2024-08-07,9,108,2,4.5,9.0
10060,2024-08-07,9,102,1,4.0,4.0
10061,2024-08-07,9,102,1,4.0,4.0
10062,2024-08-07,9,109,1,2.2,2.2
10063,2024-08-07,10,107,2,3.5,7.0
10064,2024-08-07,10,110,1,3.4,3.4
10065,2024-08-07,10,101,1,3.8,3.8
10066,2024-08-07,10,104,1,4.2,4.2
10067,2024-08-07,10,105,2,4.1,8.2
10068,2024-08-07,10,106,1,3.2,3.2
10069,2024-08-07,10,101,1,3.8,3.8
10070,2024-08-07,11,105,1,4.1,4.1
10071,2024-08-07,11,102,2,4.0,8.0
10072,2024-08-07,11,102,1,4.0,4.0
10073,2024-08-07,11,110,1,3.4,3.4
10074,2024-08-07,11,101,1,3.8,3.8
10075,2024-08-07,11,104,1,4.2,4.2
10076,2024-08-07,11,101,1,3.8,3.8
10077,2024-08-07,11,104,1,4.2,4.2
10078,2024-08-07,12,104,1,4.2,4.2
10079,2024-08-07,12,102,1,4.0,4.0
10080,2024-08-07,12,102,1,4.0,4.0
10081,2024-08-07,12,102,1,4.0,4.0
10082,2024-08-07,12,106,1,3.2,3.2
10083,2024-08-07,12,104,1,4.2,4.2
10084,2024-08-07,12,104,2,4.2,8.4
10085,2024-08-07,12,106,1,3.2,3.2
10086,2024-08-07,12,107,1,3.5,3.5
10087,2024-08-08,1,107,1,3.5,3.5
10088,2024-08-08,1,107,3,3.5,10.5
10089,2024-08-08,1,109,1,2.2,2.2
10090,2024-08-08,1,104,1,4.2,4.2
10091,2024-08-08,1,106,1,3.2,3.2
10092,2024-08-08,1,102,2,4.0,8.0
10093,2024-08-08,1,103,1,3.9,3.9
10094,2024-08-08,2,102,2,4.0,8.0
10095,2024-08-08,2,105,2,4.1,8.2
10096,2024-08-08,2,101,3,3.8,11.4
10097,2024-08-08,2,106,1,3.2,3.2
10098,2024-08-08,2,104,1,4.2,4.2
10099,2024-08-08,2,106,3,3.2,9.6
10100,2024-08-08,2,105,2,4.1,8.2
10101,2024-08-08,2,108,1,4.5,4.5
10102,2024-08-08,2,107,1,3.5,3.5
10103,2024-08-08,3,104,1,4.2,4.2
10104,2024-08-08,3,106,2,3.2,6.4
10105,2024-08-08,3,103,1,3.9,3.9
10106,2024-08-08,3,103,1,3.9,3.9
10107,2024-08-08,3,103,1,3.9,3.9
10108,2024-08-08,3,103,2,3.9,7.8
10109,2024-08-08,3,104,1,4.2,4.2
10110,2024-08-08,3,105,2,4.1,8.2
10111,2024-08-08,4,103,1,3.9,3.9
10112,2024-08-08,4,106,2,3.2,6.4
10113,2024-08-08,4,110,1,3.4,3.4
10114,2024-08-08,4,106,2,3.2,6.4
10115,2024-08-08,4,110,1,3.4,3.4
10116,2024-08-08,4,108,1,4.5,4.5
10117,2024-08-08,4,108,3,4.5,13.5
10118,2024-08-08,5,103,1,3.9,3.9
10119,2024-08-08,5,107,1,3.5,3.5
10120,2024-08-08,5,103,2,3.9,7.8
10121,2024-08-08,5,105,2,4.1,8.2
10122,2024-08-08,5,102,1,4.0,4.0
10123,2024-08-08,5,101,1,3.8,3.8
10124,2024-08-08,5,109,1,2.2,2.2
10125,2024-08-08,5,105,1,4.1,4.1
10126,2024-08-08,5,107,1,3.5,3.5
10127,2024-08-08,6,106,1,3.2,3.2
10128,2024-08-08,6,102,1,4.0,4.0
10129,2024-08-08,6,106,1,3.2,3.2
10130,2024-08-08,6,110,1,3.4,3.4
10131,2024-08-08,6,108,2,4.5,9.0
10132,2024-08-08,6,102,1,4.0,4.0
10133,2024-08-08,6,106,1,3.2,3.2
10134,2024-08-08,6,107,1,3.5,3.5
10135,2024-08-08,6,102,3,4.0,12.0
10136,2024-08-08,7,102,2,4.0,8.0
10137,2024-08-08,7,108,1,4.5,4.5
10138,2024-08-08,7,103,2,3.9,7.8
10139,2024-08-08,7,103,1,3.9,3.9
10140,2024-08-08,7,106,1,3.2,3.2
10141,2024-08-08,7,104,2,4.2,8.4
10142,2024-08-08,7,108,1,4.5,4.5
10143,2024-08-08,7,101,1,3.8,3.8
10144,2024-08-08,8,107,1,3.5,3.5
10145,2024-08-08,8,108,1,4.5,4.5
10146,2024-08-08,8,101,1,3.8,3.8
10147,2024-08-08,8,102,1,4.0,4.0
10148,2024-08-08,8,110,1,3.4,3.4
10149,2024-08-08,8,103,1,3.9,3.9
10150,2024-08-08,8,108,3,4.5,13.5
10151,2024-08-08,8,107,3,3.5,10.5
10152,2024-08-08,8,108,2,4.5,9.0
10153,2024-08-08,8,103,2,3.9,7.8
10154,2024-08-08,9,106,1,3.2,3.2
10155,2024-08-08,9,104,1,4.2,4.2
10156,2024-08-08,9,105,1,4.1,4.1
10157,2024-08-08,9,106,3,3.2,9.6
10158,2024-08-08,9,106,1,3.2,3.2
10159,2024-08-08,9,107,2,3.5,7.0
10160,2024-08-08,9,102,2,4.0,8.0
10161,2024-08-08,9,105,3,4.1,12.3
10162,2024-08-08,9,102,3,4.0,12.0
10163,2024-08-08,9,107,1,3.5,3.5
10164,2024-08-08,10,104,1,4.2,4.2
10165,2024-08-08,10,106,1,3.2,3.2
10166,2024-08-08,10,101,1,3.8,3.8
10167,2024-08-08,10,101,2,3.8,7.6
10168,2024-08-08,10,108,2,4.5,9.0
10169,2024-08-08,10,106,2,3.2,6.4
10170,2024-08-08,10,104,1,4.2,4.2
10171,2024-08-08,10,107,1,3.5,3.5
10172,2024-08-08,10,102,1,4.0,4.0
10173,2024-08-08,10,106,1,3.2,3.2
10174,2024-08-08,11,108,3,4.5,13.5
10175,2024-08-08,11,105,1,4.1,4.1
10176,2024-08-08,11,108,1,4.5,4.5
10177,2024-08-08,11,109,2,2.2,4.4
10178,2024-08-08,11,103,1,3.9,3.9
10179,2024-08-08,11,108,1,4.5,4.5
10180,2024-08-08,11,110,1,3.4,3.4
10181,2024-08-08,11,103,2,3.9,7.8
10182,2024-08-08,12,110,2,3.4,6.8
10183,2024-08-08,12,109,1,2.2,2.2
10184,2024-08-08,12,104,1,4.2,4.2
10185,2024-08-08,12,108,1,4.5,4.5
10186,2024-08-08,12,104,1,4.2,4.2
10187,2024-08-08,12,107,1,3.5,3.5
10188,2024-08-08,12,105,2,4.1,8.2
10189,2024-08-08,12,102,1,4.0,4.0
10190,2024-08-08,12,107,1,3.5,3.5
10191,2024-08-08,12,102,1,4.0,4.0
10192,2024-08-09,1,102,1,4.0,4.0
10193,2024-08-09,1,106,2,3.2,6.4
10194,2024-08-09,1,104,1,4.2,4.2
10195,2024-08-09,1,107,1,3.5,3.5
10196,2024-08-09,1,104,1,4.2,4.2
10197,2024-08-09,1,101,2,3.8,7.6
10198,2024-08-09,1,102,3,4.0,12.0
10199,2024-08-09,1,104,1,4.2,4.2
10200,2024-08-09,1,103,1,3.9,3.9
10201,2024-08-09,1,110,1,3.4,3.4
10202,2024-08-09,2,109,1,2.2,2.2
10203,2024-08-09,2,108,2,4.5,9.0
10204,2024-08-09,2,110,2,3.4,6.8
10205,2024-08-09,2,106,1,3.2,3.2
10206,2024-08-09,2,101,1,3.8,3.8
10207,2024-08-09,2,103,1,3.9,3.9
10208,2024-08-09,2,105,1,4.1,4.1
10209,2024-08-09,2,103,1,3.9,3.9
10210,2024-08-09,2,104,1,4.2,4.2
10211,2024-08-09,3,106,1,3.2,3.2
10212,2024-08-09,3,110,1,3.4,3.4
10213,2024-08-09,3,101,1,3.8,3.8
10214,2024-08-09,3,102,1,4.0,4.0
10215,2024-08-09,3,105,1,4.1,4.1
10216,2024-08-09,3,103,1,3.9,3.9
10217,2024-08-09,3,101,1,3.8,3.8
10218,2024-08-09,3,102,2,4.0,8.0
10219,2024-08-09,3,101,1,3.8,3.8
10220,2024-08-09,4,108,1,4.5,4.5
10221,2024-08-09,4,106,1,3.2,3.2
10222,2024-08-09,4,106,1,3.2,3.2
10223,2024-08-09,4,101,1,3.8,3.8
10224,2024-08-09,4,105,1,4.1,4.1
10225,2024-08-09,4,101,1,3.8,3.8
10226,2024-08-09,4,108,2,4.5,9.0
10227,2024-08-09,4,105,1,4.1,4.1
10228,2024-08-09,5,103,1,3.9,3.9
10229,2024-08-09,5,104,1,4.2,4.2
10230,2024-08-09,5,101,1,3.8,3.8
10231,2024-08-09,5,108,1,4.5,4.5
10232,2024-08-09,5,108,1,4.5,4.5
10233,2024-08-09,5,105,1,4.1,4.1
10234,2024-08-09,5,104,2,4.2,8.4
10235,2024-08-09,6,103,1,3.9,3.9
10236,2024-08-09,6,103,1,3.9,3.9
10237,2024-08-09,6,104,1,4.2,4.2
10238,2024-08-09,6,107,1,3.5,3.5
10239,2024-08-09,6,103,1,3.9,3.9
10240,2024-08-09,6,106,1,3.2,3.2
10241,2024-08-09,6,110,1,3.4,3.4
10242,2024-08-09,6,104,1,4.2,4.2
10243,2024-08-09,6,109,1,2.2,2.2
10244,2024-08-09,6,106,1,3.2,3.2
10245,2024-08-09,7,109,1,2.2,2.2
10246,2024-08-09,7,102,1,4.0,4.0
10247,2024-08-09,7,103,1,3.9,3.9
10248,2024-08-09,7,108,1,4.5,4.5
10249,2024-08-09,7,102,2,4.0,8.0
10250,2024-08-09,7,108,1,4.5,4.5
10251,2024-08-09,7,102,1,4.0,4.0
10252,2024-08-09,7,108,1,4.5,4.5
10253,2024-08-09,7,104,1,4.2,4.2
10254,2024-08-09,7,105,1,4.1,4.1
10255,2024-08-09,8,102,2,4.0,8.0
10256,2024-08-09,8,108,1,4.5,4.5
10257,2024-08-09,8,103,1,3.9,3.9
10258,2024-08-09,8,108,1,4.5,4.5
10259,2024-08-09,8,104,1,4.2,4.2
10260,2024-08-09,8,107,1,3.5,3.5
10261,2024-08-09,8,102,1,4.0,4.0
10262,2024-08-09,8,105,1,4.1,4.1
10263,2024-08-09,8,107,1,3.5,3.5
10264,2024-08-09,8,108,1,4.5,4.5
10265,2024-08-09,9,103,1,3.9,3.9
10266,2024-08-09,9,103,1,3.9,3.9
10267,2024-08-09,9,105,1,4.1,4.1
10268,2024-08-09,9,105,1,4.1,4.1
10269,2024-08-09,9,103,2,3.9,7.8
10270,2024-08-09,9,101,1,3.8,3.8
10271,2024-08-09,9,109,1,2.2,2.2
10272,2024-08-09,9,104,1,4.2,4.2
10273,2024-08-09,9,105,1,4.1,4.1
10274,2024-08-09,10,103,1,3.9,3.9
10275,2024-08-09,10,110,1,3.4,3.4
10276,2024-08-09,10,101,1,3.8,3.8
10277,2024-08-09,10,104,1,4.2,4.2
10278,2024-08-09,10,101,1,3.8,3.8
10279,2024-08-09,10,105,1,4.1,4.1
10280,2024-08-09,10,108,1,4.5,4.5
10281,2024-08-09,10,109,1,2.2,2.2
10282,2024-08-09,11,110,2,3.4,6.8
10283,2024-08-09,11,108,1,4.5,4.5
10284,2024-08-09,11,102,1,4.0,4.0
10285,2024-08-09,11,108,2,4.5,9.0
10286,2024-08-09,11,102,2,4.0,8.0
10287,2024-08-09,11,108,1,4.5,4.5
10288,2024-08-09,11,107,1,3.5,3.5
10289,2024-08-09,11,105,1,4.1,4.1
10290,2024-08-09,11,106,1,3.2,3.2
10291,2024-08-09,12,108,1,4.5,4.5
10292,2024-08-09,12,105,1,4.1,4.1
10293,2024-08-09,12,104,1,4.2,4.2
10294,2024-08-09,12,110,2,3.4,6.8
10295,2024-08-09,12,108,2,4.5,9.0
10296,2024-08-09,12,108,1,4.5,4.5
10297,2024-08-09,12,104,1,4.2,4.2
10298,2024-08-09,12,105,2,4.1,8.2
10299,2024-08-09,12,101,1,3.8,3.8
10300,2024-08-09,12,107,1,3.5,3.5
10301,2024-08-10,1,103,2,3.9,7.8
10302,2024-08-10,1,104,3,4.2,12.6
10303,2024-08-10,1,102,1,4.0,4.0
10304,2024-08-10,1,107,1,3.5,3.5
10305,2024-08-10,1,108,1,4.5,4.5
10306,2024-08-10,1,102,1,4.0,4.0
10307,2024-08-10,1,103,2,3.9,7.8
10308,2024-08-10,1,108,1,4.5,4.5
10309,2024-08-10,1,104,1,4.2,4.2
10310,2024-08-10,1,101,1,3.8,3.8
10311,2024-08-10,2,106,3,3.2,9.6
10312,2024-08-10,2,101,1,3.8,3.8
10313,2024-08-10,2,104,1,4.2,4.2
10314,2024-08-10,2,103,1,3.9,3.9
10315,2024-08-10,2,102,1,4.0,4.0
10316,2024-08-10,2,102,1,4.0,4.0
10317,2024-08-10,2,101,1,3.8,3.8
10318,2024-08-10,2,105,1,4.1,4.1
10319,2024-08-10,2,104,1,4.2,4.2
10320,2024-08-10,2,107,1,3.5,3.5
10321,2024-08-10,3,102,1,4.0,4.0
10322,2024-08-10,3,108,1,4.5,4.5
10323,2024-08-10,3,108,1,4.5,4.5
10324,2024-08-10,3,105,1,4.1,4.1
10325,2024-08-10,3,108,1,4.5,4.5
10326,2024-08-10,3,108,1,4.5,4.5
10327,2024-08-10,3,107,1,3.5,3.5
10328,2024-08-10,3,104,1,4.2,4.2
10329,2024-08-10,4,103,1,3.9,3.9
10330,2024-08-10,4,107,1,3.5,3.5
10331,2024-08-10,4,108,1,4.5,4.5
10332,2024-08-10,4,106,1,3.2,3.2
10333,2024-08-10,4,102,1,4.0,4.0
10334,2024-08-10,4,104,3,4.2,12.6
10335,2024-08-10,4,106,1,3.2,3.2
10336,2024-08-10,4,102,2,4.0,8.0
10337,2024-08-10,4,103,1,3.9,3.9
10338,2024-08-10,5,107,1,3.5,3.5
10339,2024-08-10,5,106,1,3.2,3.2
10340,2024-08-10,5,108,1,4.5,4.5
10341,2024-08-10,5,110,1,3.4,3.4
10342,2024-08-10,5,104,1,4.2,4.2
10343,2024-08-10,5,108,2,4.5,9.0
10344,2024-08-10,5,103,1,3.9,3.9
10345,2024-08-10,5,105,2,4.1,8.2
10346,2024-08-10,5,105,1,4.1,4.1
10347,2024-08-10,6,108,2,4.5,9.0
10348,2024-08-10,6,106,1,3.2,3.2
10349,2024-08-10,6,108,2,4.5,9.0
10350,2024-08-10,6,110,1,3.4,3.4
10351,2024-08-10,6,109,1,2.2,2.2
10352,2024-08-10,6,103,1,3.9,3.9
10353,2024-08-10,6,106,2,3.2,6.4
10354,2024-08-10,7,106,3,3.2,9.6
10355,2024-08-10,7,102,1,4.0,4.0
10356,2024-08-10,7,101,1,3.8,3.8
10357,2024-08-10,7,107,1,3.5,3.5
10358,2024-08-10,7,105,1,4.1,4.1
10359,2024-08-10,7,107,1,3.5,3.5
10360,2024-08-10,7,104,1,4.2,4.2
10361,2024-08-10,7,109,2,2.2,4.4
10362,2024-08-10,7,108,1,4.5,4.5
10363,2024-08-10,8,106,3,3.2,9.6
10364,2024-08-10,8,107,2,3.5,7.0
10365,2024-08-10,8,105,1,4.1,4.1
10366,2024-08-10,8,101,1,3.8,3.8
10367,2024-08-10,8,103,1,3.9,3.9
10368,2024-08-10,8,101,1,3.8,3.8
10369,2024-08-10,8,103,1,3.9,3.9
10370,2024-08-10,9,108,2,4.5,9.0
10371,2024-08-10,9,109,1,2.2,2.2
10372,2024-08-10,9,103,2,3.9,7.8
10373,2024-08-10,9,105,1,4.1,4.1
10374,2024-08-10,9,109,1,2.2,2.2
10375,2024-08-10,9,101,2,3.8,7.6
10376,2024-08-10,9,107,1,3.5,3.5
10377,2024-08-10,9,108,1,4.5,4.5
10378,2024-08-10,10,108,1,4.5,4.5
10379,2024-08-10,10,108,2,4.5,9.0
10380,2024-08-10,10,106,3,3.2,9.6
10381,2024-08-10,10,105,1,4.1,4.1
10382,2024-08-10,10,101,2,3.8,7.6
10383,2024-08-10,10,106,1,3.2,3.2
10384,2024-08-10,10,105,2,4.1,8.2
10385,2024-08-10,11,103,2,3.9,7.8
10386,2024-08-10,11,104,2,4.2,8.4
10387,2024-08-10,11,108,1,4.5,4.5
10388,2024-08-10,11,110,1,3.4,3.4
10389,2024-08-10,11,106,1,3.2,3.2
10390,2024-08-10,11,107,1,3.5,3.5
10391,2024-08-10,11,106,2,3.2,6.4
10392,2024-08-10,12,108,1,4.5,4.5
10393,2024-08-10,12,109,1,2.2,2.2
10394,2024-08-10,12,102,1,4.0,4.0
10395,2024-08-10,12,104,1,4.2,4.2
10396,2024-08-10,12,107,1,3.5,3.5
10397,2024-08-10,12,102,1,4.0,4.0
10398,2024-08-10,12,109,1,2.2,2.2
10399,2024-08-11,1,102,1,4.0,4.0
10400,2024-08-11,1,108,1,4.5,4.5
10401,2024-08-11,1,105,2,4.1,8.2
10402,2024-08-11,1,108,1,4.5,4.5
10403,2024-08-11,1,105,1,4.1,4.1
10404,2024-08-11,1,107,1,3.5,3.5
10405,2024-08-11,1,102,1,4.0,4.0
10406,2024-08-11,2,102,1,4.0,4.0
10407,2024-08-11,2,105,1,4.1,4.1
10408,2024-08-11,2,103,1,3.9,3.9
10409,2024-08-11,2,107,3,3.5,10.5
10410,2024-08-11,2,102,1,4.0,4.0
10411,2024-08-11,2,108,1,4.5,4.5
10412,2024-08-11,2,101,1,3.8,3.8
10413,2024-08-11,2,105,2,4.1,8.2
10414,2024-08-11,2,105,1,4.1,4.1
10415,2024-08-11,2,102,1,4.0,4.0
10416,2024-08-11,3,108,1,4.5,4.5
10417,2024-08-11,3,106,1,3.2,3.2
10418,2024-08-11,3,107,3,3.5,10.5
10419,2024-08-11,3,103,2,3.9,7.8
10420,2024-08-11,3,102,1,4.0,4.0
10421,2024-08-11,3,101,1,3.8,3.8
10422,2024-08-11,3,106,1,3.2,3.2
10423,2024-08-11,3,103,2,3.9,7.8
10424,2024-08-11,4,106,1,3.2,3.2
10425,2024-08-11,4,101,1,3.8,3.8
10426,2024-08-11,4,103,1,3.9,3.9
10427,2024-08-11,4,106,1,3.2,3.2
10428,2024-08-11,4,106,1,3.2,3.2
10429,2024-08-11,4,105,2,4.1,8.2
10430,2024-08-11,4,103,3,3.9,11.7
10431,2024-08-11,4,107,1,3.5,3.5
10432,2024-08-11,4,101,1,3.8,3.8
10433,2024-08-11,5,101,2,3.8,7.6
10434,2024-08-11,5,110,2,3.4,6.8
10435,2024-08-11,5,106,1,3.2,3.2
10436,2024-08-11,5,107,2,3.5,7.0
10437,2024-08-11,5,106,1,3.2,3.2
10438,2024-08-11,5,103,2,3.9,7.8
10439,2024-08-11,5,104,1,4.2,4.2
10440,2024-08-11,6,108,1,4.5,4.5
10441,2024-08-11,6,108,2,4.5,9.0
10442,2024-08-11,6,102,1,4.0,4.0
10443,2024-08-11,6,101,1,3.8,3.8
10444,2024-08-11,6,104,1,4.2,4.2
10445,2024-08-11,6,104,1,4.2,4.2
10446,2024-08-11,6,106,2,3.2,6.4
10447,2024-08-11,6,106,2,3.2,6.4
10448,2024-08-11,7,110,3,3.4,10.2
10449,2024-08-11,7,105,2,4.1,8.2
10450,2024-08-11,7,107,1,3.5,3.5
10451,2024-08-11,7,105,2,4.1,8.2
10452,2024-08-11,7,106,1,3.2,3.2
10453,2024-08-11,7,107,1,3.5,3.5
10454,2024-08-11,7,109,1,2.2,2.2
10455,2024-08-11,7,107,2,3.5,7.0
10456,2024-08-11,8,102,1,4.0,4.0
10457,2024-08-11,8,102,1,4.0,4.0
10458,2024-08-11,8,102,3,4.0,12.0
10459,2024-08-11,8,106,1,3.2,3.2
10460,2024-08-11,8,101,1,3.8,3.8
10461,2024-08-11,8,104,1,4.2,4.2
10462,2024-08-11,8,104,3,4.2,12.6
10463,2024-08-11,8,105,1,4.1,4.1
10464,2024-08-11,9,108,1,4.5,4.5
10465,2024-08-11,9,105,1,4.1,4.1
10466,2024-08-11,9,108,1,4.5,4.5
10467,2024-08-11,9,106,1,3.2,3.2
10468,2024-08-11,9,104,1,4.2,4.2
10469,2024-08-11,9,106,1,3.2,3.2
10470,2024-08-11,9,105,1,4.1,4.1
10471,2024-08-11,9,103,1,3.9,3.9
10472,2024-08-11,9,103,1,3.9,3.9
10473,2024-08-11,9,105,1,4.1,4.1
10474,2024-08-11,10,102,1,4.0,4.0
10475,2024-08-11,10,106,1,3.2,3.2
10476,2024-08-11,10,105,2,4.1,8.2
10477,2024-08-11,10,105,2,4.1,8.2
10478,2024-08-11,10,105,1,4.1,4.1
10479,2024-08-11,10,109,1,2.2,2.2
10480,2024-08-11,10,107,1,3.5,3.5
10481,2024-08-11,11,107,1,3.5,3.5
10482,2024-08-11,11,107,2,3.5,7.0
10483,2024-08-11,11,109,1,2.2,2.2
10484,2024-08-11,11,107,1,3.5,3.5
10485,2024-08-11,11,101,1,3.8,3.8
10486,2024-08-11,11,107,1,3.5,3.5
10487,2024-08-11,11,103,1,3.9,3.9
10488,2024-08-11,12,108,1,4.5,4.5
10489,2024-08-11,12,103,1,3.9,3.9
10490,2024-08-11,12,102,1,4.0,4.0
10491,2024-08-11,12,103,3,3.9,11.7
10492,2024-08-11,12,106,1,3.2,3.2
10493,2024-08-11,12,106,1,3.2,3.2
10494,2024-08-11,12,102,1,4.0,4.0
10495,2024-08-11,12,109,1,2.2,2.2
10496,2024-08-11,12,101,3,3.8,11.4
10497,2024-08-12,1,101,1,3.8,3.8
10498,2024-08-12,1,103,1,3.9,3.9
10499,2024-08-12,1,107,1,3.5,3.5
10500,2024-08-12,1,104,3,4.2,12.6
10501,2024-08-12,1,108,2,4.5,9.0
10502,2024-08-12,1,105,1,4.1,4.1
10503,2024-08-12,1,102,1,4.0,4.0
10504,2024-08-12,1,104,1,4.2,4.2
10505,2024-08-12,2,105,2,4.1,8.2
10506,2024-08-12,2,110,1,3.4,3.4
10507,2024-08-12,2,102,1,4.0,4.0
10508,2024-08-12,2,106,2,3.2,6.4
10509,2024-08-12,2,104,1,4.2,4.2
10510,2024-08-12,2,109,1,2.2,2.2
10511,2024-08-12,2,106,2,3.2,6.4
10512,2024-08-12,2,104,1,4.2,4.2
10513,2024-08-12,3,106,1,3.2,3.2
10514,2024-08-12,3,106,1,3.2,3.2
10515,2024-08-12,3,101,2,3.8,7.6
10516,2024-08-12,3,107,1,3.5,3.5
10517,2024-08-12,3,110,1,3.4,3.4
10518,2024-08-12,3,106,2,3.2,6.4
10519,2024-08-12,3,105,1,4.1,4.1
10520,2024-08-12,3,102,3,4.0,12.0
10521,2024-08-12,3,101,1,3.8,3.8
10522,2024-08-12,4,102,1,4.0,4.0
10523,2024-08-12,4,108,2,4.5,9.0
10524,2024-08-12,4,106,3,3.2,9.6
10525,2024-08-12,4,107,1,3.5,3.5
10526,2024-08-12,4,102,1,4.0,4.0
10527,2024-08-12,4,102,1,4.0,4.0
10528,2024-08-12,4,104,1,4.2,4.2
10529,2024-08-12,4,107,1,3.5,3.5
10530,2024-08-12,4,106,2,3.2,6.4
10531,2024-08-12,5,108,1,4.5,4.5
10532,2024-08-12,5,108,1,4.5,4.5
10533,2024-08-12,5,102,1,4.0,4.0
10534,2024-08-12,5,108,1,4.5,4.5
10535,2024-08-12,5,107,1,3.5,3.5
10536,2024-08-12,5,107,1,3.5,3.5
10537,2024-08-12,5,101,1,3.8,3.8
10538,2024-08-12,5,106,2,3.2,6.4
10539,2024-08-12,5,105,1,4.1,4.1
10540,2024-08-12,6,105,1,4.1,4.1
10541,2024-08-12,6,104,1,4.2,4.2
10542,2024-08-12,6,106,1,3.2,3.2
10543,2024-08-12,6,106,1,3.2,3.2
10544,2024-08-12,6,109,1,2.2,2.2
10545,2024-08-12,6,103,1,3.9,3.9
10546,2024-08-12,6,105,1,4.1,4.1
10547,2024-08-12,6,106,1,3.2,3.2
10548,2024-08-12,6,106,1,3.2,3.2
10549,2024-08-12,6,105,1,4.1,4.1
10550,2024-08-12,7,101,1,3.8,3.8
10551,2024-08-12,7,107,1,3.5,3.5
10552,2024-08-12,7,110,1,3.4,3.4
10553,2024-08-12,7,107,3,3.5,10.5
10554,2024-08-12,7,104,2,4.2,8.4
10555,2024-08-12,7,103,1,3.9,3.9
10556,2024-08-12,7,103,1,3.9,3.9
10557,2024-08-12,8,102,2,4.0,8.0
10558,2024-08-12,8,110,2,3.4,6.8
10559,2024-08-12,8,106,1,3.2,3.2
10560,2024-08-12,8,108,1,4.5,4.5
10561,2024-08-12,8,110,3,3.4,10.2
10562,2024-08-12,8,104,1,4.2,4.2
10563,2024-08-12,8,108,1,4.5,4.5
10564,2024-08-12,8,107,1,3.5,3.5
10565,2024-08-12,8,110,1,3.4,3.4
10566,2024-08-12,8,106,1,3.2,3.2
10567,2024-08-12,9,103,1,3.9,3.9
10568,2024-08-12,9,105,1,4.1,4.1
10569,2024-08-12,9,104,2,4.2,8.4
10570,2024-08-12,9,110,1,3.4,3.4
10571,2024-08-12,9,108,1,4.5,4.5
10572,2024-08-12,9,110,1,3.4,3.4
10573,2024-08-12,9,102,1,4.0,4.0
10574,2024-08-12,9,103,1,3.9,3.9
10575,2024-08-12,9,106,2,3.2,6.4
10576,2024-08-12,9,105,1,4.1,4.1
10577,2024-08-12,10,107,1,3.5,3.5
10578,2024-08-12,10,110,1,3.4,3.4
10579,2024-08-12,10,105,2,4.1,8.2
10580,2024-08-12,10,103,1,3.9,3.9
10581,2024-08-12,10,106,2,3.2,6.4
10582,2024-08-12,10,105,2,4.1,8.2
10583,2024-08-12,10,108,1,4.5,4.5
10584,2024-08-12,10,103,2,3.9,7.8
10585,2024-08-12,11,102,1,4.0,4.0
10586,2024-08-12,11,104,1,4.2,4.2
10587,2024-08-12,11,108,1,4.5,4.5
10588,2024-08-12,11,107,1,3.5,3.5
10589,2024-08-12,11,107,1,3.5,3.5
10590,2024-08-12,11,105,1,4.1,4.1
10591,2024-08-12,11,103,1,3.9,3.9
10592,2024-08-12,11,109,1,2.2,2.2
10593,2024-08-12,11,108,1,4.5,4.5
10594,2024-08-12,11,107,2,3.5,7.0
10595,2024-08-12,12,106,1,3.2,3.2
10596,2024-08-12,12,106,1,3.2,3.2
10597,2024-08-12,12,103,1,3.9,3.9
10598,2024-08-12,12,108,2,4.5,9.0
10599,2024-08-12,12,105,1,4.1,4.1
10600,2024-08-12,12,103,1,3.9,3.9
10601,2024-08-12,12,106,1,3.2,3.2
10602,2024-08-13,1,101,2,3.8,7.6
10603,2024-08-13,1,104,1,4.2,4.2
10604,2024-08-13,1,104,1,4.2,4.2
10605,2024-08-13,1,105,1,4.1,4.1
10606,2024-08-13,1,103,1,3.9,3.9
10607,2024-08-13,1,105,1,4.1,4.1
10608,2024-08-13,1,106,1,3.2,3.2
10609,2024-08-13,1,101,1,3.8,3.8
10610,2024-08-13,1,104,3,4.2,12.6
10611,2024-08-13,2,101,1,3.8,3.8
10612,2024-08-13,2,104,2,4.2,8.4
10613,2024-08-13,2,106,1,3.2,3.2
10614,2024-08-13,2,103,2,3.9,7.8
10615,2024-08-13,2,104,2,4.2,8.4
10616,2024-08-13,2,105,1,4.1,4.1
10617,2024-08-13,2,107,1,3.5,3.5
10618,2024-08-13,2,107,1,3.5,3.5
10619,2024-08-13,2,110,2,3.4,6.8
10620,2024-08-13,3,101,2,3.8,7.6
10621,2024-08-13,3,103,1,3.9,3.9
10622,2024-08-13,3,102,1,4.0,4.0
10623,2024-08-13,3,108,3,4.5,13.5
10624,2024-08-13,3,106,1,3.2,3.2
10625,2024-08-13,3,101,1,3.8,3.8
10626,2024-08-13,3,105,2,4.1,8.2
10627,2024-08-13,4,108,1,4.5,4.5
10628,2024-08-13,4,105,1,4.1,4.1
10629,2024-08-13,4,105,1,4.1,4.1
10630,2024-08-13,4,101,2,3.8,7.6
10631,2024-08-13,4,101,1,3.8,3.8
10632,2024-08-13,4,102,1,4.0,4.0
10633,2024-08-13,4,107,1,3.5,3.5
10634,2024-08-13,5,104,2,4.2,8.4
10635,2024-08-13,5,102,1,4.0,4.0
10636,2024-08-13,5,108,1,4.5,4.5
10637,2024-08-13,5,102,1,4.0,4.0
10638,2024-08-13,5,105,1,4.1,4.1
10639,2024-08-13,5,106,1,3.2,3.2
10640,2024-08-13,5,108,1,4.5,4.5
10641,2024-08-13,5,109,1,2.2,2.2
10642,2024-08-13,5,103,1,3.9,3.9
10643,2024-08-13,5,101,1,3.8,3.8
10644,2024-08-13,6,102,1,4.0,4.0
10645,2024-08-13,6,108,1,4.5,4.5
10646,2024-08-13,6,103,1,3.9,3.9
10647,2024-08-13,6,106,2,3.2,6.4
10648,2024-08-13,6,102,2,4.0,8.0
10649,2024-08-13,6,105,2,4.1,8.2
10650,2024-08-13,6,104,1,4.2,4.2
10651,2024-08-13,6,101,1,3.8,3.8
10652,2024-08-13,7,107,1,3.5,3.5
10653,2024-08-13,7,102,1,4.0,4.0
10654,2024-08-13,7,105,1,4.1,4.1
10655,2024-08-13,7,108,1,4.5,4.5
10656,2024-08-13,7,105,1,4.1,4.1
10657,2024-08-13,7,101,1,3.8,3.8
10658,2024-08-13,7,105,1,4.1,4.1
10659,2024-08-13,7,105,1,4.1,4.1
10660,2024-08-13,7,106,2,3.2,6.4
10661,2024-08-13,7,108,1,4.5,4.5
10662,2024-08-13,8,104,1,4.2,4.2
10663,2024-08-13,8,108,2,4.5,9.0
10664,2024-08-13,8,105,2,4.1,8.2
10665,2024-08-13,8,103,2,3.9,7.8
10666,2024-08-13,8,105,1,4.1,4.1
10667,2024-08-13,8,105,2,4.1,8.2
10668,2024-08-13,8,109,1,2.2,2.2
10669,2024-08-13,8,107,3,3.5,10.5
10670,2024-08-13,9,101,3,3.8,11.4
10671,2024-08-13,9,103,2,3.9,7.8
10672,2024-08-13,9,105,1,4.1,4.1
10673,2024-08-13,9,106,1,3.2,3.2
10674,2024-08-13,9,104,2,4.2,8.4
10675,2024-08-13,9,106,1,3.2,3.2
10676,2024-08-13,9,108,1,4.5,4.5
10677,2024-08-13,9,101,3,3.8,11.4
10678,2024-08-13,10,110,2,3.4,6.8
10679,2024-08-13,10,105,3,4.1,12.3
10680,2024-08-13,10,109,1,2.2,2.2
10681,2024-08-13,10,106,2,3.2,6.4
10682,2024-08-13,10,101,2,3.8,7.6
10683,2024-08-13,10,106,2,3.2,6.4
10684,2024-08-13,10,101,2,3.8,7.6
10685,2024-08-13,10,107,1,3.5,3.5
10686,2024-08-13,11,102,1,4.0,4.0
10687,2024-08-13,11,103,1,3.9,3.9
10688,2024-08-13,11,103,2,3.9,7.8
10689,2024-08-13,11,109,2,2.2,4.4
10690,2024-08-13,11,103,2,3.9,7.8
10691,2024-08-13,11,106,1,3.2,3.2
10692,2024-08-13,11,109,2,2.2,4.4
10693,2024-08-13,11,103,1,3.9,3.9
10694,2024-08-13,11,105,1,4.1,4.1
10695,2024-08-13,12,106,1,3.2,3.2
10696,2024-08-13,12,104,1,4.2,4.2
10697,2024-08-13,12,108,1,4.5,4.5
10698,2024-08-13,12,101,1,3.8,3.8
10699,2024-08-13,12,101,1,3.8,3.8
10700,2024-08-13,12,106,2,3.2,6.4
10701,2024-08-13,12,107,2,3.5,7.0
10702,2024-08-13,12,108,1,4.5,4.5
10703,2024-08-13,12,110,1,3.4,3.4
10704,2024-08-13,12,105,1,4.1,4.1
10705,2024-08-14,1,102,1,4.0,4.0
10706,2024-08-14,1,103,1,3.9,3.9
10707,2024-08-14,1,105,2,4.1,8.2
10708,2024-08-14,1,103,1,3.9,3.9
10709,2024-08-14,1,102,1,4.0,4.0
10710,2024-08-14,1,107,1,3.5,3.5
10711,2024-08-14,1,103,1,3.9,3.9
10712,2024-08-14,2,108,1,4.5,4.5
10713,2024-08-14,2,107,1,3.5,3.5
10714,2024-08-14,2,101,2,3.8,7.6
10715,2024-08-14,2,102,1,4.0,4.0
10716,2024-08-14,2,105,1,4.1,4.1
10717,2024-08-14,2,106,1,3.2,3.2
10718,2024-08-14,2,103,1,3.9,3.9
10719,2024-08-14,2,103,1,3.9,3.9
10720,2024-08-14,2,102,2,4.0,8.0
10721,2024-08-14,3,105,1,4.1,4.1
10722,2024-08-14,3,110,1,3.4,3.4
10723,2024-08-14,3,107,1,3.5,3.5
10724,2024-08-14,3,106,1,3.2,3.2
10725,2024-08-14,3,105,1,4.1,4.1
10726,2024-08-14,3,106,1,3.2,3.2
10727,2024-08-14,3,104,1,4.2,4.2
10728,2024-08-14,3,102,2,4.0,8.0
10729,2024-08-14,3,108,3,4.5,13.5
10730,2024-08-14,4,108,1,4.5,4.5
10731,2024-08-14,4,108,2,4.5,9.0
10732,2024-08-14,4,102,1,4.0,4.0
10733,2024-08-14,4,107,2,3.5,7.0
10734,2024-08-14,4,107,1,3.5,3.5
10735,2024-08-14,4,103,1,3.9,3.9
10736,2024-08-14,4,109,2,2.2,4.4
10737,2024-08-14,4,105,1,4.1,4.1
10738,2024-08-14,4,107,1,3.5,3.5
10739,2024-08-14,5,109,1,2.2,2.2
10740,2024-08-14,5,107,1,3.5,3.5
10741,2024-08-14,5,107,2,3.5,7.0
10742,2024-08-14,5,109,1,2.2,2.2
10743,2024-08-14,5,104,1,4.2,4.2
10744,2024-08-14,5,102,1,4.0,4.0
10745,2024-08-14,5,102,1,4.0,4.0
10746,2024-08-14,5,107,2,3.5,7.0
10747,2024-08-14,6,109,3,2.2,6.6
10748,2024-08-14,6,104,1,4.2,4.2
10749,2024-08-14,6,108,1,4.5,4.5
10750,2024-08-14,6,110,1,3.4,3.4
10751,2024-08-14,6,103,1,3.9,3.9
10752,2024-08-14,6,103,1,3.9,3.9
10753,2024-08-14,6,102,2,4.0,8.0
10754,2024-08-14,6,101,1,3.8,3.8
10755,2024-08-14,6,102,1,4.0,4.0
10756,2024-08-14,7,106,1,3.2,3.2
10757,2024-08-14,7,108,1,4.5,4.5
10758,2024-08-14,7,105,2,4.1,8.2
10759,2024-08-14,7,108,1,4.5,4.5
10760,2024-08-14,7,101,1,3.8,3.8
10761,2024-08-14,7,105,1,4.1,4.1
10762,2024-08-14,7,101,1,3.8,3.8
10763,2024-08-14,7,104,1,4.2,4.2
10764,2024-08-14,7,102,2,4.0,8.0
10765,2024-08-14,8,102,1,4.0,4.0
10766,2024-08-14,8,103,1,3.9,3.9
10767,2024-08-14,8,106,1,3.2,3.2
10768,2024-08-14,8,110,1,3.4,3.4
10769,2024-08-14,8,106,2,3.2,6.4
10770,2024-08-14,8,106,1,3.2,3.2
10771,2024-08-14,8,108,1,4.5,4.5
10772,2024-08-14,8,106,1,3.2,3.2
10773,2024-08-14,9,105,3,4.1,12.3
10774,2024-08-14,9,104,2,4.2,8.4
10775,2024-08-14,9,105,1,4.1,4.1
10776,2024-08-14,9,102,2,4.0,8.0
10777,2024-08-14,9,108,1,4.5,4.5
10778,2024-08-14,9,103,1,3.9,3.9
10779,2024-08-14,9,101,1,3.8,3.8
10780,2024-08-14,9,105,1,4.1,4.1
10781,2024-08-14,10,107,1,3.5,3.5
10782,2024-08-14,10,107,1,3.5,3.5
10783,2024-08-14,10,108,2,4.5,9.0
10784,2024-08-14,10,108,2,4.5,9.0
10785,2024-08-14,10,105,1,4.1,4.1
10786,2024-08-14,10,108,1,4.5,4.5
10787,2024-08-14,10,107,1,3.5,3.5
10788,2024-08-14,10,107,1,3.5,3.5
10789,2024-08-14,11,103,1,3.9,3.9
10790,2024-08-14,11,102,1,4.0,4.0
10791,2024-08-14,11,108,1,4.5,4.5
10792,2024-08-14,11,101,2,3.8,7.6
10793,2024-08-14,11,102,1,4.0,4.0
10794,2024-08-14,11,106,1,3.2,3.2
10795,2024-08-14,11,101,1,3.8,3.8
10796,2024-08-14,11,108,2,4.5,9.0
10797,2024-08-14,12,103,1,3.9,3.9
10798,2024-08-14,12,104,3,4.2,12.6
10799,2024-08-14,12,103,1,3.9,3.9
10800,2024-08-14,12,101,1,3.8,3.8
10801,2024-08-14,12,108,3,4.5,13.5
10802,2024-08-14,12,107,1,3.5,3.5
10803,2024-08-14,12,104,2,4.2,8.4
10804,2024-08-14,12,101,1,3.8,3.8
10805,2024-08-14,12,107,1,3.5,3.5
10806,2024-08-14,12,104,1,4.2,4.2
10807,2024-08-15,1,105,1,4.1,4.1
10808,2024-08-15,1,110,1,3.4,3.4
10809,2024-08-15,1,102,2,4.0,8.0
10810,2024-08-15,1,102,1,4.0,4.0
10811,2024-08-15,1,110,1,3.4,3.4
10812,2024-08-15,1,105,1,4.1,4.1
10813,2024-08-15,1,107,2,3.5,7.0
10814,2024-08-15,1,105,1,4.1,4.1
10815,2024-08-15,1,102,1,4.0,4.0
10816,2024-08-15,1,106,2,3.2,6.4
10817,2024-08-15,2,107,1,3.5,3.5
10818,2024-08-15,2,110,1,3.4,3.4
10819,2024-08-15,2,104,1,4.2,4.2
10820,2024-08-15,2,102,1,4.0,4.0
10821,2024-08-15,2,110,1,3.4,3.4
10822,2024-08-15,2,102,1,4.0,4.0
10823,2024-08-15,2,101,1,3.8,3.8
10824,2024-08-15,2,107,1,3.5,3.5
10825,2024-08-15,2,104,2,4.2,8.4
10826,2024-08-15,2,101,1,3.8,3.8
10827,2024-08-15,3,108,1,4.5,4.5
10828,2024-08-15,3,109,2,2.2,4.4
10829,2024-08-15,3,104,1,4.2,4.2
10830,2024-08-15,3,103,1,3.9,3.9
10831,2024-08-15,3,105,3,4.1,12.3
10832,2024-08-15,3,109,1,2.2,2.2
10833,2024-08-15,3,105,2,4.1,8.2
10834,2024-08-15,4,106,1,3.2,3.2
10835,2024-08-15,4,104,2,4.2,8.4
10836,2024-08-15,4,101,1,3.8,3.8
10837,2024-08-15,4,101,2,3.8,7.6
10838,2024-08-15,4,108,1,4.5,4.5
10839,2024-08-15,4,102,1,4.0,4.0
10840,2024-08-15,4,104,1,4.2,4.2
10841,2024-08-15,4,105,1,4.1,4.1
10842,2024-08-15,4,107,1,3.5,3.5
10843,2024-08-15,4,107,1,3.5,3.5
10844,2024-08-15,5,101,1,3.8,3.8
10845,2024-08-15,5,107,1,3.5,3.5
10846,2024-08-15,5,104,2,4.2,8.4
10847,2024-08-15,5,103,2,3.9,7.8
10848,2024-08-15,5,101,1,3.8,3.8
10849,2024-08-15,5,105,1,4.1,4.1
10850,2024-08-15,5,101,1,3.8,3.8
10851,2024-08-15,6,106,1,3.2,3.2
10852,2024-08-15,6,105,1,4.1,4.1
10853,2024-08-15,6,106,2,3.2,6.4
10854,2024-08-15,6,102,1,4.0,4.0
10855,2024-08-15,6,106,1,3.2,3.2
10856,2024-08-15,6,101,1,3.8,3.8
10857,2024-08-15,6,101,1,3.8,3.8
10858,2024-08-15,6,105,1,4.1,4.1
10859,2024-08-15,7,101,1,3.8,3.8
10860,2024-08-15,7,110,1,3.4,3.4
10861,2024-08-15,7,101,1,3.8,3.8
10862,2024-08-15,7,102,1,4.0,4.0
10863,2024-08-15,7,104,2,4.2,8.4
10864,2024-08-15,7,107,1,3.5,3.5
10865,2024-08-15,7,104,1,4.2,4.2
10866,2024-08-15,8,101,2,3.8,7.6
10867,2024-08-15,8,105,1,4.1,4.1
10868,2024-08-15,8,103,1,3.9,3.9
10869,2024-08-15,8,104,2,4.2,8.4
10870,2024-08-15,8,109,1,2.2,2.2
10871,2024-08-15,8,102,1,4.0,4.0
10872,2024-08-15,8,106,2,3.2,6.4
10873,2024-08-15,8,110,2,3.4,6.8
10874,2024-08-15,8,101,2,3.8,7.6
10875,2024-08-15,9,102,1,4.0,4.0
10876,2024-08-15,9,103,1,3.9,3.9
10877,2024-08-15,9,110,1,3.4,3.4
10878,2024-08-15,9,107,1,3.5,3.5
10879,2024-08-15,9,101,1,3.8,3.8
10880,2024-08-15,9,101,1,3.8,3.8
10881,2024-08-15,9,105,1,4.1,4.1
10882,2024-08-15,9,105,1,4.1,4.1
10883,2024-08-15,10,108,1,4.5,4.5
10884,2024-08-15,10,107,1,3.5,3.5
10885,2024-08-15,10,106,1,3.2,3.2
10886,2024-08-15,10,103,1,3.9,3.9
10887,2024-08-15,10,101,1,3.8,3.8
10888,2024-08-15,10,102,2,4.0,8.0
10889,2024-08-15,10,106,3,3.2,9.6
10890,2024-08-15,10,101,1,3.8,3.8
10891,2024-08-15,10,105,1,4.1,4.1
10892,2024-08-15,11,104,1,4.2,4.2
10893,2024-08-15,11,107,1,3.5,3.5
10894,2024-08-15,11,107,1,3.5,3.5
10895,2024-08-15,11,109,1,2.2,2.2
10896,2024-08-15,11,102,1,4.0,4.0
10897,2024-08-15,11,110,1,3.4,3.4
10898,2024-08-15,11,101,1,3.8,3.8
10899,2024-08-15,11,108,1,4.5,4.5
10900,2024-08-15,12,108,2,4.5,9.0
10901,2024-08-15,12,106,1,3.2,3.2
10902,2024-08-15,12,108,1,4.5,4.5
10903,2024-08-15,12,105,1,4.1,4.1
10904,2024-08-15,12,104,1,4.2,4.2
10905,2024-08-15,12,103,1,3.9,3.9
10906,2024-08-15,12,108,1,4.5,4.5
10907,2024-08-15,12,106,3,3.2,9.6
10908,2024-08-16,1,108,1,4.5,4.5
10909,2024-08-16,1,104,1,4.2,4.2
10910,2024-08-16,1,107,1,3.5,3.5
10911,2024-08-16,1,110,1,3.4,3.4
10912,2024-08-16,1,105,1,4.1,4.1
10913,2024-08-16,1,102,1,4.0,4.0
10914,2024-08-16,1,107,2,3.5,7.0
10915,2024-08-16,1,106,3,3.2,9.6
10916,2024-08-16,1,101,2,3.8,7.6
10917,2024-08-16,2,105,2,4.1,8.2
10918,2024-08-16,2,110,1,3.4,3.4
10919,2024-08-16,2,101,2,3.8,7.6
10920,2024-08-16,2,105,1,4.1,4.1
10921,2024-08-16,2,108,1,4.5,4.5
10922,2024-08-16,2,103,2,3.9,7.8
10923,2024-08-16,2,104,3,4.2,12.6
10924,2024-08-16,2,108,1,4.5,4.5
10925,2024-08-16,2,106,1,3.2,3.2
10926,2024-08-16,3,104,1,4.2,4.2
10927,2024-08-16,3,103,2,3.9,7.8
10928,2024-08-16,3,107,2,3.5,7.0
10929,2024-08-16,3,106,1,3.2,3.2
10930,2024-08-16,3,106,2,3.2,6.4
10931,2024-08-16,3,102,1,4.0,4.0
10932,2024-08-16,3,106,1,3.2,3.2
10933,2024-08-16,3,104,1,4.2,4.2
10934,2024-08-16,3,103,1,3.9,3.9
10935,2024-08-16,3,105,2,4.1,8.2
10936,2024-08-16,4,106,1,3.2,3.2
10937,2024-08-16,4,106,1,3.2,3.2
10938,2024-08-16,4,104,1,4.2,4.2
10939,2024-08-16,4,103,1,3.9,3.9
10940,2024-08-16,4,107,1,3.5,3.5
10941,2024-08-16,4,102,1,4.0,4.0
10942,2024-08-16,4,108,1,4.5,4.5
10943,2024-08-16,4,108,1,4.5,4.5
10944,2024-08-16,4,109,1,2.2,2.2
10945,2024-08-16,4,104,3,4.2,12.6
10946,2024-08-16,5,105,2,4.1,8.2
10947,2024-08-16,5,108,1,4.5,4.5
10948,2024-08-16,5,104,1,4.2,4.2
10949,2024-08-16,5,102,1,4.0,4.0
10950,2024-08-16,5,108,1,4.5,4.5
10951,2024-08-16,5,106,1,3.2,3.2
10952,2024-08-16,5,101,1,3.8,3.8
10953,2024-08-16,5,105,1,4.1,4.1
10954,2024-08-16,5,105,1,4.1,4.1
10955,2024-08-16,6,105,1,4.1,4.1
10956,2024-08-16,6,103,1,3.9,3.9
10957,2024-08-16,6,105,2,4.1,8.2
10958,2024-08-16,6,101,2,3.8,7.6
10959,2024-08-16,6,108,1,4.5,4.5
10960,2024-08-16,6,107,1,3.5,3.5
10961,2024-08-16,6,106,1,3.2,3.2
10962,2024-08-16,6,104,1,4.2,4.2
10963,2024-08-16,7,101,1,3.8,3.8
10964,2024-08-16,7,101,1,3.8,3.8
10965,2024-08-16,7,108,1,4.5,4.5
10966,2024-08-16,7,102,1,4.0,4.0
10967,2024-08-16,7,105,1,4.1,4.1
10968,2024-08-16,7,102,1,4.0,4.0
10969,2024-08-16,7,106,1,3.2,3.2
10970,2024-08-16,7,108,3,4.5,13.5
10971,2024-08-16,8,104,1,4.2,4.2
10972,2024-08-16,8,107,1,3.5,3.5
10973,2024-08-16,8,106,1,3.2,3.2
10974,2024-08-16,8,105,1,4.1,4.1
10975,2024-08-16,8,109,1,2.2,2.2
10976,2024-08-16,8,102,1,4.0,4.0
10977,2024-08-16,8,105,2,4.1,8.2
10978,2024-08-16,8,101,1,3.8,3.8
10979,2024-08-16,8,103,2,3.9,7.8
10980,2024-08-16,9,104,1,4.2,4.2
10981,2024-08-16,9,110,1,3.4,3.4
10982,2024-08-16,9,108,1,4.5,4.5
10983,2024-08-16,9,101,2,3.8,7.6
10984,2024-08-16,9,106,1,3.2,3.2
10985,2024-08-16,9,102,1,4.0,4.0
10986,2024-08-16,9,109,1,2.2,2.2
10987,2024-08-16,9,102,1,4.0,4.0
10988,2024-08-16,9,107,1,3.5,3.5
10989,2024-08-16,9,108,1,4.5,4.5
10990,2024-08-16,10,105,1,4.1,4.1
10991,2024-08-16,10,105,1,4.1,4.1
10992,2024-08-16,10,106,1,3.2,3.2
10993,2024-08-16,10,103,1,3.9,3.9
10994,2024-08-16,10,107,3,3.5,10.5
10995,2024-08-16,10,108,1,4.5,4.5
10996,2024-08-16,10,103,2,3.9,7.8
10997,2024-08-16,10,103,1,3.9,3.9
10998,2024-08-16,11,101,1,3.8,3.8
10999,2024-08-16,11,106,1,3.2,3.2
11000,2024-08-16,11,108,1,4.5,4.5
11001,2024-08-16,11,101,1,3.8,3.8
11002,2024-08-16,11,106,1,3.2,3.2
11003,2024-08-16,11,109,2,2.2,4.4
11004,2024-08-16,11,108,1,4.5,4.5
11005,2024-08-16,11,107,1,3.5,3.5
11006,2024-08-16,11,109,1,2.2,2.2
11007,2024-08-16,12,108,1,4.5,4.5
11008,2024-08-16,12,105,1,4.1,4.1
11009,2024-08-16,12,103,2,3.9,7.8
11010,2024-08-16,12,101,1,3.8,3.8
11011,2024-08-16,12,104,1,4.2,4.2
11012,2024-08-16,12,104,1,4.2,4.2
11013,2024-08-16,12,107,1,3.5,3.5
11014,2024-08-16,12,109,1,2.2,2.2
11015,2024-08-17,1,107,2,3.5,7.0
11016,2024-08-17,1,101,1,3.8,3.8
11017,2024-08-17,1,101,2,3.8,7.6
11018,2024-08-17,1,102,2,4.0,8.0
11019,2024-08-17,1,108,1,4.5,4.5
11020,2024-08-17,1,108,1,4.5,4.5
11021,2024-08-17,1,104,2,4.2,8.4
11022,2024-08-17,1,102,1,4.0,4.0
11023,2024-08-17,1,104,2,4.2,8.4
11024,2024-08-17,2,107,1,3.5,3.5
11025,2024-08-17,2,103,1,3.9,3.9
11026,2024-08-17,2,101,2,3.8,7.6
11027,2024-08-17,2,104,1,4.2,4.2
11028,2024-08-17,2,107,1,3.5,3.5
11029,2024-08-17,2,101,1,3.8,3.8
11030,2024-08-17,2,108,1,4.5,4.5
11031,2024-08-17,2,101,1,3.8,3.8
11032,2024-08-17,2,107,1,3.5,3.5
11033,2024-08-17,3,104,2,4.2,8.4
11034,2024-08-17,3,102,1,4.0,4.0
11035,2024-08-17,3,103,3,3.9,11.7
11036,2024-08-17,3,101,1,3.8,3.8
11037,2024-08-17,3,107,1,3.5,3.5
11038,2024-08-17,3,106,1,3.2,3.2
11039,2024-08-17,3,103,2,3.9,7.8
11040,2024-08-17,4,102,1,4.0,4.0
11041,2024-08-17,4,108,1,4.5,4.5
11042,2024-08-17,4,106,1,3.2,3.2
11043,2024-08-17,4,108,1,4.5,4.5
11044,2024-08-17,4,102,1,4.0,4.0
11045,2024-08-17,4,108,1,4.5,4.5
11046,2024-08-17,4,103,2,3.9,7.8
11047,2024-08-17,5,106,1,3.2,3.2
11048,2024-08-17,5,110,1,3.4,3.4
11049,2024-08-17,5,102,1,4.0,4.0
11050,2024-08-17,5,103,3,3.9,11.7
11051,2024-08-17,5,107,2,3.5,7.0
11052,2024-08-17,5,108,1,4.5,4.5
11053,2024-08-17,5,107,1,3.5,3.5
11054,2024-08-17,6,109,2,2.2,4.4
11055,2024-08-17,6,102,1,4.0,4.0
11056,2024-08-17,6,101,1,3.8,3.8
11057,2024-08-17,6,105,1,4.1,4.1
11058,2024-08-17,6,105,1,4.1,4.1
11059,2024-08-17,6,108,1,4.5,4.5
11060,2024-08-17,6,105,1,4.1,4.1
11061,2024-08-17,7,102,1,4.0,4.0
11062,2024-08-17,7,108,3,4.5,13.5
11063,2024-08-17,7,110,3,3.4,10.2
11064,2024-08-17,7,108,1,4.5,4.5
11065,2024-08-17,7,110,1,3.4,3.4
11066,2024-08-17,7,101,1,3.8,3.8
11067,2024-08-17,7,101,1,3.8,3.8
11068,2024-08-17,8,104,1,4.2,4.2
11069,2024-08-17,8,104,2,4.2,8.4
11070,2024-08-17,8,101,1,3.8,3.8
11071,2024-08-17,8,109,1,2.2,2.2
11072,2024-08-17,8,103,2,3.9,7.8
11073,2024-08-17,8,110,1,3.4,3.4
11074,2024-08-17,8,104,1,4.2,4.2
11075,2024-08-17,9,101,1,3.8,3.8
11076,2024-08-17,9,110,1,3.4,3.4
11077,2024-08-17,9,105,2,4.1,8.2
11078,2024-08-17,9,107,1,3.5,3.5
11079,2024-08-17,9,101,1,3.8,3.8
11080,2024-08-17,9,108,3,4.5,13.5
11081,2024-08-17,9,110,1,3.4,3.4
11082,2024-08-17,9,110,1,3.4,3.4
11083,2024-08-17,10,103,1,3.9,3.9
11084,2024-08-17,10,107,1,3.5,3.5
11085,2024-08-17,10,101,1,3.8,3.8
11086,2024-08-17,10,102,2,4.0,8.0
11087,2024-08-17,10,101,2,3.8,7.6
11088,2024-08-17,10,107,2,3.5,7.0
11089,2024-08-17,10,103,2,3.9,7.8
11090,2024-08-17,10,108,2,4.5,9.0
11091,2024-08-17,10,109,1,2.2,2.2
11092,2024-08-17,10,104,1,4.2,4.2
11093,2024-08-17,11,105,2,4.1,8.2
11094,2024-08-17,11,104,1,4.2,4.2
11095,2024-08-17,11,105,2,4.1,8.2
11096,2024-08-17,11,109,1,2.2,2.2
11097,2024-08-17,11,101,1,3.8,3.8
11098,2024-08-17,11,108,1,4.5,4.5
11099,2024-08-17,11,109,2,2.2,4.4
11100,2024-08-17,11,108,1,4.5,4.5
11101,2024-08-17,12,105,1,4.1,4.1
11102,2024-08-17,12,104,1,4.2,4.2
11103,2024-08-17,12,106,1,3.2,3.2
11104,2024-08-17,12,109,1,2.2,2.2
11105,2024-08-17,12,107,1,3.5,3.5
11106,2024-08-17,12,101,1,3.8,3.8
11107,2024-08-17,12,108,1,4.5,4.5
11108,2024-08-17,12,101,1,3.8,3.8
11109,2024-08-17,12,102,1,4.0,4.0
11110,2024-08-17,12,102,3,4.0,12.0
11111,2024-08-18,1,105,1,4.1,4.1
11112,2024-08-18,1,107,1,3.5,3.5
11113,2024-08-18,1,108,1,4.5,4.5
11114,2024-08-18,1,109,2,2.2,4.4
11115,2024-08-18,1,105,1,4.1,4.1
11116,2024-08-18,1,104,1,4.2,4.2
11117,2024-08-18,1,110,2,3.4,6.8
11118,2024-08-18,2,102,1,4.0,4.0
11119,2024-08-18,2,107,1,3.5,3.5
11120,2024-08-18,2,102,1,4.0,4.0
11121,2024-08-18,2,101,2,3.8,7.6
11122,2024-08-18,2,108,1,4.5,4.5
11123,2024-08-18,2,101,1,3.8,3.8
11124,2024-08-18,2,102,1,4.0,4.0
11125,2024-08-18,2,106,2,3.2,6.4
11126,2024-08-18,2,106,1,3.2,3.2
11127,2024-08-18,3,105,1,4.1,4.1
11128,2024-08-18,3,102,1,4.0,4.0
11129,2024-08-18,3,108,1,4.5,4.5
11130,2024-08-18,3,110,1,3.4,3.4
11131,2024-08-18,3,102,1,4.0,4.0
11132,2024-08-18,3,106,1,3.2,3.2
11133,2024-08-18,3,102,2,4.0,8.0
11134,2024-08-18,3,105,2,4.1,8.2
11135,2024-08-18,3,109,2,2.2,4.4
11136,2024-08-18,3,106,1,3.2,3.2
11137,2024-08-18,4,101,1,3.8,3.8
11138,2024-08-18,4,108,2,4.5,9.0
11139,2024-08-18,4,108,2,4.5,9.0
11140,2024-08-18,4,105,1,4.1,4.1
11141,2024-08-18,4,108,1,4.5,4.5
11142,2024-08-18,4,101,1,3.8,3.8
11143,2024-08-18,4,103,1,3.9,3.9
11144,2024-08-18,5,102,2,4.0,8.0
11145,2024-08-18,5,101,1,3.8,3.8
11146,2024-08-18,5,106,1,3.2,3.2
11147,2024-08-18,5,109,3,2.2,6.6
11148,2024-08-18,5,104,3,4.2,12.6
11149,2024-08-18,5,102,1,4.0,4.0
11150,2024-08-18,5,103,2,3.9,7.8
11151,2024-08-18,5,106,1,3.2,3.2
11152,2024-08-18,5,108,1,4.5,4.5
11153,2024-08-18,5,106,1,3.2,3.2
11154,2024-08-18,6,105,1,4.1,4.1
11155,2024-08-18,6,106,1,3.2,3.2
11156,2024-08-18,6,105,1,4.1,4.1
11157,2024-08-18,6,103,1,3.9,3.9
11158,2024-08-18,6,103,1,3.9,3.9
11159,2024-08-18,6,105,1,4.1,4.1
11160,2024-08-18,6,105,1,4.1,4.1
11161,2024-08-18,6,106,2,3.2,6.4
11162,2024-08-18,6,103,1,3.9,3.9
11163,2024-08-18,7,101,3,3.8,11.4
11164,2024-08-18,7,103,1,3.9,3.9
11165,2024-08-18,7,104,1,4.2,4.2
11166,2024-08-18,7,101,1,3.8,3.8
11167,2024-08-18,7,104,2,4.2,8.4
11168,2024-08-18,7,107,2,3.5,7.0
11169,2024-08-18,7,101,1,3.8,3.8
11170,2024-08-18,8,101,1,3.8,3.8
11171,2024-08-18,8,103,1,3.9,3.9
11172,2024-08-18,8,101,1,3.8,3.8
11173,2024-08-18,8,106,1,3.2,3.2
11174,2024-08-18,8,101,1,3.8,3.8
11175,2024-08-18,8,105,1,4.1,4.1
11176,2024-08-18,8,102,2,4.0,8.0
11177,2024-08-18,9,108,2,4.5,9.0
11178,2024-08-18,9,108,1,4.5,4.5
11179,2024-08-18,9,107,1,3.5,3.5
11180,2024-08-18,9,105,2,4.1,8.2
11181,2024-08-18,9,106,1,3.2,3.2
11182,2024-08-18,9,104,1,4.2,4.2
11183,2024-08-18,9,103,1,3.9,3.9
11184,2024-08-18,10,108,1,4.5,4.5
11185,2024-08-18,10,102,1,4.0,4.0
11186,2024-08-18,10,102,1,4.0,4.0
11187,2024-08-18,10,107,1,3.5,3.5
11188,2024-08-18,10,104,1,4.2,4.2
11189,2024-08-18,10,108,1,4.5,4.5
11190,2024-08-18,10,103,2,3.9,7.8
11191,2024-08-18,10,103,1,3.9,3.9
11192,2024-08-18,11,106,1,3.2,3.2
11193,2024-08-18,11,106,1,3.2,3.2
11194,2024-08-18,11,105,1,4.1,4.1
11195,2024-08-18,11,108,1,4.5,4.5
11196,2024-08-18,11,110,1,3.4,3.4
11197,2024-08-18,11,104,1,4.2,4.2
11198,2024-08-18,11,110,1,3.4,3.4
11199,2024-08-18,11,108,1,4.5,4.5
11200,2024-08-18,11,103,1,3.9,3.9
11201,2024-08-18,12,109,1,2.2,2.2
11202,2024-08-18,12,107,1,3.5,3.5
11203,2024-08-18,12,110,3,3.4,10.2
11204,2024-08-18,12,102,1,4.0,4.0
11205,2024-08-18,12,107,1,3.5,3.5
11206,2024-08-18,12,107,1,3.5,3.5
11207,2024-08-18,12,108,1,4.5,4.5
11208,2024-08-19,1,107,1,3.5,3.5
11209,2024-08-19,1,106,1,3.2,3.2
11210,2024-08-19,1,110,1,3.4,3.4
11211,2024-08-19,1,108,2,4.5,9.0
11212,2024-08-19,1,104,1,4.2,4.2
11213,2024-08-19,1,106,3,3.2,9.6
11214,2024-08-19,1,106,1,3.2,3.2
11215,2024-08-19,1,104,1,4.2,4.2
11216,2024-08-19,2,109,2,2.2,4.4
11217,2024-08-19,2,107,2,3.5,7.0
11218,2024-08-19,2,101,2,3.8,7.6
11219,2024-08-19,2,101,1,3.8,3.8
11220,2024-08-19,2,105,1,4.1,4.1
11221,2024-08-19,2,102,1,4.0,4.0
11222,2024-08-19,2,108,3,4.5,13.5
11223,2024-08-19,3,104,1,4.2,4.2
11224,2024-08-19,3,102,1,4.0,4.0
11225,2024-08-19,3,105,1,4.1,4.1
11226,2024-08-19,3,110,1,3.4,3.4
11227,2024-08-19,3,103,1,3.9,3.9
11228,2024-08-19,3,101,3,3.8,11.4
11229,2024-08-19,3,105,2,4.1,8.2
11230,2024-08-19,3,101,1,3.8,3.8
11231,2024-08-19,3,108,1,4.5,4.5
11232,2024-08-19,3,101,1,3.8,3.8
11233,2024-08-19,4,102,1,4.0,4.0
11234,2024-08-19,4,108,3,4.5,13.5
11235,2024-08-19,4,108,2,4.5,9.0
11236,2024-08-19,4,108,1,4.5,4.5
11237,2024-08-19,4,101,1,3.8,3.8
11238,2024-08-19,4,109,2,2.2,4.4
11239,2024-08-19,4,104,1,4.2,4.2
11240,2024-08-19,4,106,1,3.2,3.2
11241,2024-08-19,5,103,1,3.9,3.9
11242,2024-08-19,5,109,1,2.2,2.2
11243,2024-08-19,5,105,1,4.1,4.1
11244,2024-08-19,5,102,2,4.0,8.0
11245,2024-08-19,5,107,1,3.5,3.5
11246,2024-08-19,5,106,1,3.2,3.2
11247,2024-08-19,5,107,1,3.5,3.5
11248,2024-08-19,6,102,1,4.0,4.0
11249,2024-08-19,6,106,1,3.2,3.2
11250,2024-08-19,6,105,1,4.1,4.1
11251,2024-08-19,6,110,1,3.4,3.4
11252,2024-08-19,6,101,2,3.8,7.6
11253,2024-08-19,6,106,1,3.2,3.2
11254,2024-08-19,6,107,1,3.5,3.5
11255,2024-08-19,6,103,2,3.9,7.8
11256,2024-08-19,7,106,1,3.2,3.2
11257,2024-08-19,7,104,1,4.2,4.2
11258,2024-08-19,7,106,1,3.2,3.2
11259,2024-08-19,7,101,1,3.8,3.8
11260,2024-08-19,7,110,1,3.4,3.4
11261,2024-08-19,7,107,2,3.5,7.0
11262,2024-08-19,7,104,1,4.2,4.2
11263,2024-08-19,8,108,1,4.5,4.5
11264,2024-08-19,8,102,1,4.0,4.0
11265,2024-08-19,8,106,3,3.2,9.6
11266,2024-08-19,8,103,1,3.9,3.9
11267,2024-08-19,8,107,1,3.5,3.5
11268,2024-08-19,8,104,1,4.2,4.2
11269,2024-08-19,8,107,1,3.5,3.5
11270,2024-08-19,8,105,1,4.1,4.1
11271,2024-08-19,8,103,1,3.9,3.9
11272,2024-08-19,9,101,1,3.8,3.8
11273,2024-08-19,9,108,1,4.5,4.5
11274,2024-08-19,9,101,1,3.8,3.8
11275,2024-08-19,9,102,1,4.0,4.0
11276,2024-08-19,9,108,1,4.5,4.5
11277,2024-08-19,9,103,1,3.9,3.9
11278,2024-08-19,9,108,1,4.5,4.5
11279,2024-08-19,9,105,1,4.1,4.1
11280,2024-08-19,9,107,1,3.5,3.5
11281,2024-08-19,10,108,1,4.5,4.5
11282,2024-08-19,10,108,2,4.5,9.0
11283,2024-08-19,10,107,1,3.5,3.5
11284,2024-08-19,10,107,2,3.5,7.0
11285,2024-08-19,10,105,1,4.1,4.1
11286,2024-08-19,10,105,1,4.1,4.1
11287,2024-08-19,10,102,1,4.0,4.0
11288,2024-08-19,10,103,1,3.9,3.9
11289,2024-08-19,10,102,2,4.0,8.0
11290,2024-08-19,10,101,1,3.8,3.8
11291,2024-08-19,11,105,1,4.1,4.1
11292,2024-08-19,11,107,1,3.5,3.5
11293,2024-08-19,11,104,1,4.2,4.2
11294,2024-08-19,11,108,1,4.5,4.5
11295,2024-08-19,11,107,1,3.5,3.5
11296,2024-08-19,11,104,1,4.2,4.2
11297,2024-08-19,11,102,1,4.0,4.0
11298,2024-08-19,11,102,1,4.0,4.0
11299,2024-08-19,12,108,1,4.5,4.5
11300,2024-08-19,12,102,1,4.0,4.0
11301,2024-08-19,12,108,2,4.5,9.0
11302,2024-08-19,12,106,2,3.2,6.4
11303,2024-08-19,12,107,1,3.5,3.5
11304,2024-08-19,12,107,3,3.5,10.5
11305,2024-08-19,12,104,1,4.2,4.2
11306,2024-08-19,12,101,1,3.8,3.8
11307,2024-08-19,12,106,1,3.2,3.2
11308,2024-08-20,1,106,1,3.2,3.2
11309,2024-08-20,1,110,1,3.4,3.4
11310,2024-08-20,1,108,2,4.5,9.0
11311,2024-08-20,1,102,2,4.0,8.0
11312,2024-08-20,1,105,1,4.1,4.1
11313,2024-08-20,1,110,1,3.4,3.4
11314,2024-08-20,1,108,2,4.5,9.0
11315,2024-08-20,2,107,2,3.5,7.0
11316,2024-08-20,2,103,1,3.9,3.9
11317,2024-08-20,2,105,2,4.1,8.2
11318,2024-08-20,2,106,1,3.2,3.2
11319,2024-08-20,2,108,1,4.5,4.5
11320,2024-08-20,2,107,1,3.5,3.5
11321,2024-08-20,2,106,1,3.2,3.2
11322,2024-08-20,2,101,1,3.8,3.8
11323,2024-08-20,2,103,1,3.9,3.9
11324,2024-08-20,2,101,1,3.8,3.8
11325,2024-08-20,3,104,1,4.2,4.2
11326,2024-08-20,3,102,2,4.0,8.0
11327,2024-08-20,3,101,2,3.8,7.6
11328,2024-08-20,3,101,1,3.8,3.8
11329,2024-08-20,3,110,1,3.4,3.4
11330,2024-08-20,3,101,1,3.8,3.8
11331,2024-08-20,3,101,3,3.8,11.4
11332,2024-08-20,3,110,1,3.4,3.4
11333,2024-08-20,4,106,1,3.2,3.2
11334,2024-08-20,4,106,1,3.2,3.2
11335,2024-08-20,4,108,1,4.5,4.5
11336,2024-08-20,4,106,2,3.2,6.4
11337,2024-08-20,4,109,1,2.2,2.2
11338,2024-08-20,4,110,1,3.4,3.4
11339,2024-08-20,4,106,1,3.2,3.2
11340,2024-08-20,4,103,1,3.9,3.9
11341,2024-08-20,5,107,1,3.5,3.5
11342,2024-08-20,5,108,1,4.5,4.5
11343,2024-08-20,5,110,2,3.4,6.8
11344,2024-08-20,5,106,2,3.2,6.4
11345,2024-08-20,5,101,1,3.8,3.8
11346,2024-08-20,5,105,1,4.1,4.1
11347,2024-08-20,5,102,1,4.0,4.0
11348,2024-08-20,5,107,3,3.5,10.5
11349,2024-08-20,6,110,3,3.4,10.2
11350,2024-08-20,6,110,1,3.4,3.4
11351,2024-08-20,6,105,2,4.1,8.2
11352,2024-08-20,6,104,3,4.2,12.6
11353,2024-08-20,6,104,1,4.2,4.2
11354,2024-08-20,6,106,1,3.2,3.2
11355,2024-08-20,6,103,2,3.9,7.8
11356,2024-08-20,6,109,1,2.2,2.2
11357,2024-08-20,6,101,1,3.8,3.8
11358,2024-08-20,6,106,1,3.2,3.2
11359,2024-08-20,7,106,2,3.2,6.4
11360,2024-08-20,7,101,1,3.8,3.8
11361,2024-08-20,7,104,2,4.2,8.4
11362,2024-08-20,7,108,1,4.5,4.5
11363,2024-08-20,7,107,1,3.5,3.5
11364,2024-08-20,7,108,1,4.5,4.5
11365,2024-08-20,7,103,1,3.9,3.9
11366,2024-08-20,7,101,1,3.8,3.8
11367,2024-08-20,8,103,1,3.9,3.9
11368,2024-08-20,8,101,2,3.8,7.6
11369,2024-08-20,8,103,2,3.9,7.8
11370,2024-08-20,8,110,1,3.4,3.4
11371,2024-08-20,8,108,1,4.5,4.5
11372,2024-08-20,8,106,1,3.2,3.2
11373,2024-08-20,8,102,2,4.0,8.0
11374,2024-08-20,8,110,2,3.4,6.8
11375,2024-08-20,9,105,2,4.1,8.2
11376,2024-08-20,9,101,1,3.8,3.8
11377,2024-08-20,9,108,1,4.5,4.5
11378,2024-08-20,9,102,2,4.0,8.0
11379,2024-08-20,9,107,2,3.5,7.0
11380,2024-08-20,9,104,1,4.2,4.2
11381,2024-08-20,9,107,1,3.5,3.5
11382,2024-08-20,10,109,1,2.2,2.2
11383,2024-08-20,10,107,1,3.5,3.5
11384,2024-08-20,10,103,2,3.9,7.8
11385,2024-08-20,10,103,1,3.9,3.9
11386,2024-08-20,10,109,1,2.2,2.2
11387,2024-08-20,10,106,1,3.2,3.2
11388,2024-08-20,10,103,2,3.9,7.8
11389,2024-08-20,10,104,1,4.2,4.2
11390,2024-08-20,11,106,1,3.2,3.2
11391,2024-08-20,11,105,1,4.1,4.1
11392,2024-08-20,11,110,2,3.4,6.8
11393,2024-08-20,11,102,2,4.0,8.0
11394,2024-08-20,11,110,2,3.4,6.8
11395,2024-08-20,11,101,1,3.8,3.8
11396,2024-08-20,11,107,1,3.5,3.5
11397,2024-08-20,11,105,1,4.1,4.1
11398,2024-08-20,11,102,1,4.0,4.0
11399,2024-08-20,12,107,1,3.5,3.5
11400,2024-08-20,12,108,2,4.5,9.0
11401,2024-08-20,12,105,3,4.1,12.3
11402,2024-08-20,12,105,1,4.1,4.1
11403,2024-08-20,12,108,2,4.5,9.0
11404,2024-08-20,12,110,1,3.4,3.4
11405,2024-08-20,12,106,1,3.2,3.2
11406,2024-08-20,12,107,1,3.5,3.5
11407,2024-08-21,1,110,2,3.4,6.8
11408,2024-08-21,1,104,1,4.2,4.2
11409,2024-08-21,1,105,1,4.1,4.1
11410,2024-08-21,1,104,3,4.2,12.6
11411,2024-08-21,1,101,2,3.8,7.6
11412,2024-08-21,1,103,1,3.9,3.9
11413,2024-08-21,1,108,1,4.5,4.5
11414,2024-08-21,1,102,3,4.0,12.0
11415,2024-08-21,2,105,1,4.1,4.1
11416,2024-08-21,2,102,1,4.0,4.0
11417,2024-08-21,2,102,1,4.0,4.0
11418,2024-08-21,2,105,1,4.1,4.1
11419,2024-08-21,2,106,3,3.2,9.6
11420,2024-08-21,2,108,1,4.5,4.5
11421,2024-08-21,2,101,1,3.8,3.8
11422,2024-08-21,2,109,1,2.2,2.2
11423,2024-08-21,2,102,2,4.0,8.0
11424,2024-08-21,2,102,1,4.0,4.0
11425,2024-08-21,3,109,1,2.2,2.2
11426,2024-08-21,3,101,1,3.8,3.8
11427,2024-08-21,3,103,1,3.9,3.9
11428,2024-08-21,3,108,1,4.5,4.5
11429,2024-08-21,3,103,1,3.9,3.9
11430,2024-08-21,3,102,1,4.0,4.0
11431,2024-08-21,3,103,2,3.9,7.8
11432,2024-08-21,3,107,2,3.5,7.0
11433,2024-08-21,3,106,1,3.2,3.2
11434,2024-08-21,3,108,3,4.5,13.5
11435,2024-08-21,4,102,1,4.0,4.0
11436,2024-08-21,4,109,2,2.2,4.4
11437,2024-08-21,4,104,1,4.2,4.2
11438,2024-08-21,4,105,1,4.1,4.1
11439,2024-08-21,4,105,2,4.1,8.2
11440,2024-08-21,4,106,1,3.2,3.2
11441,2024-08-21,4,107,1,3.5,3.5
11442,2024-08-21,5,102,1,4.0,4.0
11443,2024-08-21,5,101,1,3.8,3.8
11444,2024-08-21,5,104,2,4.2,8.4
11445,2024-08-21,5,106,1,3.2,3.2
11446,2024-08-21,5,107,2,3.5,7.0
11447,2024-08-21,5,102,1,4.0,4.0
11448,2024-08-21,5,103,1,3.9,3.9
11449,2024-08-21,5,107,1,3.5,3.5
11450,2024-08-21,5,110,1,3.4,3.4
11451,2024-08-21,5,107,2,3.5,7.0
11452,2024-08-21,6,106,1,3.2,3.2
11453,2024-08-21,6,102,2,4.0,8.0
11454,2024-08-21,6,104,1,4.2,4.2
11455,2024-08-21,6,103,1,3.9,3.9
11456,2024-08-21,6,102,1,4.0,4.0
11457,2024-08-21,6,104,1,4.2,4.2
11458,2024-08-21,6,103,1,3.9,3.9
11459,2024-08-21,6,105,1,4.1,4.1
11460,2024-08-21,6,102,1,4.0,4.0
11461,2024-08-21,6,103,1,3.9,3.9
11462,2024-08-21,7,108,2,4.5,9.0
11463,2024-08-21,7,108,2,4.5,9.0
11464,2024-08-21,7,106,1,3.2,3.2
11465,2024-08-21,7,106,1,3.2,3.2
11466,2024-08-21,7,106,1,3.2,3.2
11467,2024-08-21,7,109,1,2.2,2.2
11468,2024-08-21,7,103,1,3.9,3.9
11469,2024-08-21,7,107,1,3.5,3.5
11470,2024-08-21,8,103,1,3.9,3.9
11471,2024-08-21,8,107,1,3.5,3.5
11472,2024-08-21,8,104,1,4.2,4.2
11473,2024-08-21,8,104,1,4.2,4.2
11474,2024-08-21,8,107,1,3.5,3.5
11475,2024-08-21,8,107,1,3.5,3.5
11476,2024-08-21,8,105,2,4.1,8.2
11477,2024-08-21,8,105,2,4.1,8.2
11478,2024-08-21,8,107,1,3.5,3.5
11479,2024-08-21,8,102,1,4.0,4.0
11480,2024-08-21,9,103,1,3.9,3.9
11481,2024-08-21,9,109,1,2.2,2.2
11482,2024-08-21,9,102,2,4.0,8.0
11483,2024-08-21,9,102,1,4.0,4.0
11484,2024-08-21,9,108,1,4.5,4.5
11485,2024-08-21,9,105,3,4.1,12.3
11486,2024-08-21,9,105,1,4.1,4.1
11487,2024-08-21,9,101,1,3.8,3.8
11488,2024-08-21,9,108,1,4.5,4.5
11489,2024-08-21,10,104,1,4.2,4.2
11490,2024-08-21,10,104,1,4.2,4.2
11491,2024-08-21,10,105,1,4.1,4.1
11492,2024-08-21,10,105,1,4.1,4.1
11493,2024-08-21,10,105,1,4.1,4.1
11494,2024-08-21,10,101,2,3.8,7.6
11495,2024-08-21,10,101,1,3.8,3.8
11496,2024-08-21,11,104,3,4.2,12.6
11497,2024-08-21,11,106,1,3.2,3.2
11498,2024-08-21,11,101,1,3.8,3.8
11499,2024-08-21,11,103,1,3.9,3.9
11500,2024-08-21,11,102,1,4.0,4.0
11501,2024-08-21,11,105,1,4.1,4.1
11502,2024-08-21,11,101,1,3.8,3.8
11503,2024-08-21,12,102,1,4.0,4.0
11504,2024-08-21,12,101,1,3.8,3.8
11505,2024-08-21,12,105,1,4.1,4.1
11506,2024-08-21,12,108,1,4.5,4.5
11507,2024-08-21,12,102,3,4.0,12.0
11508,2024-08-21,12,106,1,3.2,3.2
11509,2024-08-21,12,104,1,4.2,4.2
11510,2024-08-21,12,102,3,4.0,12.0
11511,2024-08-21,12,110,3,3.4,10.2
11512,2024-08-22,1,106,2,3.2,6.4
11513,2024-08-22,1,105,1,4.1,4.1
11514,2024-08-22,1,107,1,3.5,3.5
11515,2024-08-22,1,103,1,3.9,3.9
11516,2024-08-22,1,103,1,3.9,3.9
11517,2024-08-22,1,101,1,3.8,3.8
11518,2024-08-22,1,106,2,3.2,6.4
11519,2024-08-22,1,110,1,3.4,3.4
11520,2024-08-22,2,110,1,3.4,3.4
11521,2024-08-22,2,104,1,4.2,4.2
11522,2024-08-22,2,105,1,4.1,4.1
11523,2024-08-22,2,105,2,4.1,8.2
11524,2024-08-22,2,105,1,4.1,4.1
11525,2024-08-22,2,104,1,4.2,4.2
11526,2024-08-22,2,106,1,3.2,3.2
11527,2024-08-22,2,110,2,3.4,6.8
11528,2024-08-22,2,106,1,3.2,3.2
11529,2024-08-22,2,110,2,3.4,6.8
11530,2024-08-22,3,106,1,3.2,3.2
11531,2024-08-22,3,106,1,3.2,3.2
11532,2024-08-22,3,102,1,4.0,4.0
11533,2024-08-22,3,108,1,4.5,4.5
11534,2024-08-22,3,105,1,4.1,4.1
11535,2024-08-22,3,103,1,3.9,3.9
11536,2024-08-22,3,106,1,3.2,3.2
11537,2024-08-22,3,105,1,4.1,4.1
11538,2024-08-22,4,108,1,4.5,4.5
11539,2024-08-22,4,105,1,4.1,4.1
11540,2024-08-22,4,101,1,3.8,3.8
11541,2024-08-22,4,106,3,3.2,9.6
11542,2024-08-22,4,101,1,3.8,3.8
11543,2024-08-22,4,103,2,3.9,7.8
11544,2024-08-22,4,106,1,3.2,3.2
11545,2024-08-22,4,106,1,3.2,3.2
11546,2024-08-22,5,104,2,4.2,8.4
11547,2024-08-22,5,102,1,4.0,4.0
11548,2024-08-22,5,103,1,3.9,3.9
11549,2024-08-22,5,106,2,3.2,6.4
11550,2024-08-22,5,105,1,4.1,4.1
11551,2024-08-22,5,101,1,3.8,3.8
11552,2024-08-22,5,106,1,3.2,3.2
11553,2024-08-22,5,107,1,3.5,3.5
11554,2024-08-22,5,106,1,3.2,3.2
11555,2024-08-22,6,106,2,3.2,6.4
11556,2024-08-22,6,102,1,4.0,4.0
11557,2024-08-22,6,107,1,3.5,3.5
11558,2024-08-22,6,102,1,4.0,4.0
11559,2024-08-22,6,105,1,4.1,4.1
11560,2024-08-22,6,110,1,3.4,3.4
11561,2024-08-22,6,106,1,3.2,3.2
11562,2024-08-22,6,109,2,2.2,4.4
11563,2024-08-22,6,104,1,4.2,4.2
11564,2024-08-22,7,108,1,4.5,4.5
11565,2024-08-22,7,102,1,4.0,4.0
11566,2024-08-22,7,106,3,3.2,9.6
11567,2024-08-22,7,103,1,3.9,3.9
11568,2024-08-22,7,106,1,3.2,3.2
11569,2024-08-22,7,107,1,3.5,3.5
11570,2024-08-22,7,108,1,4.5,4.5
11571,2024-08-22,7,107,1,3.5,3.5
11572,2024-08-22,8,107,1,3.5,3.5
11573,2024-08-22,8,108,1,4.5,4.5
11574,2024-08-22,8,103,2,3.9,7.8
11575,2024-08-22,8,101,1,3.8,3.8
11576,2024-08-22,8,102,1,4.0,4.0
11577,2024-08-22,8,103,2,3.9,7.8
11578,2024-08-22,8,103,2,3.9,7.8
11579,2024-08-22,8,109,1,2.2,2.2
11580,2024-08-22,8,107,2,3.5,7.0
11581,2024-08-22,9,109,2,2.2,4.4
11582,2024-08-22,9,108,1,4.5,4.5
11583,2024-08-22,9,101,1,3.8,3.8
11584,2024-08-22,9,107,1,3.5,3.5
11585,2024-08-22,9,101,1,3.8,3.8
11586,2024-08-22,9,101,2,3.8,7.6
11587,2024-08-22,9,108,2,4.5,9.0
11588,2024-08-22,9,104,1,4.2,4.2
11589,2024-08-22,10,108,1,4.5,4.5
11590,2024-08-22,10,103,1,3.9,3.9
11591,2024-08-22,10,110,1,3.4,3.4
11592,2024-08-22,10,105,1,4.1,4.1
11593,2024-08-22,10,105,2,4.1,8.2
11594,2024-08-22,10,102,1,4.0,4.0
11595,2024-08-22,10,106,1,3.2,3.2
11596,2024-08-22,10,106,1,3.2,3.2
11597,2024-08-22,11,106,1,3.2,3.2
11598,2024-08-22,11,101,1,3.8,3.8
11599,2024-08-22,11,107,1,3.5,3.5
11600,2024-08-22,11,105,2,4.1,8.2
11601,2024-08-22,11,102,1,4.0,4.0
11602,2024-08-22,11,101,1,3.8,3.8
11603,2024-08-22,11,102,1,4.0,4.0
11604,2024-08-22,12,102,1,4.0,4.0
11605,2024-08-22,12,103,1,3.9,3.9
11606,2024-08-22,12,105,2,4.1,8.2
11607,2024-08-22,12,104,1,4.2,4.2
11608,2024-08-22,12,108,1,4.5,4.5
11609,2024-08-22,12,102,1,4.0,4.0
11610,2024-08-22,12,101,2,3.8,7.6
11611,2024-08-22,12,104,2,4.2,8.4
11612,2024-08-23,1,105,1,4.1,4.1
11613,2024-08-23,1,107,2,3.5,7.0
11614,2024-08-23,1,105,1,4.1,4.1
11615,2024-08-23,1,108,2,4.5,9.0
11616,2024-08-23,1,109,1,2.2,2.2
11617,2024-08-23,1,105,1,4.1,4.1
11618,2024-08-23,1,107,1,3.5,3.5
11619,2024-08-23,1,104,1,4.2,4.2
11620,2024-08-23,1,106,3,3.2,9.6
11621,2024-08-23,1,101,1,3.8,3.8
11622,2024-08-23,2,105,2,4.1,8.2
11623,2024-08-23,2,103,1,3.9,3.9
11624,2024-08-23,2,105,1,4.1,4.1
11625,2024-08-23,2,101,2,3.8,7.6
11626,2024-08-23,2,101,1,3.8,3.8
11627,2024-08-23,2,106,1,3.2,3.2
11628,2024-08-23,2,102,1,4.0,4.0
11629,2024-08-23,2,106,1,3.2,3.2
11630,2024-08-23,2,106,1,3.2,3.2
11631,2024-08-23,3,103,1,3.9,3.9
11632,2024-08-23,3,103,1,3.9,3.9
11633,2024-08-23,3,103,3,3.9,11.7
11634,2024-08-23,3,107,1,3.5,3.5
11635,2024-08-23,3,108,1,4.5,4.5
11636,2024-08-23,3,105,1,4.1,4.1
11637,2024-08-23,3,107,1,3.5,3.5
11638,2024-08-23,3,103,1,3.9,3.9
11639,2024-08-23,4,108,1,4.5,4.5
11640,2024-08-23,4,105,1,4.1,4.1
11641,2024-08-23,4,102,1,4.0,4.0
11642,2024-08-23,4,102,1,4.0,4.0
11643,2024-08-23,4,105,1,4.1,4.1
11644,2024-08-23,4,103,2,3.9,7.8
11645,2024-08-23,4,108,1,4.5,4.5
11646,2024-08-23,4,102,1,4.0,4.0
11647,2024-08-23,5,109,1,2.2,2.2
11648,2024-08-23,5,101,1,3.8,3.8
11649,2024-08-23,5,106,1,3.2,3.2
11650,2024-08-23,5,107,1,3.5,3.5
11651,2024-08-23,5,106,1,3.2,3.2
11652,2024-08-23,5,109,1,2.2,2.2
11653,2024-08-23,5,106,1,3.2,3.2
11654,2024-08-23,5,107,1,3.5,3.5
11655,2024-08-23,5,108,2,4.5,9.0
11656,2024-08-23,6,104,1,4.2,4.2
11657,2024-08-23,6,101,1,3.8,3.8
11658,2024-08-23,6,106,1,3.2,3.2
11659,2024-08-23,6,102,1,4.0,4.0
11660,2024-08-23,6,102,1,4.0,4.0
11661,2024-08-23,6,110,1,3.4,3.4
11662,2024-08-23,6,102,2,4.0,8.0
11663,2024-08-23,6,105,2,4.1,8.2
11664,2024-08-23,7,109,1,2.2,2.2
11665,2024-08-23,7,102,2,4.0,8.0
11666,2024-08-23,7,108,2,4.5,9.0
11667,2024-08-23,7,108,2,4.5,9.0
11668,2024-08-23,7,105,1,4.1,4.1
11669,2024-08-23,7,101,1,3.8,3.8
11670,2024-08-23,7,101,2,3.8,7.6
11671,2024-08-23,7,109,1,2.2,2.2
11672,2024-08-23,7,101,1,3.8,3.8
11673,2024-08-23,7,104,1,4.2,4.2
11674,2024-08-23,8,102,1,4.0,4.0
11675,2024-08-23,8,108,2,4.5,9.0
11676,2024-08-23,8,110,3,3.4,10.2
11677,2024-08-23,8,106,1,3.2,3.2
11678,2024-08-23,8,106,1,3.2,3.2
11679,2024-08-23,8,106,1,3.2,3.2
11680,2024-08-23,8,106,1,3.2,3.2
11681,2024-08-23,8,102,1,4.0,4.0
11682,2024-08-23,9,106,1,3.2,3.2
11683,2024-08-23,9,104,1,4.2,4.2
11684,2024-08-23,9,102,1,4.0,4.0
11685,2024-08-23,9,108,1,4.5,4.5
11686,2024-08-23,9,108,1,4.5,4.5
11687,2024-08-23,9,102,1,4.0,4.0
11688,2024-08-23,9,103,1,3.9,3.9
11689,2024-08-23,10,104,2,4.2,8.4
11690,2024-08-23,10,102,1,4.0,4.0
11691,2024-08-23,10,106,1,3.2,3.2
11692,2024-08-23,10,107,1,3.5,3.5
11693,2024-08-23,10,104,1,4.2,4.2
11694,2024-08-23,10,101,1,3.8,3.8
11695,2024-08-23,10,108,1,4.5,4.5
11696,2024-08-23,10,105,2,4.1,8.2
11697,2024-08-23,10,106,2,3.2,6.4
11698,2024-08-23,10,108,1,4.5,4.5
11699,2024-08-23,11,108,2,4.5,9.0
11700,2024-08-23,11,105,2,4.1,8.2
11701,2024-08-23,11,103,1,3.9,3.9
11702,2024-08-23,11,104,1,4.2,4.2
11703,2024-08-23,11,109,2,2.2,4.4
11704,2024-08-23,11,107,1,3.5,3.5
11705,2024-08-23,11,104,2,4.2,8.4
11706,2024-08-23,11,106,1,3.2,3.2
11707,2024-08-23,12,108,1,4.5,4.5
11708,2024-08-23,12,103,2,3.9,7.8
11709,2024-08-23,12,103,1,3.9,3.9
11710,2024-08-23,12,106,2,3.2,6.4
11711,2024-08-23,12,102,1,4.0,4.0
11712,2024-08-23,12,102,2,4.0,8.0
11713,2024-08-23,12,106,1,3.2,3.2
11714,2024-08-23,12,108,1,4.5,4.5
11715,2024-08-24,1,102,1,4.0,4.0
11716,2024-08-24,1,104,2,4.2,8.4
11717,2024-08-24,1,101,1,3.8,3.8
11718,2024-08-24,1,105,1,4.1,4.1
11719,2024-08-24,1,103,1,3.9,3.9
11720,2024-08-24,1,107,1,3.5,3.5
11721,2024-08-24,1,101,1,3.8,3.8
11722,2024-08-24,1,104,2,4.2,8.4
11723,2024-08-24,1,110,2,3.4,6.8
11724,2024-08-24,2,108,1,4.5,4.5
11725,2024-08-24,2,102,1,4.0,4.0
11726,2024-08-24,2,105,2,4.1,8.2
11727,2024-08-24,2,104,2,4.2,8.4
11728,2024-08-24,2,101,1,3.8,3.8
11729,2024-08-24,2,102,1,4.0,4.0
11730,2024-08-24,2,110,1,3.4,3.4
11731,2024-08-24,2,107,2,3.5,7.0
11732,2024-08-24,2,101,1,3.8,3.8
11733,2024-08-24,2,104,1,4.2,4.2
11734,2024-08-24,3,102,2,4.0,8.0
11735,2024-08-24,3,102,1,4.0,4.0
11736,2024-08-24,3,102,1,4.0,4.0
11737,2024-08-24,3,104,1,4.2,4.2
11738,2024-08-24,3,105,1,4.1,4.1
11739,2024-08-24,3,106,1,3.2,3.2
11740,2024-08-24,3,108,1,4.5,4.5
11741,2024-08-24,3,102,1,4.0,4.0
11742,2024-08-24,3,106,1,3.2,3.2
11743,2024-08-24,4,103,2,3.9,7.8
11744,2024-08-24,4,101,1,3.8,3.8
11745,2024-08-24,4,105,1,4.1,4.1
11746,2024-08-24,4,108,1,4.5,4.5
11747,2024-08-24,4,103,1,3.9,3.9
11748,2024-08-24,4,101,1,3.8,3.8
11749,2024-08-24,4,101,1,3.8,3.8
11750,2024-08-24,4,101,1,3.8,3.8
11751,2024-08-24,5,108,1,4.5,4.5
11752,2024-08-24,5,108,1,4.5,4.5
11753,2024-08-24,5,102,1,4.0,4.0
11754,2024-08-24,5,101,1,3.8,3.8
11755,2024-08-24,5,107,2,3.5,7.0
11756,2024-08-24,5,104,1,4.2,4.2
11757,2024-08-24,5,105,1,4.1,4.1
11758,2024-08-24,5,105,1,4.1,4.1
11759,2024-08-24,6,109,1,2.2,2.2
11760,2024-08-24,6,110,2,3.4,6.8
11761,2024-08-24,6,104,1,4.2,4.2
11762,2024-08-24,6,103,1,3.9,3.9
11763,2024-08-24,6,103,1,3.9,3.9
11764,2024-08-24,6,106,1,3.2,3.2
11765,2024-08-24,6,107,2,3.5,7.0
11766,2024-08-24,6,102,1,4.0,4.0
11767,2024-08-24,6,107,1,3.5,3.5
11768,2024-08-24,6,110,1,3.4,3.4
11769,2024-08-24,7,106,1,3.2,3.2
11770,2024-08-24,7,106,1,3.2,3.2
11771,2024-08-24,7,101,2,3.8,7.6
11772,2024-08-24,7,105,2,4.1,8.2
11773,2024-08-24,7,101,1,3.8,3.8
11774,2024-08-24,7,107,1,3.5,3.5
11775,2024-08-24,7,104,1,4.2,4.2
11776,2024-08-24,7,104,1,4.2,4.2
11777,2024-08-24,7,107,2,3.5,7.0
11778,2024-08-24,7,106,1,3.2,3.2
11779,2024-08-24,8,108,1,4.5,4.5
11780,2024-08-24,8,105,2,4.1,8.2
11781,2024-08-24,8,105,1,4.1,4.1
11782,2024-08-24,8,104,1,4.2,4.2
11783,2024-08-24,8,106,1,3.2,3.2
11784,2024-08-24,8,108,1,4.5,4.5
11785,2024-08-24,8,106,1,3.2,3.2
11786,2024-08-24,8,109,2,2.2,4.4
11787,2024-08-24,8,108,1,4.5,4.5
11788,2024-08-24,9,103,2,3.9,7.8
11789,2024-08-24,9,102,1,4.0,4.0
11790,2024-08-24,9,101,1,3.8,3.8
11791,2024-08-24,9,103,1,3.9,3.9
11792,2024-08-24,9,107,2,3.5,7.0
11793,2024-08-24,9,103,1,3.9,3.9
11794,2024-08-24,9,103,1,3.9,3.9
11795,2024-08-24,9,107,1,3.5,3.5
11796,2024-08-24,9,110,1,3.4,3.4
11797,2024-08-24,9,109,2,2.2,4.4
11798,2024-08-24,10,107,1,3.5,3.5
11799,2024-08-24,10,101,1,3.8,3.8
11800,2024-08-24,10,102,2,4.0,8.0
11801,2024-08-24,10,103,2,3.9,7.8
11802,2024-08-24,10,102,1,4.0,4.0
11803,2024-08-24,10,103,3,3.9,11.7
11804,2024-08-24,10,102,1,4.0,4.0
11805,2024-08-24,10,103,1,3.9,3.9
11806,2024-08-24,10,101,1,3.8,3.8
11807,2024-08-24,11,102,1,4.0,4.0
11808,2024-08-24,11,104,1,4.2,4.2
11809,2024-08-24,11,107,1,3.5,3.5
11810,2024-08-24,11,106,1,3.2,3.2
11811,2024-08-24,11,102,1,4.0,4.0
11812,2024-08-24,11,107,3,3.5,10.5
11813,2024-08-24,11,103,1,3.9,3.9
11814,2024-08-24,11,106,1,3.2,3.2
11815,2024-08-24,11,105,1,4.1,4.1
11816,2024-08-24,11,107,1,3.5,3.5
11817,2024-08-24,12,106,1,3.2,3.2
11818,2024-08-24,12,102,1,4.0,4.0
11819,2024-08-24,12,104,2,4.2,8.4
11820,2024-08-24,12,107,1,3.5,3.5
11821,2024-08-24,12,108,3,4.5,13.5
11822,2024-08-24,12,102,1,4.0,4.0
11823,2024-08-24,12,103,2,3.9,7.8
11824,2024-08-25,1,104,1,4.2,4.2
11825,2024-08-25,1,106,1,3.2,3.2
11826,2024-08-25,1,107,1,3.5,3.5
11827,2024-08-25,1,109,2,2.2,4.4
11828,2024-08-25,1,102,1,4.0,4.0
11829,2024-08-25,1,108,2,4.5,9.0
11830,2024-08-25,1,102,2,4.0,8.0
11831,2024-08-25,1,107,1,3.5,3.5
11832,2024-08-25,1,101,1,3.8,3.8
11833,2024-08-25,1,104,1,4.2,4.2
11834,2024-08-25,2,109,1,2.2,2.2
11835,2024-08-25,2,105,2,4.1,8.2
11836,2024-08-25,2,103,1,3.9,3.9
11837,2024-08-25,2,106,2,3.2,6.4
11838,2024-08-25,2,106,1,3.2,3.2
11839,2024-08-25,2,108,1,4.5,4.5
11840,2024-08-25,2,107,2,3.5,7.0
11841,2024-08-25,2,107,1,3.5,3.5
11842,2024-08-25,2,105,1,4.1,4.1
11843,2024-08-25,3,106,1,3.2,3.2
11844,2024-08-25,3,104,1,4.2,4.2
11845,2024-08-25,3,101,2,3.8,7.6
11846,2024-08-25,3,101,1,3.8,3.8
11847,2024-08-25,3,101,2,3.8,7.6
11848,2024-08-25,3,101,1,3.8,3.8
11849,2024-08-25,3,102,1,4.0,4.0
11850,2024-08-25,3,109,1,2.2,2.2
11851,2024-08-25,4,103,1,3.9,3.9
11852,2024-08-25,4,108,3,4.5,13.5
11853,2024-08-25,4,106,2,3.2,6.4
11854,2024-08-25,4,102,2,4.0,8.0
11855,2024-08-25,4,103,1,3.9,3.9
11856,2024-08-25,4,102,1,4.0,4.0
11857,2024-08-25,4,105,2,4.1,8.2
11858,2024-08-25,4,108,2,4.5,9.0
11859,2024-08-25,4,105,1,4.1,4.1
11860,2024-08-25,4,109,1,2.2,2.2
11861,2024-08-25,5,106,1,3.2,3.2
11862,2024-08-25,5,102,1,4.0,4.0
11863,2024-08-25,5,104,1,4.2,4.2
11864,2024-08-25,5,105,1,4.1,4.1
11865,2024-08-25,5,110,1,3.4,3.4
11866,2024-08-25,5,107,1,3.5,3.5
11867,2024-08-25,5,108,1,4.5,4.5
11868,2024-08-25,5,110,1,3.4,3.4
11869,2024-08-25,5,102,1,4.0,4.0
11870,2024-08-25,6,106,1,3.2,3.2
11871,2024-08-25,6,105,1,4.1,4.1
11872,2024-08-25,6,108,2,4.5,9.0
11873,2024-08-25,6,102,1,4.0,4.0
11874,2024-08-25,6,104,1,4.2,4.2
11875,2024-08-25,6,108,1,4.5,4.5
11876,2024-08-25,6,106,1,3.2,3.2
11877,2024-08-25,6,106,1,3.2,3.2
11878,2024-08-25,7,102,1,4.0,4.0
11879,2024-08-25,7,108,1,4.5,4.5
11880,2024-08-25,7,107,1,3.5,3.5
11881,2024-08-25,7,110,1,3.4,3.4
11882,2024-08-25,7,107,1,3.5,3.5
11883,2024-08-25,7,102,2,4.0,8.0
11884,2024-08-25,7,105,1,4.1,4.1
11885,2024-08-25,7,101,1,3.8,3.8
11886,2024-08-25,8,104,1,4.2,4.2
11887,2024-08-25,8,107,1,3.5,3.5
11888,2024-08-25,8,106,1,3.2,3.2
11889,2024-08-25,8,106,2,3.2,6.4
11890,2024-08-25,8,102,1,4.0,4.0
11891,2024-08-25,8,103,1,3.9,3.9
11892,2024-08-25,8,102,1,4.0,4.0
11893,2024-08-25,9,108,1,4.5,4.5
11894,2024-08-25,9,108,2,4.5,9.0
11895,2024-08-25,9,102,1,4.0,4.0
11896,2024-08-25,9,105,2,4.1,8.2
11897,2024-08-25,9,101,1,3.8,3.8
11898,2024-08-25,9,108,2,4.5,9.0
11899,2024-08-25,9,107,1,3.5,3.5
11900,2024-08-25,9,107,1,3.5,3.5
11901,2024-08-25,10,110,1,3.4,3.4
11902,2024-08-25,10,108,1,4.5,4.5
11903,2024-08-25,10,107,2,3.5,7.0
11904,2024-08-25,10,107,1,3.5,3.5
11905,2024-08-25,10,106,1,3.2,3.2
11906,2024-08-25,10,107,1,3.5,3.5
11907,2024-08-25,10,103,1,3.9,3.9
11908,2024-08-25,10,103,3,3.9,11.7
11909,2024-08-25,11,101,1,3.8,3.8
11910,2024-08-25,11,101,1,3.8,3.8
11911,2024-08-25,11,102,2,4.0,8.0
11912,2024-08-25,11,103,1,3.9,3.9
11913,2024-08-25,11,101,1,3.8,3.8
11914,2024-08-25,11,107,2,3.5,7.0
11915,2024-08-25,11,103,1,3.9,3.9
11916,2024-08-25,12,106,1,3.2,3.2
11917,2024-08-25,12,107,1,3.5,3.5
11918,2024-08-25,12,101,1,3.8,3.8
11919,2024-08-25,12,105,1,4.1,4.1
11920,2024-08-25,12,104,1,4.2,4.2
11921,2024-08-25,12,102,1,4.0,4.0
11922,2024-08-25,12,104,1,4.2,4.2
11923,2024-08-26,1,103,1,3.9,3.9
11924,2024-08-26,1,104,1,4.2,4.2
11925,2024-08-26,1,105,2,4.1,8.2
11926,2024-08-26,1,109,1,2.2,2.2
11927,2024-08-26,1,106,1,3.2,3.2
11928,2024-08-26,1,108,1,4.5,4.5
11929,2024-08-26,1,102,1,4.0,4.0
11930,2024-08-26,1,103,2,3.9,7.8
11931,2024-08-26,1,103,2,3.9,7.8
11932,2024-08-26,1,101,1,3.8,3.8
11933,2024-08-26,2,103,2,3.9,7.8
11934,2024-08-26,2,104,1,4.2,4.2
11935,2024-08-26,2,106,1,3.2,3.2
11936,2024-08-26,2,104,1,4.2,4.2
11937,2024-08-26,2,106,1,3.2,3.2
11938,2024-08-26,2,102,1,4.0,4.0
11939,2024-08-26,2,110,1,3.4,3.4
11940,2024-08-26,2,105,1,4.1,4.1
11941,2024-08-26,2,107,2,3.5,7.0
11942,2024-08-26,3,105,1,4.1,4.1
11943,2024-08-26,3,101,1,3.8,3.8
11944,2024-08-26,3,108,1,4.5,4.5
11945,2024-08-26,3,103,1,3.9,3.9
11946,2024-08-26,3,104,1,4.2,4.2
11947,2024-08-26,3,102,1,4.0,4.0
11948,2024-08-26,3,107,1,3.5,3.5
11949,2024-08-26,3,108,1,4.5,4.5
11950,2024-08-26,3,106,1,3.2,3.2
11951,2024-08-26,3,101,1,3.8,3.8
11952,2024-08-26,4,103,1,3.9,3.9
11953,2024-08-26,4,101,1,3.8,3.8
11954,2024-08-26,4,102,1,4.0,4.0
11955,2024-08-26,4,102,1,4.0,4.0
11956,2024-08-26,4,104,1,4.2,4.2
11957,2024-08-26,4,110,1,3.4,3.4
11958,2024-08-26,4,105,1,4.1,4.1
11959,2024-08-26,5,109,1,2.2,2.2
11960,2024-08-26,5,101,1,3.8,3.8
11961,2024-08-26,5,108,1,4.5,4.5
11962,2024-08-26,5,103,1,3.9,3.9
11963,2024-08-26,5,105,2,4.1,8.2
11964,2024-08-26,5,110,1,3.4,3.4
11965,2024-08-26,5,101,1,3.8,3.8
11966,2024-08-26,5,107,1,3.5,3.5
11967,2024-08-26,5,102,2,4.0,8.0
11968,2024-08-26,5,103,1,3.9,3.9
11969,2024-08-26,6,104,1,4.2,4.2
11970,2024-08-26,6,108,1,4.5,4.5
11971,2024-08-26,6,110,3,3.4,10.2
11972,2024-08-26,6,105,1,4.1,4.1
11973,2024-08-26,6,103,1,3.9,3.9
11974,2024-08-26,6,102,1,4.0,4.0
11975,2024-08-26,6,102,1,4.0,4.0
11976,2024-08-26,6,106,1,3.2,3.2
11977,2024-08-26,6,106,1,3.2,3.2
11978,2024-08-26,7,101,3,3.8,11.4
11979,2024-08-26,7,108,1,4.5,4.5
11980,2024-08-26,7,105,1,4.1,4.1
11981,2024-08-26,7,104,2,4.2,8.4
11982,2024-08-26,7,105,2,4.1,8.2
11983,2024-08-26,7,107,2,3.5,7.0
11984,2024-08-26,7,103,1,3.9,3.9
11985,2024-08-26,7,104,1,4.2,4.2
11986,2024-08-26,7,106,1,3.2,3.2
11987,2024-08-26,8,107,2,3.5,7.0
11988,2024-08-26,8,108,1,4.5,4.5
11989,2024-08-26,8,103,1,3.9,3.9
11990,2024-08-26,8,102,2,4.0,8.0
11991,2024-08-26,8,103,1,3.9,3.9
11992,2024-08-26,8,102,1,4.0,4.0
11993,2024-08-26,8,102,1,4.0,4.0
11994,2024-08-26,8,106,1,3.2,3.2
11995,2024-08-26,9,108,1,4.5,4.5
11996,2024-08-26,9,107,1,3.5,3.5
11997,2024-08-26,9,107,1,3.5,3.5
11998,2024-08-26,9,108,1,4.5,4.5
11999,2024-08-26,9,109,2,2.2,4.4
12000,2024-08-26,9,107,1,3.5,3.5
12001,2024-08-26,9,107,2,3.5,7.0
12002,2024-08-26,9,109,1,2.2,2.2
12003,2024-08-26,10,104,1,4.2,4.2
12004,2024-08-26,10,106,1,3.2,3.2
12005,2024-08-26,10,105,1,4.1,4.1
12006,2024-08-26,10,102,1,4.0,4.0
12007,2024-08-26,10,110,3,3.4,10.2
12008,2024-08-26,10,107,2,3.5,7.0
12009,2024-08-26,10,102,1,4.0,4.0
12010,2024-08-26,10,103,2,3.9,7.8
12011,2024-08-26,10,103,1,3.9,3.9
12012,2024-08-26,10,106,1,3.2,3.2
12013,2024-08-26,11,104,1,4.2,4.2
12014,2024-08-26,11,102,2,4.0,8.0
12015,2024-08-26,11,105,1,4.1,4.1
12016,2024-08-26,11,104,1,4.2,4.2
12017,2024-08-26,11,103,1,3.9,3.9
12018,2024-08-26,11,108,2,4.5,9.0
12019,2024-08-26,11,108,2,4.5,9.0
12020,2024-08-26,11,108,1,4.5,4.5
12021,2024-08-26,11,105,1,4.1,4.1
12022,2024-08-26,12,106,1,3.2,3.2
12023,2024-08-26,12,103,1,3.9,3.9
12024,2024-08-26,12,107,1,3.5,3.5
12025,2024-08-26,12,106,1,3.2,3.2
12026,2024-08-26,12,103,1,3.9,3.9
12027,2024-08-26,12,104,1,4.2,4.2
12028,2024-08-26,12,109,1,2.2,2.2
12029,2024-08-27,1,108,2,4.5,9.0
12030,2024-08-27,1,102,1,4.0,4.0
12031,2024-08-27,1,103,1,3.9,3.9
12032,2024-08-27,1,107,1,3.5,3.5
12033,2024-08-27,1,109,2,2.2,4.4
12034,2024-08-27,1,105,1,4.1,4.1
12035,2024-08-27,1,105,2,4.1,8.2
12036,2024-08-27,1,101,1,3.8,3.8
12037,2024-08-27,1,102,1,4.0,4.0
12038,2024-08-27,1,107,1,3.5,3.5
12039,2024-08-27,2,107,1,3.5,3.5
12040,2024-08-27,2,107,2,3.5,7.0
12041,2024-08-27,2,102,2,4.0,8.0
12042,2024-08-27,2,108,1,4.5,4.5
12043,2024-08-27,2,106,1,3.2,3.2
12044,2024-08-27,2,101,1,3.8,3.8
12045,2024-08-27,2,105,1,4.1,4.1
12046,2024-08-27,2,107,1,3.5,3.5
12047,2024-08-27,2,106,1,3.2,3.2
12048,2024-08-27,2,102,2,4.0,8.0
12049,2024-08-27,3,103,1,3.9,3.9
12050,2024-08-27,3,101,2,3.8,7.6
12051,2024-08-27,3,105,2,4.1,8.2
12052,2024-08-27,3,108,1,4.5,4.5
12053,2024-08-27,3,105,3,4.1,12.3
12054,2024-08-27,3,108,1,4.5,4.5
12055,2024-08-27,3,109,1,2.2,2.2
12056,2024-08-27,4,106,1,3.2,3.2
12057,2024-08-27,4,102,2,4.0,8.0
12058,2024-08-27,4,101,1,3.8,3.8
12059,2024-08-27,4,105,1,4.1,4.1
12060,2024-08-27,4,108,1,4.5,4.5
12061,2024-08-27,4,101,1,3.8,3.8
12062,2024-08-27,4,102,1,4.0,4.0
12063,2024-08-27,5,101,1,3.8,3.8
12064,2024-08-27,5,108,1,4.5,4.5
12065,2024-08-27,5,103,1,3.9,3.9
12066,2024-08-27,5,109,2,2.2,4.4
12067,2024-08-27,5,104,1,4.2,4.2
12068,2024-08-27,5,108,1,4.5,4.5
12069,2024-08-27,5,106,1,3.2,3.2
12070,2024-08-27,5,106,2,3.2,6.4
12071,2024-08-27,5,105,1,4.1,4.1
12072,2024-08-27,6,107,1,3.5,3.5
12073,2024-08-27,6,108,1,4.5,4.5
12074,2024-08-27,6,105,1,4.1,4.1
12075,2024-08-27,6,104,1,4.2,4.2
12076,2024-08-27,6,107,1,3.5,3.5
12077,2024-08-27,6,103,1,3.9,3.9
12078,2024-08-27,6,104,1,4.2,4.2
12079,2024-08-27,7,108,3,4.5,13.5
12080,2024-08-27,7,103,2,3.9,7.8
12081,2024-08-27,7,109,1,2.2,2.2
12082,2024-08-27,7,102,1,4.0,4.0
12083,2024-08-27,7,104,1,4.2,4.2
12084,2024-08-27,7,107,2,3.5,7.0
12085,2024-08-27,7,105,1,4.1,4.1
12086,2024-08-27,7,109,3,2.2,6.6
12087,2024-08-27,8,103,1,3.9,3.9
12088,2024-08-27,8,108,2,4.5,9.0
12089,2024-08-27,8,106,2,3.2,6.4
12090,2024-08-27,8,110,1,3.4,3.4
12091,2024-08-27,8,102,1,4.0,4.0
12092,2024-08-27,8,107,1,3.5,3.5
12093,2024-08-27,8,102,2,4.0,8.0
12094,2024-08-27,8,110,1,3.4,3.4
12095,2024-08-27,8,108,1,4.5,4.5
12096,2024-08-27,8,105,1,4.1,4.1
12097,2024-08-27,9,108,2,4.5,9.0
12098,2024-08-27,9,108,1,4.5,4.5
12099,2024-08-27,9,105,1,4.1,4.1
12100,2024-08-27,9,101,1,3.8,3.8
12101,2024-08-27,9,108,2,4.5,9.0
12102,2024-08-27,9,104,1,4.2,4.2
12103,2024-08-27,9,101,1,3.8,3.8
12104,2024-08-27,10,103,1,3.9,3.9
12105,2024-08-27,10,104,1,4.2,4.2
12106,2024-08-27,10,101,1,3.8,3.8
12107,2024-08-27,10,107,1,3.5,3.5
12108,2024-08-27,10,110,1,3.4,3.4
12109,2024-08-27,10,106,2,3.2,6.4
12110,2024-08-27,10,109,1,2.2,2.2
12111,2024-08-27,10,104,1,4.2,4.2
12112,2024-08-27,10,108,1,4.5,4.5
12113,2024-08-27,11,107,3,3.5,10.5
12114,2024-08-27,11,104,1,4.2,4.2
12115,2024-08-27,11,105,2,4.1,8.2
12116,2024-08-27,11,105,1,4.1,4.1
12117,2024-08-27,11,105,1,4.1,4.1
12118,2024-08-27,11,108,1,4.5,4.5
12119,2024-08-27,11,105,1,4.1,4.1
12120,2024-08-27,11,101,1,3.8,3.8
12121,2024-08-27,11,104,1,4.2,4.2
12122,2024-08-27,11,105,1,4.1,4.1
12123,2024-08-27,12,102,1,4.0,4.0
12124,2024-08-27,12,103,3,3.9,11.7
12125,2024-08-27,12,102,2,4.0,8.0
12126,2024-08-27,12,107,1,3.5,3.5
12127,2024-08-27,12,103,1,3.9,3.9
12128,2024-08-27,12,105,1,4.1,4.1
12129,2024-08-27,12,101,1,3.8,3.8
12130,2024-08-27,12,109,3,2.2,6.6
12131,2024-08-28,1,105,1,4.1,4.1
12132,2024-08-28,1,102,2,4.0,8.0
12133,2024-08-28,1,108,1,4.5,4.5
12134,2024-08-28,1,101,1,3.8,3.8
12135,2024-08-28,1,107,1,3.5,3.5
12136,2024-08-28,1,108,2,4.5,9.0
12137,2024-08-28,1,106,1,3.2,3.2
12138,2024-08-28,1,103,1,3.9,3.9
12139,2024-08-28,2,105,1,4.1,4.1
12140,2024-08-28,2,104,1,4.2,4.2
12141,2024-08-28,2,107,1,3.5,3.5
12142,2024-08-28,2,104,2,4.2,8.4
12143,2024-08-28,2,106,1,3.2,3.2
12144,2024-08-28,2,101,1,3.8,3.8
12145,2024-08-28,2,105,1,4.1,4.1
12146,2024-08-28,3,101,3,3.8,11.4
12147,2024-08-28,3,104,2,4.2,8.4
12148,2024-08-28,3,105,1,4.1,4.1
12149,2024-08-28,3,107,1,3.5,3.5
12150,2024-08-28,3,103,1,3.9,3.9
12151,2024-08-28,3,102,1,4.0,4.0
12152,2024-08-28,3,106,1,3.2,3.2
12153,2024-08-28,3,103,1,3.9,3.9
12154,2024-08-28,4,102,1,4.0,4.0
12155,2024-08-28,4,108,1,4.5,4.5
12156,2024-08-28,4,106,1,3.2,3.2
12157,2024-08-28,4,105,1,4.1,4.1
12158,2024-08-28,4,110,2,3.4,6.8
12159,2024-08-28,4,103,1,3.9,3.9
12160,2024-08-28,4,103,1,3.9,3.9
12161,2024-08-28,4,109,2,2.2,4.4
12162,2024-08-28,5,101,1,3.8,3.8
12163,2024-08-28,5,107,1,3.5,3.5
12164,2024-08-28,5,105,1,4.1,4.1
12165,2024-08-28,5,106,1,3.2,3.2
12166,2024-08-28,5,101,1,3.8,3.8
12167,2024-08-28,5,103,1,3.9,3.9
12168,2024-08-28,5,108,2,4.5,9.0
12169,2024-08-28,5,106,1,3.2,3.2
12170,2024-08-28,5,104,2,4.2,8.4
12171,2024-08-28,6,102,1,4.0,4.0
12172,2024-08-28,6,106,1,3.2,3.2
12173,2024-08-28,6,106,1,3.2,3.2
12174,2024-08-28,6,105,1,4.1,4.1
12175,2024-08-28,6,105,1,4.1,4.1
12176,2024-08-28,6,104,1,4.2,4.2
12177,2024-08-28,6,109,2,2.2,4.4
12178,2024-08-28,6,106,2,3.2,6.4
12179,2024-08-28,6,105,1,4.1,4.1
12180,2024-08-28,6,104,1,4.2,4.2
12181,2024-08-28,7,101,1,3.8,3.8
12182,2024-08-28,7,102,1,4.0,4.0
12183,2024-08-28,7,104,1,4.2,4.2
12184,2024-08-28,7,108,2,4.5,9.0
12185,2024-08-28,7,105,2,4.1,8.2
12186,2024-08-28,7,104,2,4.2,8.4
12187,2024-08-28,7,102,1,4.0,4.0
12188,2024-08-28,7,102,1,4.0,4.0
12189,2024-08-28,8,102,1,4.0,4.0
12190,2024-08-28,8,102,1,4.0,4.0
12191,2024-08-28,8,110,1,3.4,3.4
12192,2024-08-28,8,109,3,2.2,6.6
12193,2024-08-28,8,103,1,3.9,3.9
12194,2024-08-28,8,108,1,4.5,4.5
12195,2024-08-28,8,101,2,3.8,7.6
12196,2024-08-28,8,104,2,4.2,8.4
12197,2024-08-28,8,101,1,3.8,3.8
12198,2024-08-28,9,104,2,4.2,8.4
12199,2024-08-28,9,105,1,4.1,4.1
12200,2024-08-28,9,105,1,4.1,4.1
12201,2024-08-28,9,104,1,4.2,4.2
12202,2024-08-28,9,102,2,4.0,8.0
12203,2024-08-28,9,108,1,4.5,4.5
12204,2024-08-28,9,106,1,3.2,3.2
12205,2024-08-28,9,101,2,3.8,7.6
12206,2024-08-28,9,102,1,4.0,4.0
12207,2024-08-28,9,102,1,4.0,4.0
12208,2024-08-28,10,103,1,3.9,3.9
12209,2024-08-28,10,107,1,3.5,3.5
12210,2024-08-28,10,106,2,3.2,6.4
12211,2024-08-28,10,106,1,3.2,3.2
12212,2024-08-28,10,110,1,3.4,3.4
12213,2024-08-28,10,107,1,3.5,3.5
12214,2024-08-28,10,102,1,4.0,4.0
12215,2024-08-28,10,108,1,4.5,4.5
12216,2024-08-28,10,103,1,3.9,3.9
12217,2024-08-28,10,106,3,3.2,9.6
12218,2024-08-28,11,105,1,4.1,4.1
12219,2024-08-28,11,105,2,4.1,8.2
12220,2024-08-28,11,108,1,4.5,4.5
12221,2024-08-28,11,108,2,4.5,9.0
12222,2024-08-28,11,110,1,3.4,3.4
12223,2024-08-28,11,106,3,3.2,9.6
12224,2024-08-28,11,110,1,3.4,3.4
12225,2024-08-28,11,107,1,3.5,3.5
12226,2024-08-28,12,105,2,4.1,8.2
12227,2024-08-28,12,107,1,3.5,3.5
12228,2024-08-28,12,106,2,3.2,6.4
12229,2024-08-28,12,106,1,3.2,3.2
12230,2024-08-28,12,107,1,3.5,3.5
12231,2024-08-28,12,106,2,3.2,6.4
12232,2024-08-28,12,106,1,3.2,3.2
12233,2024-08-28,12,107,1,3.5,3.5
12234,2024-08-28,12,103,1,3.9,3.9
12235,2024-08-29,1,110,1,3.4,3.4
12236,2024-08-29,1,104,2,4.2,8.4
12237,2024-08-29,1,107,1,3.5,3.5
12238,2024-08-29,1,104,1,4.2,4.2
12239,2024-08-29,1,106,2,3.2,6.4
12240,2024-08-29,1,101,1,3.8,3.8
12241,2024-08-29,1,109,1,2.2,2.2
12242,2024-08-29,2,105,1,4.1,4.1
12243,2024-08-29,2,106,1,3.2,3.2
12244,2024-08-29,2,105,1,4.1,4.1
12245,2024-08-29,2,103,1,3.9,3.9
12246,2024-08-29,2,104,1,4.2,4.2
12247,2024-08-29,2,103,2,3.9,7.8
12248,2024-08-29,2,102,1,4.0,4.0
12249,2024-08-29,2,105,1,4.1,4.1
12250,2024-08-29,2,109,1,2.2,2.2
12251,2024-08-29,2,104,1,4.2,4.2
12252,2024-08-29,3,108,1,4.5,4.5
12253,2024-08-29,3,105,1,4.1,4.1
12254,2024-08-29,3,109,1,2.2,2.2
12255,2024-08-29,3,101,1,3.8,3.8
12256,2024-08-29,3,107,1,3.5,3.5
12257,2024-08-29,3,101,1,3.8,3.8
12258,2024-08-29,3,109,1,2.2,2.2
12259,2024-08-29,3,101,1,3.8,3.8
12260,2024-08-29,4,101,1,3.8,3.8
12261,2024-08-29,4,108,1,4.5,4.5
12262,2024-08-29,4,108,1,4.5,4.5
12263,2024-08-29,4,106,1,3.2,3.2
12264,2024-08-29,4,106,2,3.2,6.4
12265,2024-08-29,4,106,2,3.2,6.4
12266,2024-08-29,4,103,1,3.9,3.9
12267,2024-08-29,4,105,1,4.1,4.1
12268,2024-08-29,4,109,1,2.2,2.2
12269,2024-08-29,4,105,1,4.1,4.1
12270,2024-08-29,5,108,1,4.5,4.5
12271,2024-08-29,5,105,1,4.1,4.1
12272,2024-08-29,5,107,1,3.5,3.5
12273,2024-08-29,5,108,1,4.5,4.5
12274,2024-08-29,5,102,1,4.0,4.0
12275,2024-08-29,5,105,1,4.1,4.1
12276,2024-08-29,5,106,1,3.2,3.2
12277,2024-08-29,5,104,1,4.2,4.2
12278,2024-08-29,5,108,1,4.5,4.5
12279,2024-08-29,6,107,1,3.5,3.5
12280,2024-08-29,6,108,1,4.5,4.5
12281,2024-08-29,6,107,2,3.5,7.0
12282,2024-08-29,6,102,1,4.0,4.0
12283,2024-08-29,6,110,1,3.4,3.4
12284,2024-08-29,6,105,1,4.1,4.1
12285,2024-08-29,6,104,2,4.2,8.4
12286,2024-08-29,6,101,1,3.8,3.8
12287,2024-08-29,6,101,2,3.8,7.6
12288,2024-08-29,7,101,2,3.8,7.6
12289,2024-08-29,7,107,1,3.5,3.5
12290,2024-08-29,7,101,1,3.8,3.8
12291,2024-08-29,7,108,2,4.5,9.0
12292,2024-08-29,7,106,1,3.2,3.2
12293,2024-08-29,7,104,1,4.2,4.2
12294,2024-08-29,7,107,1,3.5,3.5
12295,2024-08-29,7,107,1,3.5,3.5
12296,2024-08-29,7,103,1,3.9,3.9
12297,2024-08-29,8,106,1,3.2,3.2
12298,2024-08-29,8,102,1,4.0,4.0
12299,2024-08-29,8,102,1,4.0,4.0
12300,2024-08-29,8,103,2,3.9,7.8
12301,2024-08-29,8,108,1,4.5,4.5
12302,2024-08-29,8,108,1,4.5,4.5
12303,2024-08-29,8,101,1,3.8,3.8
12304,2024-08-29,8,108,1,4.5,4.5
12305,2024-08-29,9,103,2,3.9,7.8
12306,2024-08-29,9,106,1,3.2,3.2
12307,2024-08-29,9,105,1,4.1,4.1
12308,2024-08-29,9,101,1,3.8,3.8
12309,2024-08-29,9,105,3,4.1,12.3
12310,2024-08-29,9,106,1,3.2,3.2
12311,2024-08-29,9,103,1,3.9,3.9
12312,2024-08-29,9,108,1,4.5,4.5
12313,2024-08-29,10,101,2,3.8,7.6
12314,2024-08-29,10,106,1,3.2,3.2
12315,2024-08-29,10,106,1,3.2,3.2
12316,2024-08-29,10,106,2,3.2,6.4
12317,2024-08-29,10,101,1,3.8,3.8
12318,2024-08-29,10,101,2,3.8,7.6
12319,2024-08-29,10,109,1,2.2,2.2
12320,2024-08-29,10,105,1,4.1,4.1
12321,2024-08-29,10,107,1,3.5,3.5
12322,2024-08-29,11,106,1,3.2,3.2
12323,2024-08-29,11,110,1,3.4,3.4
12324,2024-08-29,11,107,1,3.5,3.5
12325,2024-08-29,11,106,1,3.2,3.2
12326,2024-08-29,11,102,2,4.0,8.0
12327,2024-08-29,11,101,2,3.8,7.6
12328,2024-08-29,11,103,1,3.9,3.9
12329,2024-08-29,11,104,1,4.2,4.2
12330,2024-08-29,11,102,1,4.0,4.0
12331,2024-08-29,12,110,1,3.4,3.4
12332,2024-08-29,12,103,1,3.9,3.9
12333,2024-08-29,12,102,1,4.0,4.0
12334,2024-08-29,12,108,1,4.5,4.5
12335,2024-08-29,12,101,1,3.8,3.8
12336,2024-08-29,12,103,1,3.9,3.9
12337,2024-08-29,12,102,1,4.0,4.0
12338,2024-08-29,12,105,2,4.1,8.2
12339,2024-08-30,1,102,2,4.0,8.0
12340,2024-08-30,1,105,1,4.1,4.1
12341,2024-08-30,1,104,1,4.2,4.2
12342,2024-08-30,1,102,1,4.0,4.0
12343,2024-08-30,1,107,1,3.5,3.5
12344,2024-08-30,1,103,1,3.9,3.9
12345,2024-08-30,1,102,1,4.0,4.0
12346,2024-08-30,1,103,1,3.9,3.9
12347,2024-08-30,1,106,2,3.2,6.4
12348,2024-08-30,1,108,1,4.5,4.5
12349,2024-08-30,2,103,1,3.9,3.9
12350,2024-08-30,2,105,1,4.1,4.1
12351,2024-08-30,2,105,1,4.1,4.1
12352,2024-08-30,2,104,1,4.2,4.2
12353,2024-08-30,2,105,2,4.1,8.2
12354,2024-08-30,2,109,1,2.2,2.2
12355,2024-08-30,2,101,1,3.8,3.8
12356,2024-08-30,3,104,1,4.2,4.2
12357,2024-08-30,3,106,1,3.2,3.2
12358,2024-08-30,3,102,2,4.0,8.0
12359,2024-08-30,3,103,1,3.9,3.9
12360,2024-08-30,3,106,1,3.2,3.2
12361,2024-08-30,3,107,1,3.5,3.5
12362,2024-08-30,3,105,1,4.1,4.1
12363,2024-08-30,4,103,2,3.9,7.8
12364,2024-08-30,4,106,1,3.2,3.2
12365,2024-08-30,4,106,1,3.2,3.2
12366,2024-08-30,4,108,1,4.5,4.5
12367,2024-08-30,4,107,3,3.5,10.5
12368,2024-08-30,4,102,1,4.0,4.0
12369,2024-08-30,4,107,2,3.5,7.0
12370,2024-08-30,4,103,3,3.9,11.7
12371,2024-08-30,4,102,1,4.0,4.0
12372,2024-08-30,5,107,2,3.5,7.0
12373,2024-08-30,5,105,1,4.1,4.1
12374,2024-08-30,5,109,1,2.2,2.2
12375,2024-08-30,5,101,1,3.8,3.8
12376,2024-08-30,5,107,1,3.5,3.5
12377,2024-08-30,5,105,1,4.1,4.1
12378,2024-08-30,5,108,1,4.5,4.5
12379,2024-08-30,6,104,1,4.2,4.2
12380,2024-08-30,6,103,1,3.9,3.9
12381,2024-08-30,6,107,1,3.5,3.5
12382,2024-08-30,6,101,1,3.8,3.8
12383,2024-08-30,6,106,2,3.2,6.4
12384,2024-08-30,6,108,1,4.5,4.5
12385,2024-08-30,6,105,2,4.1,8.2
12386,2024-08-30,7,109,1,2.2,2.2
12387,2024-08-30,7,104,1,4.2,4.2
12388,2024-08-30,7,101,1,3.8,3.8
12389,2024-08-30,7,102,1,4.0,4.0
12390,2024-08-30,7,108,1,4.5,4.5
12391,2024-08-30,7,109,2,2.2,4.4
12392,2024-08-30,7,105,1,4.1,4.1
12393,2024-08-30,7,104,1,4.2,4.2
12394,2024-08-30,7,103,2,3.9,7.8
12395,2024-08-30,7,102,2,4.0,8.0
12396,2024-08-30,8,109,1,2.2,2.2
12397,2024-08-30,8,109,1,2.2,2.2
12398,2024-08-30,8,105,1,4.1,4.1
12399,2024-08-30,8,108,3,4.5,13.5
12400,2024-08-30,8,107,1,3.5,3.5
12401,2024-08-30,8,106,1,3.2,3.2
12402,2024-08-30,8,102,2,4.0,8.0
12403,2024-08-30,8,103,1,3.9,3.9
12404,2024-08-30,8,107,1,3.5,3.5
12405,2024-08-30,9,105,1,4.1,4.1
12406,2024-08-30,9,106,1,3.2,3.2
12407,2024-08-30,9,101,1,3.8,3.8
12408,2024-08-30,9,106,2,3.2,6.4
12409,2024-08-30,9,104,1,4.2,4.2
12410,2024-08-30,9,106,1,3.2,3.2
12411,2024-08-30,9,104,1,4.2,4.2
12412,2024-08-30,10,102,1,4.0,4.0
12413,2024-08-30,10,103,1,3.9,3.9
12414,2024-08-30,10,107,1,3.5,3.5
12415,2024-08-30,10,102,2,4.0,8.0
12416,2024-08-30,10,107,3,3.5,10.5
12417,2024-08-30,10,108,2,4.5,9.0
12418,2024-08-30,10,107,1,3.5,3.5
12419,2024-08-30,10,108,1,4.5,4.5
12420,2024-08-30,10,102,1,4.0,4.0
12421,2024-08-30,10,107,3,3.5,10.5
12422,2024-08-30,11,107,1,3.5,3.5
12423,2024-08-30,11,108,1,4.5,4.5
12424,2024-08-30,11,109,3,2.2,6.6
12425,2024-08-30,11,104,2,4.2,8.4
12426,2024-08-30,11,107,1,3.5,3.5
12427,2024-08-30,11,108,1,4.5,4.5
12428,2024-08-30,11,108,1,4.5,4.5
12429,2024-08-30,11,105,1,4.1,4.1
12430,2024-08-30,11,106,1,3.2,3.2
12431,2024-08-30,11,103,1,3.9,3.9
12432,2024-08-30,12,109,1,2.2,2.2
12433,2024-08-30,12,109,1,2.2,2.2
12434,2024-08-30,12,109,1,2.2,2.2
12435,2024-08-30,12,101,1,3.8,3.8
12436,2024-08-30,12,105,1,4.1,4.1
12437,2024-08-30,12,101,1,3.8,3.8
12438,2024-08-30,12,110,1,3.4,3.4
12439,2024-08-30,12,108,1,4.5,4.5
12440,2024-08-30,12,104,1,4.2,4.2
12441,2024-08-31,1,102,1,4.0,4.0
12442,2024-08-31,1,106,1,3.2,3.2
12443,2024-08-31,1,106,1,3.2,3.2
12444,2024-08-31,1,103,1,3.9,3.9
12445,2024-08-31,1,105,1,4.1,4.1
12446,2024-08-31,1,101,2,3.8,7.6
12447,2024-08-31,1,104,1,4.2,4.2
12448,2024-08-31,1,101,1,3.8,3.8
12449,2024-08-31,1,109,1,2.2,2.2
12450,2024-08-31,2,105,1,4.1,4.1
12451,2024-08-31,2,105,1,4.1,4.1
12452,2024-08-31,2,107,2,3.5,7.0
12453,2024-08-31,2,109,3,2.2,6.6
12454,2024-08-31,2,101,1,3.8,3.8
12455,2024-08-31,2,103,2,3.9,7.8
12456,2024-08-31,2,103,1,3.9,3.9
12457,2024-08-31,2,106,1,3.2,3.2
12458,2024-08-31,2,102,1,4.0,4.0
12459,2024-08-31,3,101,1,3.8,3.8
12460,2024-08-31,3,106,2,3.2,6.4
12461,2024-08-31,3,107,1,3.5,3.5
12462,2024-08-31,3,105,1,4.1,4.1
12463,2024-08-31,3,101,1,3.8,3.8
12464,2024-08-31,3,101,1,3.8,3.8
12465,2024-08-31,3,108,2,4.5,9.0
12466,2024-08-31,3,110,1,3.4,3.4
12467,2024-08-31,3,101,2,3.8,7.6
12468,2024-08-31,3,105,2,4.1,8.2
12469,2024-08-31,4,106,1,3.2,3.2
12470,2024-08-31,4,106,3,3.2,9.6
12471,2024-08-31,4,105,1,4.1,4.1
12472,2024-08-31,4,101,1,3.8,3.8
12473,2024-08-31,4,108,2,4.5,9.0
12474,2024-08-31,4,110,1,3.4,3.4
12475,2024-08-31,4,102,1,4.0,4.0
12476,2024-08-31,4,101,1,3.8,3.8
12477,2024-08-31,4,103,1,3.9,3.9
12478,2024-08-31,4,105,1,4.1,4.1
12479,2024-08-31,5,107,1,3.5,3.5
12480,2024-08-31,5,105,2,4.1,8.2
12481,2024-08-31,5,101,1,3.8,3.8
12482,2024-08-31,5,103,1,3.9,3.9
12483,2024-08-31,5,108,1,4.5,4.5
12484,2024-08-31,5,104,2,4.2,8.4
12485,2024-08-31,5,102,1,4.0,4.0
12486,2024-08-31,5,106,1,3.2,3.2
12487,2024-08-31,6,103,1,3.9,3.9
12488,2024-08-31,6,106,1,3.2,3.2
12489,2024-08-31,6,105,1,4.1,4.1
12490,2024-08-31,6,104,1,4.2,4.2
12491,2024-08-31,6,105,1,4.1,4.1
12492,2024-08-31,6,106,1,3.2,3.2
12493,2024-08-31,6,102,2,4.0,8.0
12494,2024-08-31,7,104,1,4.2,4.2
12495,2024-08-31,7,107,1,3.5,3.5
12496,2024-08-31,7,101,2,3.8,7.6
12497,2024-08-31,7,104,1,4.2,4.2
12498,2024-08-31,7,106,1,3.2,3.2
12499,2024-08-31,7,110,2,3.4,6.8
12500,2024-08-31,7,101,1,3.8,3.8
12501,2024-08-31,7,107,2,3.5,7.0
12502,2024-08-31,7,106,1,3.2,3.2
12503,2024-08-31,8,109,1,2.2,2.2
12504,2024-08-31,8,104,1,4.2,4.2
12505,2024-08-31,8,106,1,3.2,3.2
12506,2024-08-31,8,104,2,4.2,8.4
12507,2024-08-31,8,108,1,4.5,4.5
12508,2024-08-31,8,105,1,4.1,4.1
12509,2024-08-31,8,108,1,4.5,4.5
12510,2024-08-31,9,107,1,3.5,3.5
12511,2024-08-31,9,104,1,4.2,4.2
12512,2024-08-31,9,101,1,3.8,3.8
12513,2024-08-31,9,104,1,4.2,4.2
12514,2024-08-31,9,108,1,4.5,4.5
12515,2024-08-31,9,101,1,3.8,3.8
12516,2024-08-31,9,101,1,3.8,3.8
12517,2024-08-31,10,108,1,4.5,4.5
12518,2024-08-31,10,106,1,3.2,3.2
12519,2024-08-31,10,109,1,2.2,2.2
12520,2024-08-31,10,108,2,4.5,9.0
12521,2024-08-31,10,104,1,4.2,4.2
12522,2024-08-31,10,109,3,2.2,6.6
12523,2024-08-31,10,103,1,3.9,3.9
12524,2024-08-31,11,104,3,4.2,12.6
12525,2024-08-31,11,102,2,4.0,8.0
12526,2024-08-31,11,110,2,3.4,6.8
12527,2024-08-31,11,101,1,3.8,3.8
12528,2024-08-31,11,108,1,4.5,4.5
12529,2024-08-31,11,104,1,4.2,4.2
12530,2024-08-31,11,102,2,4.0,8.0
12531,2024-08-31,11,103,2,3.9,7.8
12532,2024-08-31,11,107,1,3.5,3.5
12533,2024-08-31,12,106,1,3.2,3.2
12534,2024-08-31,12,106,1,3.2,3.2
12535,2024-08-31,12,103,2,3.9,7.8
12536,2024-08-31,12,107,1,3.5,3.5
12537,2024-08-31,12,107,1,3.5,3.5
12538,2024-08-31,12,107,1,3.5,3.5
12539,2024-08-31,12,104,1,4.2,4.2
12540,2024-08-31,12,103,1,3.9,3.9
12541,2024-08-31,12,107,1,3.5,3.5
